dataset,case_id,comparison,model_a,model_b,value_a,value_b,checkpoint_a,checkpoint_b,main_model,comparator,metric,main_value,comparator_value,paired_difference
Internal,liver_100,MedNeXt_MLA_MoE vs MedNeXt,MedNeXt_MLA_MoE,MedNeXt,0.9160431662430393,0.9224257873819229,/home/PuMengYu/8T/nnUNet_result/results_v2_moe_retrain_after_fix_20260907/Dataset003_Liver/nnUNetTrainer_MedNeXt_MLA_MoE__nnUNetPlans__3d_fullres/fold_0/checkpoint_best.pth,/home/PuMengYu/nnUNet_workspace/results_v2/Dataset003_Liver/nnUNetTrainer_MedNeXt__nnUNetPlans__3d_fullres/fold_0/checkpoint_best.pth,MedNeXt_MLA_MoE,MedNeXt,tumor_dice,0.9160431662430393,0.9224257873819229,-0.0063826211388836596
Internal,liver_101,MedNeXt_MLA_MoE vs MedNeXt,MedNeXt_MLA_MoE,MedNeXt,0.8247868450859076,0.8994026284348865,/home/PuMengYu/8T/nnUNet_result/results_v2_moe_retrain_after_fix_20260907/Dataset003_Liver/nnUNetTrainer_MedNeXt_MLA_MoE__nnUNetPlans__3d_fullres/fold_0/checkpoint_best.pth,/home/PuMengYu/nnUNet_workspace/results_v2/Dataset003_Liver/nnUNetTrainer_MedNeXt__nnUNetPlans__3d_fullres/fold_0/checkpoint_best.pth,MedNeXt_MLA_MoE,MedNeXt,tumor_dice,0.8247868450859076,0.8994026284348865,-0.07461578334897889
Internal,liver_11,MedNeXt_MLA_MoE vs MedNeXt,MedNeXt_MLA_MoE,MedNeXt,0.748028539241457,0.8026803225103508,/home/PuMengYu/8T/nnUNet_result/results_v2_moe_retrain_after_fix_20260907/Dataset003_Liver/nnUNetTrainer_MedNeXt_MLA_MoE__nnUNetPlans__3d_fullres/fold_0/checkpoint_best.pth,/home/PuMengYu/nnUNet_workspace/results_v2/Dataset003_Liver/nnUNetTrainer_MedNeXt__nnUNetPlans__3d_fullres/fold_0/checkpoint_best.pth,MedNeXt_MLA_MoE,MedNeXt,tumor_dice,0.748028539241457,0.8026803225103508,-0.05465178326889386
Internal,liver_111,MedNeXt_MLA_MoE vs MedNeXt,MedNeXt_MLA_MoE,MedNeXt,0.6851053032225324,0.6895837379426426,/home/PuMengYu/8T/nnUNet_result/results_v2_moe_retrain_after_fix_20260907/Dataset003_Liver/nnUNetTrainer_MedNeXt_MLA_MoE__nnUNetPlans__3d_fullres/fold_0/checkpoint_best.pth,/home/PuMengYu/nnUNet_workspace/results_v2/Dataset003_Liver/nnUNetTrainer_MedNeXt__nnUNetPlans__3d_fullres/fold_0/checkpoint_best.pth,MedNeXt_MLA_MoE,MedNeXt,tumor_dice,0.6851053032225324,0.6895837379426426,-0.004478434720110225
Internal,liver_112,MedNeXt_MLA_MoE vs MedNeXt,MedNeXt_MLA_MoE,MedNeXt,0.5840188014101058,0.5754550792718731,/home/PuMengYu/8T/nnUNet_result/results_v2_moe_retrain_after_fix_20260907/Dataset003_Liver/nnUNetTrainer_MedNeXt_MLA_MoE__nnUNetPlans__3d_fullres/fold_0/checkpoint_best.pth,/home/PuMengYu/nnUNet_workspace/results_v2/Dataset003_Liver/nnUNetTrainer_MedNeXt__nnUNetPlans__3d_fullres/fold_0/checkpoint_best.pth,MedNeXt_MLA_MoE,MedNeXt,tumor_dice,0.5840188014101058,0.5754550792718731,0.008563722138232643
Internal,liver_117,MedNeXt_MLA_MoE vs MedNeXt,MedNeXt_MLA_MoE,MedNeXt,0.8875582612763723,0.8874773209879644,/home/PuMengYu/8T/nnUNet_result/results_v2_moe_retrain_after_fix_20260907/Dataset003_Liver/nnUNetTrainer_MedNeXt_MLA_MoE__nnUNetPlans__3d_fullres/fold_0/checkpoint_best.pth,/home/PuMengYu/nnUNet_workspace/results_v2/Dataset003_Liver/nnUNetTrainer_MedNeXt__nnUNetPlans__3d_fullres/fold_0/checkpoint_best.pth,MedNeXt_MLA_MoE,MedNeXt,tumor_dice,0.8875582612763723,0.8874773209879644,8.094028840788248e-05
Internal,liver_127,MedNeXt_MLA_MoE vs MedNeXt,MedNeXt_MLA_MoE,MedNeXt,0.15479876160990713,0.18507462686567164,/home/PuMengYu/8T/nnUNet_result/results_v2_moe_retrain_after_fix_20260907/Dataset003_Liver/nnUNetTrainer_MedNeXt_MLA_MoE__nnUNetPlans__3d_fullres/fold_0/checkpoint_best.pth,/home/PuMengYu/nnUNet_workspace/results_v2/Dataset003_Liver/nnUNetTrainer_MedNeXt__nnUNetPlans__3d_fullres/fold_0/checkpoint_best.pth,MedNeXt_MLA_MoE,MedNeXt,tumor_dice,0.15479876160990713,0.18507462686567164,-0.030275865255764506
Internal,liver_128,MedNeXt_MLA_MoE vs MedNeXt,MedNeXt_MLA_MoE,MedNeXt,0.7613363354419572,0.7565928497922182,/home/PuMengYu/8T/nnUNet_result/results_v2_moe_retrain_after_fix_20260907/Dataset003_Liver/nnUNetTrainer_MedNeXt_MLA_MoE__nnUNetPlans__3d_fullres/fold_0/checkpoint_best.pth,/home/PuMengYu/nnUNet_workspace/results_v2/Dataset003_Liver/nnUNetTrainer_MedNeXt__nnUNetPlans__3d_fullres/fold_0/checkpoint_best.pth,MedNeXt_MLA_MoE,MedNeXt,tumor_dice,0.7613363354419572,0.7565928497922182,0.004743485649739032
Internal,liver_129,MedNeXt_MLA_MoE vs MedNeXt,MedNeXt_MLA_MoE,MedNeXt,0.9342969100399326,0.9263115587641564,/home/PuMengYu/8T/nnUNet_result/results_v2_moe_retrain_after_fix_20260907/Dataset003_Liver/nnUNetTrainer_MedNeXt_MLA_MoE__nnUNetPlans__3d_fullres/fold_0/checkpoint_best.pth,/home/PuMengYu/nnUNet_workspace/results_v2/Dataset003_Liver/nnUNetTrainer_MedNeXt__nnUNetPlans__3d_fullres/fold_0/checkpoint_best.pth,MedNeXt_MLA_MoE,MedNeXt,tumor_dice,0.9342969100399326,0.9263115587641564,0.007985351275776265
Internal,liver_130,MedNeXt_MLA_MoE vs MedNeXt,MedNeXt_MLA_MoE,MedNeXt,0.6602120135374111,0.794032553470657,/home/PuMengYu/8T/nnUNet_result/results_v2_moe_retrain_after_fix_20260907/Dataset003_Liver/nnUNetTrainer_MedNeXt_MLA_MoE__nnUNetPlans__3d_fullres/fold_0/checkpoint_best.pth,/home/PuMengYu/nnUNet_workspace/results_v2/Dataset003_Liver/nnUNetTrainer_MedNeXt__nnUNetPlans__3d_fullres/fold_0/checkpoint_best.pth,MedNeXt_MLA_MoE,MedNeXt,tumor_dice,0.6602120135374111,0.794032553470657,-0.13382053993324594
Internal,liver_17,MedNeXt_MLA_MoE vs MedNeXt,MedNeXt_MLA_MoE,MedNeXt,0.8718387502903032,0.8759704366188436,/home/PuMengYu/8T/nnUNet_result/results_v2_moe_retrain_after_fix_20260907/Dataset003_Liver/nnUNetTrainer_MedNeXt_MLA_MoE__nnUNetPlans__3d_fullres/fold_0/checkpoint_best.pth,/home/PuMengYu/nnUNet_workspace/results_v2/Dataset003_Liver/nnUNetTrainer_MedNeXt__nnUNetPlans__3d_fullres/fold_0/checkpoint_best.pth,MedNeXt_MLA_MoE,MedNeXt,tumor_dice,0.8718387502903032,0.8759704366188436,-0.004131686328540329
Internal,liver_36,MedNeXt_MLA_MoE vs MedNeXt,MedNeXt_MLA_MoE,MedNeXt,0.8317508545385491,0.8556459360789086,/home/PuMengYu/8T/nnUNet_result/results_v2_moe_retrain_after_fix_20260907/Dataset003_Liver/nnUNetTrainer_MedNeXt_MLA_MoE__nnUNetPlans__3d_fullres/fold_0/checkpoint_best.pth,/home/PuMengYu/nnUNet_workspace/results_v2/Dataset003_Liver/nnUNetTrainer_MedNeXt__nnUNetPlans__3d_fullres/fold_0/checkpoint_best.pth,MedNeXt_MLA_MoE,MedNeXt,tumor_dice,0.8317508545385491,0.8556459360789086,-0.023895081540359464
Internal,liver_48,MedNeXt_MLA_MoE vs MedNeXt,MedNeXt_MLA_MoE,MedNeXt,0.8475908919360926,0.854211979576411,/home/PuMengYu/8T/nnUNet_result/results_v2_moe_retrain_after_fix_20260907/Dataset003_Liver/nnUNetTrainer_MedNeXt_MLA_MoE__nnUNetPlans__3d_fullres/fold_0/checkpoint_best.pth,/home/PuMengYu/nnUNet_workspace/results_v2/Dataset003_Liver/nnUNetTrainer_MedNeXt__nnUNetPlans__3d_fullres/fold_0/checkpoint_best.pth,MedNeXt_MLA_MoE,MedNeXt,tumor_dice,0.8475908919360926,0.854211979576411,-0.006621087640318435
Internal,liver_52,MedNeXt_MLA_MoE vs MedNeXt,MedNeXt_MLA_MoE,MedNeXt,0.7516218164344065,0.7604081230930744,/home/PuMengYu/8T/nnUNet_result/results_v2_moe_retrain_after_fix_20260907/Dataset003_Liver/nnUNetTrainer_MedNeXt_MLA_MoE__nnUNetPlans__3d_fullres/fold_0/checkpoint_best.pth,/home/PuMengYu/nnUNet_workspace/results_v2/Dataset003_Liver/nnUNetTrainer_MedNeXt__nnUNetPlans__3d_fullres/fold_0/checkpoint_best.pth,MedNeXt_MLA_MoE,MedNeXt,tumor_dice,0.7516218164344065,0.7604081230930744,-0.008786306658667864
Internal,liver_58,MedNeXt_MLA_MoE vs MedNeXt,MedNeXt_MLA_MoE,MedNeXt,0.608735632183908,0.5069266290405336,/home/PuMengYu/8T/nnUNet_result/results_v2_moe_retrain_after_fix_20260907/Dataset003_Liver/nnUNetTrainer_MedNeXt_MLA_MoE__nnUNetPlans__3d_fullres/fold_0/checkpoint_best.pth,/home/PuMengYu/nnUNet_workspace/results_v2/Dataset003_Liver/nnUNetTrainer_MedNeXt__nnUNetPlans__3d_fullres/fold_0/checkpoint_best.pth,MedNeXt_MLA_MoE,MedNeXt,tumor_dice,0.608735632183908,0.5069266290405336,0.10180900314337438
Internal,liver_6,MedNeXt_MLA_MoE vs MedNeXt,MedNeXt_MLA_MoE,MedNeXt,0.8654048054713982,0.8644898326165465,/home/PuMengYu/8T/nnUNet_result/results_v2_moe_retrain_after_fix_20260907/Dataset003_Liver/nnUNetTrainer_MedNeXt_MLA_MoE__nnUNetPlans__3d_fullres/fold_0/checkpoint_best.pth,/home/PuMengYu/nnUNet_workspace/results_v2/Dataset003_Liver/nnUNetTrainer_MedNeXt__nnUNetPlans__3d_fullres/fold_0/checkpoint_best.pth,MedNeXt_MLA_MoE,MedNeXt,tumor_dice,0.8654048054713982,0.8644898326165465,0.0009149728548516478
Internal,liver_63,MedNeXt_MLA_MoE vs MedNeXt,MedNeXt_MLA_MoE,MedNeXt,0.46445497630331756,0.5344352617079889,/home/PuMengYu/8T/nnUNet_result/results_v2_moe_retrain_after_fix_20260907/Dataset003_Liver/nnUNetTrainer_MedNeXt_MLA_MoE__nnUNetPlans__3d_fullres/fold_0/checkpoint_best.pth,/home/PuMengYu/nnUNet_workspace/results_v2/Dataset003_Liver/nnUNetTrainer_MedNeXt__nnUNetPlans__3d_fullres/fold_0/checkpoint_best.pth,MedNeXt_MLA_MoE,MedNeXt,tumor_dice,0.46445497630331756,0.5344352617079889,-0.06998028540467138
Internal,liver_68,MedNeXt_MLA_MoE vs MedNeXt,MedNeXt_MLA_MoE,MedNeXt,0.8689261818580674,0.8761864135651061,/home/PuMengYu/8T/nnUNet_result/results_v2_moe_retrain_after_fix_20260907/Dataset003_Liver/nnUNetTrainer_MedNeXt_MLA_MoE__nnUNetPlans__3d_fullres/fold_0/checkpoint_best.pth,/home/PuMengYu/nnUNet_workspace/results_v2/Dataset003_Liver/nnUNetTrainer_MedNeXt__nnUNetPlans__3d_fullres/fold_0/checkpoint_best.pth,MedNeXt_MLA_MoE,MedNeXt,tumor_dice,0.8689261818580674,0.8761864135651061,-0.007260231707038711
Internal,liver_75,MedNeXt_MLA_MoE vs MedNeXt,MedNeXt_MLA_MoE,MedNeXt,0.826601540484689,0.8231192660550458,/home/PuMengYu/8T/nnUNet_result/results_v2_moe_retrain_after_fix_20260907/Dataset003_Liver/nnUNetTrainer_MedNeXt_MLA_MoE__nnUNetPlans__3d_fullres/fold_0/checkpoint_best.pth,/home/PuMengYu/nnUNet_workspace/results_v2/Dataset003_Liver/nnUNetTrainer_MedNeXt__nnUNetPlans__3d_fullres/fold_0/checkpoint_best.pth,MedNeXt_MLA_MoE,MedNeXt,tumor_dice,0.826601540484689,0.8231192660550458,0.0034822744296432173
Internal,liver_84,MedNeXt_MLA_MoE vs MedNeXt,MedNeXt_MLA_MoE,MedNeXt,0.7510384847772817,0.7220727274770093,/home/PuMengYu/8T/nnUNet_result/results_v2_moe_retrain_after_fix_20260907/Dataset003_Liver/nnUNetTrainer_MedNeXt_MLA_MoE__nnUNetPlans__3d_fullres/fold_0/checkpoint_best.pth,/home/PuMengYu/nnUNet_workspace/results_v2/Dataset003_Liver/nnUNetTrainer_MedNeXt__nnUNetPlans__3d_fullres/fold_0/checkpoint_best.pth,MedNeXt_MLA_MoE,MedNeXt,tumor_dice,0.7510384847772817,0.7220727274770093,0.0289657573002724
Internal,liver_90,MedNeXt_MLA_MoE vs MedNeXt,MedNeXt_MLA_MoE,MedNeXt,0.8399675300715814,0.7898662404191638,/home/PuMengYu/8T/nnUNet_result/results_v2_moe_retrain_after_fix_20260907/Dataset003_Liver/nnUNetTrainer_MedNeXt_MLA_MoE__nnUNetPlans__3d_fullres/fold_0/checkpoint_best.pth,/home/PuMengYu/nnUNet_workspace/results_v2/Dataset003_Liver/nnUNetTrainer_MedNeXt__nnUNetPlans__3d_fullres/fold_0/checkpoint_best.pth,MedNeXt_MLA_MoE,MedNeXt,tumor_dice,0.8399675300715814,0.7898662404191638,0.05010128965241767
Internal,liver_96,MedNeXt_MLA_MoE vs MedNeXt,MedNeXt_MLA_MoE,MedNeXt,0.6909522366959507,0.6833041334111998,/home/PuMengYu/8T/nnUNet_result/results_v2_moe_retrain_after_fix_20260907/Dataset003_Liver/nnUNetTrainer_MedNeXt_MLA_MoE__nnUNetPlans__3d_fullres/fold_0/checkpoint_best.pth,/home/PuMengYu/nnUNet_workspace/results_v2/Dataset003_Liver/nnUNetTrainer_MedNeXt__nnUNetPlans__3d_fullres/fold_0/checkpoint_best.pth,MedNeXt_MLA_MoE,MedNeXt,tumor_dice,0.6909522366959507,0.6833041334111998,0.007648103284750962
Internal,liver_97,MedNeXt_MLA_MoE vs MedNeXt,MedNeXt_MLA_MoE,MedNeXt,0.8950162326906513,0.894522177197254,/home/PuMengYu/8T/nnUNet_result/results_v2_moe_retrain_after_fix_20260907/Dataset003_Liver/nnUNetTrainer_MedNeXt_MLA_MoE__nnUNetPlans__3d_fullres/fold_0/checkpoint_best.pth,/home/PuMengYu/nnUNet_workspace/results_v2/Dataset003_Liver/nnUNetTrainer_MedNeXt__nnUNetPlans__3d_fullres/fold_0/checkpoint_best.pth,MedNeXt_MLA_MoE,MedNeXt,tumor_dice,0.8950162326906513,0.894522177197254,0.0004940554933973162
Internal,liver_100,MedNeXt_MLA_MoE vs MedNeXt,MedNeXt_MLA_MoE,MedNeXt,0.9204562177603334,0.8859060616466065,/home/PuMengYu/8T/nnUNet_result/results_v2_moe_retrain_after_fix_20260907/Dataset003_Liver/nnUNetTrainer_MedNeXt_MLA_MoE__nnUNetPlans__3d_fullres/fold_0/checkpoint_best.pth,/home/PuMengYu/nnUNet_workspace/results_v2/Dataset003_Liver/nnUNetTrainer_MedNeXt__nnUNetPlans__3d_fullres/fold_0/checkpoint_best.pth,MedNeXt_MLA_MoE,MedNeXt,tumor_recall,0.9204562177603334,0.8859060616466065,0.034550156113726915
Internal,liver_101,MedNeXt_MLA_MoE vs MedNeXt,MedNeXt_MLA_MoE,MedNeXt,0.8860978916020812,0.8752586282069237,/home/PuMengYu/8T/nnUNet_result/results_v2_moe_retrain_after_fix_20260907/Dataset003_Liver/nnUNetTrainer_MedNeXt_MLA_MoE__nnUNetPlans__3d_fullres/fold_0/checkpoint_best.pth,/home/PuMengYu/nnUNet_workspace/results_v2/Dataset003_Liver/nnUNetTrainer_MedNeXt__nnUNetPlans__3d_fullres/fold_0/checkpoint_best.pth,MedNeXt_MLA_MoE,MedNeXt,tumor_recall,0.8860978916020812,0.8752586282069237,0.010839263395157506
Internal,liver_11,MedNeXt_MLA_MoE vs MedNeXt,MedNeXt_MLA_MoE,MedNeXt,0.6609157266091573,0.6983600341264575,/home/PuMengYu/8T/nnUNet_result/results_v2_moe_retrain_after_fix_20260907/Dataset003_Liver/nnUNetTrainer_MedNeXt_MLA_MoE__nnUNetPlans__3d_fullres/fold_0/checkpoint_best.pth,/home/PuMengYu/nnUNet_workspace/results_v2/Dataset003_Liver/nnUNetTrainer_MedNeXt__nnUNetPlans__3d_fullres/fold_0/checkpoint_best.pth,MedNeXt_MLA_MoE,MedNeXt,tumor_recall,0.6609157266091573,0.6983600341264575,-0.03744430751730021
Internal,liver_111,MedNeXt_MLA_MoE vs MedNeXt,MedNeXt_MLA_MoE,MedNeXt,0.7397260273972602,0.7295890410958904,/home/PuMengYu/8T/nnUNet_result/results_v2_moe_retrain_after_fix_20260907/Dataset003_Liver/nnUNetTrainer_MedNeXt_MLA_MoE__nnUNetPlans__3d_fullres/fold_0/checkpoint_best.pth,/home/PuMengYu/nnUNet_workspace/results_v2/Dataset003_Liver/nnUNetTrainer_MedNeXt__nnUNetPlans__3d_fullres/fold_0/checkpoint_best.pth,MedNeXt_MLA_MoE,MedNeXt,tumor_recall,0.7397260273972602,0.7295890410958904,0.010136986301369832
Internal,liver_112,MedNeXt_MLA_MoE vs MedNeXt,MedNeXt_MLA_MoE,MedNeXt,0.8416596104995766,0.8298052497883149,/home/PuMengYu/8T/nnUNet_result/results_v2_moe_retrain_after_fix_20260907/Dataset003_Liver/nnUNetTrainer_MedNeXt_MLA_MoE__nnUNetPlans__3d_fullres/fold_0/checkpoint_best.pth,/home/PuMengYu/nnUNet_workspace/results_v2/Dataset003_Liver/nnUNetTrainer_MedNeXt__nnUNetPlans__3d_fullres/fold_0/checkpoint_best.pth,MedNeXt_MLA_MoE,MedNeXt,tumor_recall,0.8416596104995766,0.8298052497883149,0.011854360711261669
Internal,liver_117,MedNeXt_MLA_MoE vs MedNeXt,MedNeXt_MLA_MoE,MedNeXt,0.9136517834003164,0.8883406892230091,/home/PuMengYu/8T/nnUNet_result/results_v2_moe_retrain_after_fix_20260907/Dataset003_Liver/nnUNetTrainer_MedNeXt_MLA_MoE__nnUNetPlans__3d_fullres/fold_0/checkpoint_best.pth,/home/PuMengYu/nnUNet_workspace/results_v2/Dataset003_Liver/nnUNetTrainer_MedNeXt__nnUNetPlans__3d_fullres/fold_0/checkpoint_best.pth,MedNeXt_MLA_MoE,MedNeXt,tumor_recall,0.9136517834003164,0.8883406892230091,0.02531109417730726
Internal,liver_127,MedNeXt_MLA_MoE vs MedNeXt,MedNeXt_MLA_MoE,MedNeXt,0.08389261744966443,0.1040268456375839,/home/PuMengYu/8T/nnUNet_result/results_v2_moe_retrain_after_fix_20260907/Dataset003_Liver/nnUNetTrainer_MedNeXt_MLA_MoE__nnUNetPlans__3d_fullres/fold_0/checkpoint_best.pth,/home/PuMengYu/nnUNet_workspace/results_v2/Dataset003_Liver/nnUNetTrainer_MedNeXt__nnUNetPlans__3d_fullres/fold_0/checkpoint_best.pth,MedNeXt_MLA_MoE,MedNeXt,tumor_recall,0.08389261744966443,0.1040268456375839,-0.020134228187919462
Internal,liver_128,MedNeXt_MLA_MoE vs MedNeXt,MedNeXt_MLA_MoE,MedNeXt,0.8806625570734307,0.8848058354999035,/home/PuMengYu/8T/nnUNet_result/results_v2_moe_retrain_after_fix_20260907/Dataset003_Liver/nnUNetTrainer_MedNeXt_MLA_MoE__nnUNetPlans__3d_fullres/fold_0/checkpoint_best.pth,/home/PuMengYu/nnUNet_workspace/results_v2/Dataset003_Liver/nnUNetTrainer_MedNeXt__nnUNetPlans__3d_fullres/fold_0/checkpoint_best.pth,MedNeXt_MLA_MoE,MedNeXt,tumor_recall,0.8806625570734307,0.8848058354999035,-0.004143278426472885
Internal,liver_129,MedNeXt_MLA_MoE vs MedNeXt,MedNeXt_MLA_MoE,MedNeXt,0.9031451184295615,0.879758192676139,/home/PuMengYu/8T/nnUNet_result/results_v2_moe_retrain_after_fix_20260907/Dataset003_Liver/nnUNetTrainer_MedNeXt_MLA_MoE__nnUNetPlans__3d_fullres/fold_0/checkpoint_best.pth,/home/PuMengYu/nnUNet_workspace/results_v2/Dataset003_Liver/nnUNetTrainer_MedNeXt__nnUNetPlans__3d_fullres/fold_0/checkpoint_best.pth,MedNeXt_MLA_MoE,MedNeXt,tumor_recall,0.9031451184295615,0.879758192676139,0.023386925753422494
Internal,liver_130,MedNeXt_MLA_MoE vs MedNeXt,MedNeXt_MLA_MoE,MedNeXt,0.5084570843800499,0.6794337179083206,/home/PuMengYu/8T/nnUNet_result/results_v2_moe_retrain_after_fix_20260907/Dataset003_Liver/nnUNetTrainer_MedNeXt_MLA_MoE__nnUNetPlans__3d_fullres/fold_0/checkpoint_best.pth,/home/PuMengYu/nnUNet_workspace/results_v2/Dataset003_Liver/nnUNetTrainer_MedNeXt__nnUNetPlans__3d_fullres/fold_0/checkpoint_best.pth,MedNeXt_MLA_MoE,MedNeXt,tumor_recall,0.5084570843800499,0.6794337179083206,-0.17097663352827075
Internal,liver_17,MedNeXt_MLA_MoE vs MedNeXt,MedNeXt_MLA_MoE,MedNeXt,0.9465707612273065,0.9358742966344623,/home/PuMengYu/8T/nnUNet_result/results_v2_moe_retrain_after_fix_20260907/Dataset003_Liver/nnUNetTrainer_MedNeXt_MLA_MoE__nnUNetPlans__3d_fullres/fold_0/checkpoint_best.pth,/home/PuMengYu/nnUNet_workspace/results_v2/Dataset003_Liver/nnUNetTrainer_MedNeXt__nnUNetPlans__3d_fullres/fold_0/checkpoint_best.pth,MedNeXt_MLA_MoE,MedNeXt,tumor_recall,0.9465707612273065,0.9358742966344623,0.010696464592844235
Internal,liver_36,MedNeXt_MLA_MoE vs MedNeXt,MedNeXt_MLA_MoE,MedNeXt,0.8042498227129977,0.845861614831324,/home/PuMengYu/8T/nnUNet_result/results_v2_moe_retrain_after_fix_20260907/Dataset003_Liver/nnUNetTrainer_MedNeXt_MLA_MoE__nnUNetPlans__3d_fullres/fold_0/checkpoint_best.pth,/home/PuMengYu/nnUNet_workspace/results_v2/Dataset003_Liver/nnUNetTrainer_MedNeXt__nnUNetPlans__3d_fullres/fold_0/checkpoint_best.pth,MedNeXt_MLA_MoE,MedNeXt,tumor_recall,0.8042498227129977,0.845861614831324,-0.04161179211832633
Internal,liver_48,MedNeXt_MLA_MoE vs MedNeXt,MedNeXt_MLA_MoE,MedNeXt,0.7596256835221827,0.7804273070635324,/home/PuMengYu/8T/nnUNet_result/results_v2_moe_retrain_after_fix_20260907/Dataset003_Liver/nnUNetTrainer_MedNeXt_MLA_MoE__nnUNetPlans__3d_fullres/fold_0/checkpoint_best.pth,/home/PuMengYu/nnUNet_workspace/results_v2/Dataset003_Liver/nnUNetTrainer_MedNeXt__nnUNetPlans__3d_fullres/fold_0/checkpoint_best.pth,MedNeXt_MLA_MoE,MedNeXt,tumor_recall,0.7596256835221827,0.7804273070635324,-0.020801623541349623
Internal,liver_52,MedNeXt_MLA_MoE vs MedNeXt,MedNeXt_MLA_MoE,MedNeXt,0.6839199825098382,0.6334171403585483,/home/PuMengYu/8T/nnUNet_result/results_v2_moe_retrain_after_fix_20260907/Dataset003_Liver/nnUNetTrainer_MedNeXt_MLA_MoE__nnUNetPlans__3d_fullres/fold_0/checkpoint_best.pth,/home/PuMengYu/nnUNet_workspace/results_v2/Dataset003_Liver/nnUNetTrainer_MedNeXt__nnUNetPlans__3d_fullres/fold_0/checkpoint_best.pth,MedNeXt_MLA_MoE,MedNeXt,tumor_recall,0.6839199825098382,0.6334171403585483,0.05050284215128986
Internal,liver_58,MedNeXt_MLA_MoE vs MedNeXt,MedNeXt_MLA_MoE,MedNeXt,0.4587664587664588,0.34234234234234234,/home/PuMengYu/8T/nnUNet_result/results_v2_moe_retrain_after_fix_20260907/Dataset003_Liver/nnUNetTrainer_MedNeXt_MLA_MoE__nnUNetPlans__3d_fullres/fold_0/checkpoint_best.pth,/home/PuMengYu/nnUNet_workspace/results_v2/Dataset003_Liver/nnUNetTrainer_MedNeXt__nnUNetPlans__3d_fullres/fold_0/checkpoint_best.pth,MedNeXt_MLA_MoE,MedNeXt,tumor_recall,0.4587664587664588,0.34234234234234234,0.11642411642411643
Internal,liver_6,MedNeXt_MLA_MoE vs MedNeXt,MedNeXt_MLA_MoE,MedNeXt,0.9168335081196174,0.9166746114977595,/home/PuMengYu/8T/nnUNet_result/results_v2_moe_retrain_after_fix_20260907/Dataset003_Liver/nnUNetTrainer_MedNeXt_MLA_MoE__nnUNetPlans__3d_fullres/fold_0/checkpoint_best.pth,/home/PuMengYu/nnUNet_workspace/results_v2/Dataset003_Liver/nnUNetTrainer_MedNeXt__nnUNetPlans__3d_fullres/fold_0/checkpoint_best.pth,MedNeXt_MLA_MoE,MedNeXt,tumor_recall,0.9168335081196174,0.9166746114977595,0.00015889662185786246
Internal,liver_63,MedNeXt_MLA_MoE vs MedNeXt,MedNeXt_MLA_MoE,MedNeXt,0.4273255813953488,0.42296511627906974,/home/PuMengYu/8T/nnUNet_result/results_v2_moe_retrain_after_fix_20260907/Dataset003_Liver/nnUNetTrainer_MedNeXt_MLA_MoE__nnUNetPlans__3d_fullres/fold_0/checkpoint_best.pth,/home/PuMengYu/nnUNet_workspace/results_v2/Dataset003_Liver/nnUNetTrainer_MedNeXt__nnUNetPlans__3d_fullres/fold_0/checkpoint_best.pth,MedNeXt_MLA_MoE,MedNeXt,tumor_recall,0.4273255813953488,0.42296511627906974,0.0043604651162790775
Internal,liver_68,MedNeXt_MLA_MoE vs MedNeXt,MedNeXt_MLA_MoE,MedNeXt,0.8103518821603928,0.8404255319148937,/home/PuMengYu/8T/nnUNet_result/results_v2_moe_retrain_after_fix_20260907/Dataset003_Liver/nnUNetTrainer_MedNeXt_MLA_MoE__nnUNetPlans__3d_fullres/fold_0/checkpoint_best.pth,/home/PuMengYu/nnUNet_workspace/results_v2/Dataset003_Liver/nnUNetTrainer_MedNeXt__nnUNetPlans__3d_fullres/fold_0/checkpoint_best.pth,MedNeXt_MLA_MoE,MedNeXt,tumor_recall,0.8103518821603928,0.8404255319148937,-0.030073649754500886
Internal,liver_75,MedNeXt_MLA_MoE vs MedNeXt,MedNeXt_MLA_MoE,MedNeXt,0.8139104698483167,0.8298187199408065,/home/PuMengYu/8T/nnUNet_result/results_v2_moe_retrain_after_fix_20260907/Dataset003_Liver/nnUNetTrainer_MedNeXt_MLA_MoE__nnUNetPlans__3d_fullres/fold_0/checkpoint_best.pth,/home/PuMengYu/nnUNet_workspace/results_v2/Dataset003_Liver/nnUNetTrainer_MedNeXt__nnUNetPlans__3d_fullres/fold_0/checkpoint_best.pth,MedNeXt_MLA_MoE,MedNeXt,tumor_recall,0.8139104698483167,0.8298187199408065,-0.01590825009248975
Internal,liver_84,MedNeXt_MLA_MoE vs MedNeXt,MedNeXt_MLA_MoE,MedNeXt,0.6613406489871699,0.5936302084776605,/home/PuMengYu/8T/nnUNet_result/results_v2_moe_retrain_after_fix_20260907/Dataset003_Liver/nnUNetTrainer_MedNeXt_MLA_MoE__nnUNetPlans__3d_fullres/fold_0/checkpoint_best.pth,/home/PuMengYu/nnUNet_workspace/results_v2/Dataset003_Liver/nnUNetTrainer_MedNeXt__nnUNetPlans__3d_fullres/fold_0/checkpoint_best.pth,MedNeXt_MLA_MoE,MedNeXt,tumor_recall,0.6613406489871699,0.5936302084776605,0.06771044050950947
Internal,liver_90,MedNeXt_MLA_MoE vs MedNeXt,MedNeXt_MLA_MoE,MedNeXt,0.7939320746294237,0.687380676224526,/home/PuMengYu/8T/nnUNet_result/results_v2_moe_retrain_after_fix_20260907/Dataset003_Liver/nnUNetTrainer_MedNeXt_MLA_MoE__nnUNetPlans__3d_fullres/fold_0/checkpoint_best.pth,/home/PuMengYu/nnUNet_workspace/results_v2/Dataset003_Liver/nnUNetTrainer_MedNeXt__nnUNetPlans__3d_fullres/fold_0/checkpoint_best.pth,MedNeXt_MLA_MoE,MedNeXt,tumor_recall,0.7939320746294237,0.687380676224526,0.10655139840489769
Internal,liver_96,MedNeXt_MLA_MoE vs MedNeXt,MedNeXt_MLA_MoE,MedNeXt,0.675252263587694,0.6494954728246121,/home/PuMengYu/8T/nnUNet_result/results_v2_moe_retrain_after_fix_20260907/Dataset003_Liver/nnUNetTrainer_MedNeXt_MLA_MoE__nnUNetPlans__3d_fullres/fold_0/checkpoint_best.pth,/home/PuMengYu/nnUNet_workspace/results_v2/Dataset003_Liver/nnUNetTrainer_MedNeXt__nnUNetPlans__3d_fullres/fold_0/checkpoint_best.pth,MedNeXt_MLA_MoE,MedNeXt,tumor_recall,0.675252263587694,0.6494954728246121,0.025756790763081905
Internal,liver_97,MedNeXt_MLA_MoE vs MedNeXt,MedNeXt_MLA_MoE,MedNeXt,0.9312211330327722,0.9348071858929285,/home/PuMengYu/8T/nnUNet_result/results_v2_moe_retrain_after_fix_20260907/Dataset003_Liver/nnUNetTrainer_MedNeXt_MLA_MoE__nnUNetPlans__3d_fullres/fold_0/checkpoint_best.pth,/home/PuMengYu/nnUNet_workspace/results_v2/Dataset003_Liver/nnUNetTrainer_MedNeXt__nnUNetPlans__3d_fullres/fold_0/checkpoint_best.pth,MedNeXt_MLA_MoE,MedNeXt,tumor_recall,0.9312211330327722,0.9348071858929285,-0.0035860528601563413
Internal,liver_100,MedNeXt_MLA_MoE vs MedNeXt,MedNeXt_MLA_MoE,MedNeXt,0.9116722288370931,0.9620858753090844,/home/PuMengYu/8T/nnUNet_result/results_v2_moe_retrain_after_fix_20260907/Dataset003_Liver/nnUNetTrainer_MedNeXt_MLA_MoE__nnUNetPlans__3d_fullres/fold_0/checkpoint_best.pth,/home/PuMengYu/nnUNet_workspace/results_v2/Dataset003_Liver/nnUNetTrainer_MedNeXt__nnUNetPlans__3d_fullres/fold_0/checkpoint_best.pth,MedNeXt_MLA_MoE,MedNeXt,tumor_precision,0.9116722288370931,0.9620858753090844,-0.050413646471991314
Internal,liver_101,MedNeXt_MLA_MoE vs MedNeXt,MedNeXt_MLA_MoE,MedNeXt,0.7714112196401213,0.9249164388572577,/home/PuMengYu/8T/nnUNet_result/results_v2_moe_retrain_after_fix_20260907/Dataset003_Liver/nnUNetTrainer_MedNeXt_MLA_MoE__nnUNetPlans__3d_fullres/fold_0/checkpoint_best.pth,/home/PuMengYu/nnUNet_workspace/results_v2/Dataset003_Liver/nnUNetTrainer_MedNeXt__nnUNetPlans__3d_fullres/fold_0/checkpoint_best.pth,MedNeXt_MLA_MoE,MedNeXt,tumor_precision,0.7714112196401213,0.9249164388572577,-0.15350521921713645
Internal,liver_11,MedNeXt_MLA_MoE vs MedNeXt,MedNeXt_MLA_MoE,MedNeXt,0.8615916955017301,0.9436403227872422,/home/PuMengYu/8T/nnUNet_result/results_v2_moe_retrain_after_fix_20260907/Dataset003_Liver/nnUNetTrainer_MedNeXt_MLA_MoE__nnUNetPlans__3d_fullres/fold_0/checkpoint_best.pth,/home/PuMengYu/nnUNet_workspace/results_v2/Dataset003_Liver/nnUNetTrainer_MedNeXt__nnUNetPlans__3d_fullres/fold_0/checkpoint_best.pth,MedNeXt_MLA_MoE,MedNeXt,tumor_precision,0.8615916955017301,0.9436403227872422,-0.0820486272855121
Internal,liver_111,MedNeXt_MLA_MoE vs MedNeXt,MedNeXt_MLA_MoE,MedNeXt,0.6379962192816635,0.653737572112434,/home/PuMengYu/8T/nnUNet_result/results_v2_moe_retrain_after_fix_20260907/Dataset003_Liver/nnUNetTrainer_MedNeXt_MLA_MoE__nnUNetPlans__3d_fullres/fold_0/checkpoint_best.pth,/home/PuMengYu/nnUNet_workspace/results_v2/Dataset003_Liver/nnUNetTrainer_MedNeXt__nnUNetPlans__3d_fullres/fold_0/checkpoint_best.pth,MedNeXt_MLA_MoE,MedNeXt,tumor_precision,0.6379962192816635,0.653737572112434,-0.015741352830770494
Internal,liver_112,MedNeXt_MLA_MoE vs MedNeXt,MedNeXt_MLA_MoE,MedNeXt,0.4471434997750787,0.4404494382022472,/home/PuMengYu/8T/nnUNet_result/results_v2_moe_retrain_after_fix_20260907/Dataset003_Liver/nnUNetTrainer_MedNeXt_MLA_MoE__nnUNetPlans__3d_fullres/fold_0/checkpoint_best.pth,/home/PuMengYu/nnUNet_workspace/results_v2/Dataset003_Liver/nnUNetTrainer_MedNeXt__nnUNetPlans__3d_fullres/fold_0/checkpoint_best.pth,MedNeXt_MLA_MoE,MedNeXt,tumor_precision,0.4471434997750787,0.4404494382022472,0.006694061572831533
Internal,liver_117,MedNeXt_MLA_MoE vs MedNeXt,MedNeXt_MLA_MoE,MedNeXt,0.8629137953867723,0.8866156293190645,/home/PuMengYu/8T/nnUNet_result/results_v2_moe_retrain_after_fix_20260907/Dataset003_Liver/nnUNetTrainer_MedNeXt_MLA_MoE__nnUNetPlans__3d_fullres/fold_0/checkpoint_best.pth,/home/PuMengYu/nnUNet_workspace/results_v2/Dataset003_Liver/nnUNetTrainer_MedNeXt__nnUNetPlans__3d_fullres/fold_0/checkpoint_best.pth,MedNeXt_MLA_MoE,MedNeXt,tumor_precision,0.8629137953867723,0.8866156293190645,-0.023701833932292193
Internal,liver_127,MedNeXt_MLA_MoE vs MedNeXt,MedNeXt_MLA_MoE,MedNeXt,1.0,0.8378378378378378,/home/PuMengYu/8T/nnUNet_result/results_v2_moe_retrain_after_fix_20260907/Dataset003_Liver/nnUNetTrainer_MedNeXt_MLA_MoE__nnUNetPlans__3d_fullres/fold_0/checkpoint_best.pth,/home/PuMengYu/nnUNet_workspace/results_v2/Dataset003_Liver/nnUNetTrainer_MedNeXt__nnUNetPlans__3d_fullres/fold_0/checkpoint_best.pth,MedNeXt_MLA_MoE,MedNeXt,tumor_precision,1.0,0.8378378378378378,0.16216216216216217
Internal,liver_128,MedNeXt_MLA_MoE vs MedNeXt,MedNeXt_MLA_MoE,MedNeXt,0.6704879277061243,0.6608344826166609,/home/PuMengYu/8T/nnUNet_result/results_v2_moe_retrain_after_fix_20260907/Dataset003_Liver/nnUNetTrainer_MedNeXt_MLA_MoE__nnUNetPlans__3d_fullres/fold_0/checkpoint_best.pth,/home/PuMengYu/nnUNet_workspace/results_v2/Dataset003_Liver/nnUNetTrainer_MedNeXt__nnUNetPlans__3d_fullres/fold_0/checkpoint_best.pth,MedNeXt_MLA_MoE,MedNeXt,tumor_precision,0.6704879277061243,0.6608344826166609,0.00965344508946342
Internal,liver_129,MedNeXt_MLA_MoE vs MedNeXt,MedNeXt_MLA_MoE,MedNeXt,0.9676744850151282,0.9780670452071397,/home/PuMengYu/8T/nnUNet_result/results_v2_moe_retrain_after_fix_20260907/Dataset003_Liver/nnUNetTrainer_MedNeXt_MLA_MoE__nnUNetPlans__3d_fullres/fold_0/checkpoint_best.pth,/home/PuMengYu/nnUNet_workspace/results_v2/Dataset003_Liver/nnUNetTrainer_MedNeXt__nnUNetPlans__3d_fullres/fold_0/checkpoint_best.pth,MedNeXt_MLA_MoE,MedNeXt,tumor_precision,0.9676744850151282,0.9780670452071397,-0.010392560192011513
Internal,liver_130,MedNeXt_MLA_MoE vs MedNeXt,MedNeXt_MLA_MoE,MedNeXt,0.9410918060372906,0.9551330960723934,/home/PuMengYu/8T/nnUNet_result/results_v2_moe_retrain_after_fix_20260907/Dataset003_Liver/nnUNetTrainer_MedNeXt_MLA_MoE__nnUNetPlans__3d_fullres/fold_0/checkpoint_best.pth,/home/PuMengYu/nnUNet_workspace/results_v2/Dataset003_Liver/nnUNetTrainer_MedNeXt__nnUNetPlans__3d_fullres/fold_0/checkpoint_best.pth,MedNeXt_MLA_MoE,MedNeXt,tumor_precision,0.9410918060372906,0.9551330960723934,-0.014041290035102794
Internal,liver_17,MedNeXt_MLA_MoE vs MedNeXt,MedNeXt_MLA_MoE,MedNeXt,0.8080435028888637,0.8232739498937636,/home/PuMengYu/8T/nnUNet_result/results_v2_moe_retrain_after_fix_20260907/Dataset003_Liver/nnUNetTrainer_MedNeXt_MLA_MoE__nnUNetPlans__3d_fullres/fold_0/checkpoint_best.pth,/home/PuMengYu/nnUNet_workspace/results_v2/Dataset003_Liver/nnUNetTrainer_MedNeXt__nnUNetPlans__3d_fullres/fold_0/checkpoint_best.pth,MedNeXt_MLA_MoE,MedNeXt,tumor_precision,0.8080435028888637,0.8232739498937636,-0.015230447004899839
Internal,liver_36,MedNeXt_MLA_MoE vs MedNeXt,MedNeXt_MLA_MoE,MedNeXt,0.8611992514848263,0.8656592623311993,/home/PuMengYu/8T/nnUNet_result/results_v2_moe_retrain_after_fix_20260907/Dataset003_Liver/nnUNetTrainer_MedNeXt_MLA_MoE__nnUNetPlans__3d_fullres/fold_0/checkpoint_best.pth,/home/PuMengYu/nnUNet_workspace/results_v2/Dataset003_Liver/nnUNetTrainer_MedNeXt__nnUNetPlans__3d_fullres/fold_0/checkpoint_best.pth,MedNeXt_MLA_MoE,MedNeXt,tumor_precision,0.8611992514848263,0.8656592623311993,-0.0044600108463729304
Internal,liver_48,MedNeXt_MLA_MoE vs MedNeXt,MedNeXt_MLA_MoE,MedNeXt,0.9585971402148395,0.9434052267538928,/home/PuMengYu/8T/nnUNet_result/results_v2_moe_retrain_after_fix_20260907/Dataset003_Liver/nnUNetTrainer_MedNeXt_MLA_MoE__nnUNetPlans__3d_fullres/fold_0/checkpoint_best.pth,/home/PuMengYu/nnUNet_workspace/results_v2/Dataset003_Liver/nnUNetTrainer_MedNeXt__nnUNetPlans__3d_fullres/fold_0/checkpoint_best.pth,MedNeXt_MLA_MoE,MedNeXt,tumor_precision,0.9585971402148395,0.9434052267538928,0.015191913460946727
Internal,liver_52,MedNeXt_MLA_MoE vs MedNeXt,MedNeXt_MLA_MoE,MedNeXt,0.8342,0.9510874025441116,/home/PuMengYu/8T/nnUNet_result/results_v2_moe_retrain_after_fix_20260907/Dataset003_Liver/nnUNetTrainer_MedNeXt_MLA_MoE__nnUNetPlans__3d_fullres/fold_0/checkpoint_best.pth,/home/PuMengYu/nnUNet_workspace/results_v2/Dataset003_Liver/nnUNetTrainer_MedNeXt__nnUNetPlans__3d_fullres/fold_0/checkpoint_best.pth,MedNeXt_MLA_MoE,MedNeXt,tumor_precision,0.8342,0.9510874025441116,-0.11688740254411156
Internal,liver_58,MedNeXt_MLA_MoE vs MedNeXt,MedNeXt_MLA_MoE,MedNeXt,0.9043715846994536,0.9762845849802372,/home/PuMengYu/8T/nnUNet_result/results_v2_moe_retrain_after_fix_20260907/Dataset003_Liver/nnUNetTrainer_MedNeXt_MLA_MoE__nnUNetPlans__3d_fullres/fold_0/checkpoint_best.pth,/home/PuMengYu/nnUNet_workspace/results_v2/Dataset003_Liver/nnUNetTrainer_MedNeXt__nnUNetPlans__3d_fullres/fold_0/checkpoint_best.pth,MedNeXt_MLA_MoE,MedNeXt,tumor_precision,0.9043715846994536,0.9762845849802372,-0.07191300028078362
Internal,liver_6,MedNeXt_MLA_MoE vs MedNeXt,MedNeXt_MLA_MoE,MedNeXt,0.8194393160451047,0.8179266148698463,/home/PuMengYu/8T/nnUNet_result/results_v2_moe_retrain_after_fix_20260907/Dataset003_Liver/nnUNetTrainer_MedNeXt_MLA_MoE__nnUNetPlans__3d_fullres/fold_0/checkpoint_best.pth,/home/PuMengYu/nnUNet_workspace/results_v2/Dataset003_Liver/nnUNetTrainer_MedNeXt__nnUNetPlans__3d_fullres/fold_0/checkpoint_best.pth,MedNeXt_MLA_MoE,MedNeXt,tumor_precision,0.8194393160451047,0.8179266148698463,0.0015127011752583686
Internal,liver_63,MedNeXt_MLA_MoE vs MedNeXt,MedNeXt_MLA_MoE,MedNeXt,0.5086505190311419,0.7256857855361596,/home/PuMengYu/8T/nnUNet_result/results_v2_moe_retrain_after_fix_20260907/Dataset003_Liver/nnUNetTrainer_MedNeXt_MLA_MoE__nnUNetPlans__3d_fullres/fold_0/checkpoint_best.pth,/home/PuMengYu/nnUNet_workspace/results_v2/Dataset003_Liver/nnUNetTrainer_MedNeXt__nnUNetPlans__3d_fullres/fold_0/checkpoint_best.pth,MedNeXt_MLA_MoE,MedNeXt,tumor_precision,0.5086505190311419,0.7256857855361596,-0.2170352665050177
Internal,liver_68,MedNeXt_MLA_MoE vs MedNeXt,MedNeXt_MLA_MoE,MedNeXt,0.9366280444549538,0.9151258632212074,/home/PuMengYu/8T/nnUNet_result/results_v2_moe_retrain_after_fix_20260907/Dataset003_Liver/nnUNetTrainer_MedNeXt_MLA_MoE__nnUNetPlans__3d_fullres/fold_0/checkpoint_best.pth,/home/PuMengYu/nnUNet_workspace/results_v2/Dataset003_Liver/nnUNetTrainer_MedNeXt__nnUNetPlans__3d_fullres/fold_0/checkpoint_best.pth,MedNeXt_MLA_MoE,MedNeXt,tumor_precision,0.9366280444549538,0.9151258632212074,0.021502181233746476
Internal,liver_75,MedNeXt_MLA_MoE vs MedNeXt,MedNeXt_MLA_MoE,MedNeXt,0.8396946564885496,0.8165271204950856,/home/PuMengYu/8T/nnUNet_result/results_v2_moe_retrain_after_fix_20260907/Dataset003_Liver/nnUNetTrainer_MedNeXt_MLA_MoE__nnUNetPlans__3d_fullres/fold_0/checkpoint_best.pth,/home/PuMengYu/nnUNet_workspace/results_v2/Dataset003_Liver/nnUNetTrainer_MedNeXt__nnUNetPlans__3d_fullres/fold_0/checkpoint_best.pth,MedNeXt_MLA_MoE,MedNeXt,tumor_precision,0.8396946564885496,0.8165271204950856,0.023167535993463995
Internal,liver_84,MedNeXt_MLA_MoE vs MedNeXt,MedNeXt_MLA_MoE,MedNeXt,0.868885722815389,0.9214435236429329,/home/PuMengYu/8T/nnUNet_result/results_v2_moe_retrain_after_fix_20260907/Dataset003_Liver/nnUNetTrainer_MedNeXt_MLA_MoE__nnUNetPlans__3d_fullres/fold_0/checkpoint_best.pth,/home/PuMengYu/nnUNet_workspace/results_v2/Dataset003_Liver/nnUNetTrainer_MedNeXt__nnUNetPlans__3d_fullres/fold_0/checkpoint_best.pth,MedNeXt_MLA_MoE,MedNeXt,tumor_precision,0.868885722815389,0.9214435236429329,-0.05255780082754391
Internal,liver_90,MedNeXt_MLA_MoE vs MedNeXt,MedNeXt_MLA_MoE,MedNeXt,0.8916702478154992,0.9282669307698104,/home/PuMengYu/8T/nnUNet_result/results_v2_moe_retrain_after_fix_20260907/Dataset003_Liver/nnUNetTrainer_MedNeXt_MLA_MoE__nnUNetPlans__3d_fullres/fold_0/checkpoint_best.pth,/home/PuMengYu/nnUNet_workspace/results_v2/Dataset003_Liver/nnUNetTrainer_MedNeXt__nnUNetPlans__3d_fullres/fold_0/checkpoint_best.pth,MedNeXt_MLA_MoE,MedNeXt,tumor_precision,0.8916702478154992,0.9282669307698104,-0.03659668295431118
Internal,liver_96,MedNeXt_MLA_MoE vs MedNeXt,MedNeXt_MLA_MoE,MedNeXt,0.7073996536662273,0.7208258036252122,/home/PuMengYu/8T/nnUNet_result/results_v2_moe_retrain_after_fix_20260907/Dataset003_Liver/nnUNetTrainer_MedNeXt_MLA_MoE__nnUNetPlans__3d_fullres/fold_0/checkpoint_best.pth,/home/PuMengYu/nnUNet_workspace/results_v2/Dataset003_Liver/nnUNetTrainer_MedNeXt__nnUNetPlans__3d_fullres/fold_0/checkpoint_best.pth,MedNeXt_MLA_MoE,MedNeXt,tumor_precision,0.7073996536662273,0.7208258036252122,-0.013426149958984945
Internal,liver_97,MedNeXt_MLA_MoE vs MedNeXt,MedNeXt_MLA_MoE,MedNeXt,0.8615211928723581,0.8575658423123574,/home/PuMengYu/8T/nnUNet_result/results_v2_moe_retrain_after_fix_20260907/Dataset003_Liver/nnUNetTrainer_MedNeXt_MLA_MoE__nnUNetPlans__3d_fullres/fold_0/checkpoint_best.pth,/home/PuMengYu/nnUNet_workspace/results_v2/Dataset003_Liver/nnUNetTrainer_MedNeXt__nnUNetPlans__3d_fullres/fold_0/checkpoint_best.pth,MedNeXt_MLA_MoE,MedNeXt,tumor_precision,0.8615211928723581,0.8575658423123574,0.003955350560000626
Internal,liver_100,MedNeXt_MLA_MoE vs MedNeXt,MedNeXt_MLA_MoE,MedNeXt,0.9435544717529541,0.9489333596320846,/home/PuMengYu/8T/nnUNet_result/results_v2_moe_retrain_after_fix_20260907/Dataset003_Liver/nnUNetTrainer_MedNeXt_MLA_MoE__nnUNetPlans__3d_fullres/fold_0/checkpoint_best.pth,/home/PuMengYu/nnUNet_workspace/results_v2/Dataset003_Liver/nnUNetTrainer_MedNeXt__nnUNetPlans__3d_fullres/fold_0/checkpoint_best.pth,MedNeXt_MLA_MoE,MedNeXt,liver_dice,0.9435544717529541,0.9489333596320846,-0.005378887879130434
Internal,liver_101,MedNeXt_MLA_MoE vs MedNeXt,MedNeXt_MLA_MoE,MedNeXt,0.9701540880555574,0.9702975092359131,/home/PuMengYu/8T/nnUNet_result/results_v2_moe_retrain_after_fix_20260907/Dataset003_Liver/nnUNetTrainer_MedNeXt_MLA_MoE__nnUNetPlans__3d_fullres/fold_0/checkpoint_best.pth,/home/PuMengYu/nnUNet_workspace/results_v2/Dataset003_Liver/nnUNetTrainer_MedNeXt__nnUNetPlans__3d_fullres/fold_0/checkpoint_best.pth,MedNeXt_MLA_MoE,MedNeXt,liver_dice,0.9701540880555574,0.9702975092359131,-0.00014342118035570728
Internal,liver_11,MedNeXt_MLA_MoE vs MedNeXt,MedNeXt_MLA_MoE,MedNeXt,0.9630480176666761,0.9658859300942781,/home/PuMengYu/8T/nnUNet_result/results_v2_moe_retrain_after_fix_20260907/Dataset003_Liver/nnUNetTrainer_MedNeXt_MLA_MoE__nnUNetPlans__3d_fullres/fold_0/checkpoint_best.pth,/home/PuMengYu/nnUNet_workspace/results_v2/Dataset003_Liver/nnUNetTrainer_MedNeXt__nnUNetPlans__3d_fullres/fold_0/checkpoint_best.pth,MedNeXt_MLA_MoE,MedNeXt,liver_dice,0.9630480176666761,0.9658859300942781,-0.0028379124276020073
Internal,liver_111,MedNeXt_MLA_MoE vs MedNeXt,MedNeXt_MLA_MoE,MedNeXt,0.9763950671194788,0.9819807115192409,/home/PuMengYu/8T/nnUNet_result/results_v2_moe_retrain_after_fix_20260907/Dataset003_Liver/nnUNetTrainer_MedNeXt_MLA_MoE__nnUNetPlans__3d_fullres/fold_0/checkpoint_best.pth,/home/PuMengYu/nnUNet_workspace/results_v2/Dataset003_Liver/nnUNetTrainer_MedNeXt__nnUNetPlans__3d_fullres/fold_0/checkpoint_best.pth,MedNeXt_MLA_MoE,MedNeXt,liver_dice,0.9763950671194788,0.9819807115192409,-0.0055856443997621685
Internal,liver_112,MedNeXt_MLA_MoE vs MedNeXt,MedNeXt_MLA_MoE,MedNeXt,0.9821253817882947,0.9836243120962481,/home/PuMengYu/8T/nnUNet_result/results_v2_moe_retrain_after_fix_20260907/Dataset003_Liver/nnUNetTrainer_MedNeXt_MLA_MoE__nnUNetPlans__3d_fullres/fold_0/checkpoint_best.pth,/home/PuMengYu/nnUNet_workspace/results_v2/Dataset003_Liver/nnUNetTrainer_MedNeXt__nnUNetPlans__3d_fullres/fold_0/checkpoint_best.pth,MedNeXt_MLA_MoE,MedNeXt,liver_dice,0.9821253817882947,0.9836243120962481,-0.00149893030795345
Internal,liver_117,MedNeXt_MLA_MoE vs MedNeXt,MedNeXt_MLA_MoE,MedNeXt,0.9496640936737952,0.9517246994327896,/home/PuMengYu/8T/nnUNet_result/results_v2_moe_retrain_after_fix_20260907/Dataset003_Liver/nnUNetTrainer_MedNeXt_MLA_MoE__nnUNetPlans__3d_fullres/fold_0/checkpoint_best.pth,/home/PuMengYu/nnUNet_workspace/results_v2/Dataset003_Liver/nnUNetTrainer_MedNeXt__nnUNetPlans__3d_fullres/fold_0/checkpoint_best.pth,MedNeXt_MLA_MoE,MedNeXt,liver_dice,0.9496640936737952,0.9517246994327896,-0.0020606057589943605
Internal,liver_127,MedNeXt_MLA_MoE vs MedNeXt,MedNeXt_MLA_MoE,MedNeXt,0.9834289336051701,0.984896632058543,/home/PuMengYu/8T/nnUNet_result/results_v2_moe_retrain_after_fix_20260907/Dataset003_Liver/nnUNetTrainer_MedNeXt_MLA_MoE__nnUNetPlans__3d_fullres/fold_0/checkpoint_best.pth,/home/PuMengYu/nnUNet_workspace/results_v2/Dataset003_Liver/nnUNetTrainer_MedNeXt__nnUNetPlans__3d_fullres/fold_0/checkpoint_best.pth,MedNeXt_MLA_MoE,MedNeXt,liver_dice,0.9834289336051701,0.984896632058543,-0.001467698453372912
Internal,liver_128,MedNeXt_MLA_MoE vs MedNeXt,MedNeXt_MLA_MoE,MedNeXt,0.9319222520787334,0.958835637627588,/home/PuMengYu/8T/nnUNet_result/results_v2_moe_retrain_after_fix_20260907/Dataset003_Liver/nnUNetTrainer_MedNeXt_MLA_MoE__nnUNetPlans__3d_fullres/fold_0/checkpoint_best.pth,/home/PuMengYu/nnUNet_workspace/results_v2/Dataset003_Liver/nnUNetTrainer_MedNeXt__nnUNetPlans__3d_fullres/fold_0/checkpoint_best.pth,MedNeXt_MLA_MoE,MedNeXt,liver_dice,0.9319222520787334,0.958835637627588,-0.026913385548854696
Internal,liver_129,MedNeXt_MLA_MoE vs MedNeXt,MedNeXt_MLA_MoE,MedNeXt,0.9563787433365091,0.9558035237363084,/home/PuMengYu/8T/nnUNet_result/results_v2_moe_retrain_after_fix_20260907/Dataset003_Liver/nnUNetTrainer_MedNeXt_MLA_MoE__nnUNetPlans__3d_fullres/fold_0/checkpoint_best.pth,/home/PuMengYu/nnUNet_workspace/results_v2/Dataset003_Liver/nnUNetTrainer_MedNeXt__nnUNetPlans__3d_fullres/fold_0/checkpoint_best.pth,MedNeXt_MLA_MoE,MedNeXt,liver_dice,0.9563787433365091,0.9558035237363084,0.0005752196002006826
Internal,liver_130,MedNeXt_MLA_MoE vs MedNeXt,MedNeXt_MLA_MoE,MedNeXt,0.7057331277307278,0.9276893309415608,/home/PuMengYu/8T/nnUNet_result/results_v2_moe_retrain_after_fix_20260907/Dataset003_Liver/nnUNetTrainer_MedNeXt_MLA_MoE__nnUNetPlans__3d_fullres/fold_0/checkpoint_best.pth,/home/PuMengYu/nnUNet_workspace/results_v2/Dataset003_Liver/nnUNetTrainer_MedNeXt__nnUNetPlans__3d_fullres/fold_0/checkpoint_best.pth,MedNeXt_MLA_MoE,MedNeXt,liver_dice,0.7057331277307278,0.9276893309415608,-0.22195620321083298
Internal,liver_17,MedNeXt_MLA_MoE vs MedNeXt,MedNeXt_MLA_MoE,MedNeXt,0.9764545618981723,0.9793593268090216,/home/PuMengYu/8T/nnUNet_result/results_v2_moe_retrain_after_fix_20260907/Dataset003_Liver/nnUNetTrainer_MedNeXt_MLA_MoE__nnUNetPlans__3d_fullres/fold_0/checkpoint_best.pth,/home/PuMengYu/nnUNet_workspace/results_v2/Dataset003_Liver/nnUNetTrainer_MedNeXt__nnUNetPlans__3d_fullres/fold_0/checkpoint_best.pth,MedNeXt_MLA_MoE,MedNeXt,liver_dice,0.9764545618981723,0.9793593268090216,-0.0029047649108493445
Internal,liver_36,MedNeXt_MLA_MoE vs MedNeXt,MedNeXt_MLA_MoE,MedNeXt,0.9681281003500865,0.9691699916371244,/home/PuMengYu/8T/nnUNet_result/results_v2_moe_retrain_after_fix_20260907/Dataset003_Liver/nnUNetTrainer_MedNeXt_MLA_MoE__nnUNetPlans__3d_fullres/fold_0/checkpoint_best.pth,/home/PuMengYu/nnUNet_workspace/results_v2/Dataset003_Liver/nnUNetTrainer_MedNeXt__nnUNetPlans__3d_fullres/fold_0/checkpoint_best.pth,MedNeXt_MLA_MoE,MedNeXt,liver_dice,0.9681281003500865,0.9691699916371244,-0.0010418912870379105
Internal,liver_41,MedNeXt_MLA_MoE vs MedNeXt,MedNeXt_MLA_MoE,MedNeXt,0.9660949424711439,0.966936157124654,/home/PuMengYu/8T/nnUNet_result/results_v2_moe_retrain_after_fix_20260907/Dataset003_Liver/nnUNetTrainer_MedNeXt_MLA_MoE__nnUNetPlans__3d_fullres/fold_0/checkpoint_best.pth,/home/PuMengYu/nnUNet_workspace/results_v2/Dataset003_Liver/nnUNetTrainer_MedNeXt__nnUNetPlans__3d_fullres/fold_0/checkpoint_best.pth,MedNeXt_MLA_MoE,MedNeXt,liver_dice,0.9660949424711439,0.966936157124654,-0.0008412146535100584
Internal,liver_48,MedNeXt_MLA_MoE vs MedNeXt,MedNeXt_MLA_MoE,MedNeXt,0.9279294288896098,0.7518752535809786,/home/PuMengYu/8T/nnUNet_result/results_v2_moe_retrain_after_fix_20260907/Dataset003_Liver/nnUNetTrainer_MedNeXt_MLA_MoE__nnUNetPlans__3d_fullres/fold_0/checkpoint_best.pth,/home/PuMengYu/nnUNet_workspace/results_v2/Dataset003_Liver/nnUNetTrainer_MedNeXt__nnUNetPlans__3d_fullres/fold_0/checkpoint_best.pth,MedNeXt_MLA_MoE,MedNeXt,liver_dice,0.9279294288896098,0.7518752535809786,0.1760541753086312
Internal,liver_52,MedNeXt_MLA_MoE vs MedNeXt,MedNeXt_MLA_MoE,MedNeXt,0.9450193864656268,0.9486458218723198,/home/PuMengYu/8T/nnUNet_result/results_v2_moe_retrain_after_fix_20260907/Dataset003_Liver/nnUNetTrainer_MedNeXt_MLA_MoE__nnUNetPlans__3d_fullres/fold_0/checkpoint_best.pth,/home/PuMengYu/nnUNet_workspace/results_v2/Dataset003_Liver/nnUNetTrainer_MedNeXt__nnUNetPlans__3d_fullres/fold_0/checkpoint_best.pth,MedNeXt_MLA_MoE,MedNeXt,liver_dice,0.9450193864656268,0.9486458218723198,-0.0036264354066930515
Internal,liver_58,MedNeXt_MLA_MoE vs MedNeXt,MedNeXt_MLA_MoE,MedNeXt,0.9572995968853897,0.958701069282343,/home/PuMengYu/8T/nnUNet_result/results_v2_moe_retrain_after_fix_20260907/Dataset003_Liver/nnUNetTrainer_MedNeXt_MLA_MoE__nnUNetPlans__3d_fullres/fold_0/checkpoint_best.pth,/home/PuMengYu/nnUNet_workspace/results_v2/Dataset003_Liver/nnUNetTrainer_MedNeXt__nnUNetPlans__3d_fullres/fold_0/checkpoint_best.pth,MedNeXt_MLA_MoE,MedNeXt,liver_dice,0.9572995968853897,0.958701069282343,-0.0014014723969533183
Internal,liver_6,MedNeXt_MLA_MoE vs MedNeXt,MedNeXt_MLA_MoE,MedNeXt,0.9615840588692337,0.9722500907871876,/home/PuMengYu/8T/nnUNet_result/results_v2_moe_retrain_after_fix_20260907/Dataset003_Liver/nnUNetTrainer_MedNeXt_MLA_MoE__nnUNetPlans__3d_fullres/fold_0/checkpoint_best.pth,/home/PuMengYu/nnUNet_workspace/results_v2/Dataset003_Liver/nnUNetTrainer_MedNeXt__nnUNetPlans__3d_fullres/fold_0/checkpoint_best.pth,MedNeXt_MLA_MoE,MedNeXt,liver_dice,0.9615840588692337,0.9722500907871876,-0.0106660319179539
Internal,liver_63,MedNeXt_MLA_MoE vs MedNeXt,MedNeXt_MLA_MoE,MedNeXt,0.9592302312682374,0.9755344886404537,/home/PuMengYu/8T/nnUNet_result/results_v2_moe_retrain_after_fix_20260907/Dataset003_Liver/nnUNetTrainer_MedNeXt_MLA_MoE__nnUNetPlans__3d_fullres/fold_0/checkpoint_best.pth,/home/PuMengYu/nnUNet_workspace/results_v2/Dataset003_Liver/nnUNetTrainer_MedNeXt__nnUNetPlans__3d_fullres/fold_0/checkpoint_best.pth,MedNeXt_MLA_MoE,MedNeXt,liver_dice,0.9592302312682374,0.9755344886404537,-0.016304257372216302
Internal,liver_68,MedNeXt_MLA_MoE vs MedNeXt,MedNeXt_MLA_MoE,MedNeXt,0.9486526333165564,0.951917562184562,/home/PuMengYu/8T/nnUNet_result/results_v2_moe_retrain_after_fix_20260907/Dataset003_Liver/nnUNetTrainer_MedNeXt_MLA_MoE__nnUNetPlans__3d_fullres/fold_0/checkpoint_best.pth,/home/PuMengYu/nnUNet_workspace/results_v2/Dataset003_Liver/nnUNetTrainer_MedNeXt__nnUNetPlans__3d_fullres/fold_0/checkpoint_best.pth,MedNeXt_MLA_MoE,MedNeXt,liver_dice,0.9486526333165564,0.951917562184562,-0.0032649288680056676
Internal,liver_75,MedNeXt_MLA_MoE vs MedNeXt,MedNeXt_MLA_MoE,MedNeXt,0.9579023249248886,0.9653279418139462,/home/PuMengYu/8T/nnUNet_result/results_v2_moe_retrain_after_fix_20260907/Dataset003_Liver/nnUNetTrainer_MedNeXt_MLA_MoE__nnUNetPlans__3d_fullres/fold_0/checkpoint_best.pth,/home/PuMengYu/nnUNet_workspace/results_v2/Dataset003_Liver/nnUNetTrainer_MedNeXt__nnUNetPlans__3d_fullres/fold_0/checkpoint_best.pth,MedNeXt_MLA_MoE,MedNeXt,liver_dice,0.9579023249248886,0.9653279418139462,-0.007425616889057629
Internal,liver_84,MedNeXt_MLA_MoE vs MedNeXt,MedNeXt_MLA_MoE,MedNeXt,0.9284420314315311,0.9524557011027275,/home/PuMengYu/8T/nnUNet_result/results_v2_moe_retrain_after_fix_20260907/Dataset003_Liver/nnUNetTrainer_MedNeXt_MLA_MoE__nnUNetPlans__3d_fullres/fold_0/checkpoint_best.pth,/home/PuMengYu/nnUNet_workspace/results_v2/Dataset003_Liver/nnUNetTrainer_MedNeXt__nnUNetPlans__3d_fullres/fold_0/checkpoint_best.pth,MedNeXt_MLA_MoE,MedNeXt,liver_dice,0.9284420314315311,0.9524557011027275,-0.024013669671196336
Internal,liver_89,MedNeXt_MLA_MoE vs MedNeXt,MedNeXt_MLA_MoE,MedNeXt,0.9626315845098073,0.979940735603559,/home/PuMengYu/8T/nnUNet_result/results_v2_moe_retrain_after_fix_20260907/Dataset003_Liver/nnUNetTrainer_MedNeXt_MLA_MoE__nnUNetPlans__3d_fullres/fold_0/checkpoint_best.pth,/home/PuMengYu/nnUNet_workspace/results_v2/Dataset003_Liver/nnUNetTrainer_MedNeXt__nnUNetPlans__3d_fullres/fold_0/checkpoint_best.pth,MedNeXt_MLA_MoE,MedNeXt,liver_dice,0.9626315845098073,0.979940735603559,-0.01730915109375164
Internal,liver_90,MedNeXt_MLA_MoE vs MedNeXt,MedNeXt_MLA_MoE,MedNeXt,0.963332383526689,0.9657157836821225,/home/PuMengYu/8T/nnUNet_result/results_v2_moe_retrain_after_fix_20260907/Dataset003_Liver/nnUNetTrainer_MedNeXt_MLA_MoE__nnUNetPlans__3d_fullres/fold_0/checkpoint_best.pth,/home/PuMengYu/nnUNet_workspace/results_v2/Dataset003_Liver/nnUNetTrainer_MedNeXt__nnUNetPlans__3d_fullres/fold_0/checkpoint_best.pth,MedNeXt_MLA_MoE,MedNeXt,liver_dice,0.963332383526689,0.9657157836821225,-0.0023834001554334794
Internal,liver_91,MedNeXt_MLA_MoE vs MedNeXt,MedNeXt_MLA_MoE,MedNeXt,0.9823967482160914,0.9854853581218889,/home/PuMengYu/8T/nnUNet_result/results_v2_moe_retrain_after_fix_20260907/Dataset003_Liver/nnUNetTrainer_MedNeXt_MLA_MoE__nnUNetPlans__3d_fullres/fold_0/checkpoint_best.pth,/home/PuMengYu/nnUNet_workspace/results_v2/Dataset003_Liver/nnUNetTrainer_MedNeXt__nnUNetPlans__3d_fullres/fold_0/checkpoint_best.pth,MedNeXt_MLA_MoE,MedNeXt,liver_dice,0.9823967482160914,0.9854853581218889,-0.0030886099057975125
Internal,liver_96,MedNeXt_MLA_MoE vs MedNeXt,MedNeXt_MLA_MoE,MedNeXt,0.9670012463354126,0.9768317915342011,/home/PuMengYu/8T/nnUNet_result/results_v2_moe_retrain_after_fix_20260907/Dataset003_Liver/nnUNetTrainer_MedNeXt_MLA_MoE__nnUNetPlans__3d_fullres/fold_0/checkpoint_best.pth,/home/PuMengYu/nnUNet_workspace/results_v2/Dataset003_Liver/nnUNetTrainer_MedNeXt__nnUNetPlans__3d_fullres/fold_0/checkpoint_best.pth,MedNeXt_MLA_MoE,MedNeXt,liver_dice,0.9670012463354126,0.9768317915342011,-0.009830545198788454
Internal,liver_97,MedNeXt_MLA_MoE vs MedNeXt,MedNeXt_MLA_MoE,MedNeXt,0.9565349460376248,0.8255545948423592,/home/PuMengYu/8T/nnUNet_result/results_v2_moe_retrain_after_fix_20260907/Dataset003_Liver/nnUNetTrainer_MedNeXt_MLA_MoE__nnUNetPlans__3d_fullres/fold_0/checkpoint_best.pth,/home/PuMengYu/nnUNet_workspace/results_v2/Dataset003_Liver/nnUNetTrainer_MedNeXt__nnUNetPlans__3d_fullres/fold_0/checkpoint_best.pth,MedNeXt_MLA_MoE,MedNeXt,liver_dice,0.9565349460376248,0.8255545948423592,0.13098035119526563
Internal,liver_100,MedNeXt_MLA_MoE vs MedNeXt_MHA_MoE,MedNeXt_MLA_MoE,MedNeXt_MHA_MoE,0.9160431662430393,0.9220346394473322,/home/PuMengYu/8T/nnUNet_result/results_v2_moe_retrain_after_fix_20260907/Dataset003_Liver/nnUNetTrainer_MedNeXt_MLA_MoE__nnUNetPlans__3d_fullres/fold_0/checkpoint_best.pth,/home/PuMengYu/nnUNet_workspace/results_v2_baseline_retrain_20260902/Dataset003_Liver/nnUNetTrainer_MedNeXt_MHA_MoE__nnUNetPlans__3d_fullres/fold_0/checkpoint_best.pth,MedNeXt_MLA_MoE,MedNeXt_MHA_MoE,tumor_dice,0.9160431662430393,0.9220346394473322,-0.005991473204292941
Internal,liver_101,MedNeXt_MLA_MoE vs MedNeXt_MHA_MoE,MedNeXt_MLA_MoE,MedNeXt_MHA_MoE,0.8247868450859076,0.8927796183417108,/home/PuMengYu/8T/nnUNet_result/results_v2_moe_retrain_after_fix_20260907/Dataset003_Liver/nnUNetTrainer_MedNeXt_MLA_MoE__nnUNetPlans__3d_fullres/fold_0/checkpoint_best.pth,/home/PuMengYu/nnUNet_workspace/results_v2_baseline_retrain_20260902/Dataset003_Liver/nnUNetTrainer_MedNeXt_MHA_MoE__nnUNetPlans__3d_fullres/fold_0/checkpoint_best.pth,MedNeXt_MLA_MoE,MedNeXt_MHA_MoE,tumor_dice,0.8247868450859076,0.8927796183417108,-0.06799277325580322
Internal,liver_11,MedNeXt_MLA_MoE vs MedNeXt_MHA_MoE,MedNeXt_MLA_MoE,MedNeXt_MHA_MoE,0.748028539241457,0.8105815617876265,/home/PuMengYu/8T/nnUNet_result/results_v2_moe_retrain_after_fix_20260907/Dataset003_Liver/nnUNetTrainer_MedNeXt_MLA_MoE__nnUNetPlans__3d_fullres/fold_0/checkpoint_best.pth,/home/PuMengYu/nnUNet_workspace/results_v2_baseline_retrain_20260902/Dataset003_Liver/nnUNetTrainer_MedNeXt_MHA_MoE__nnUNetPlans__3d_fullres/fold_0/checkpoint_best.pth,MedNeXt_MLA_MoE,MedNeXt_MHA_MoE,tumor_dice,0.748028539241457,0.8105815617876265,-0.06255302254616957
Internal,liver_111,MedNeXt_MLA_MoE vs MedNeXt_MHA_MoE,MedNeXt_MLA_MoE,MedNeXt_MHA_MoE,0.6851053032225324,0.6717001125902378,/home/PuMengYu/8T/nnUNet_result/results_v2_moe_retrain_after_fix_20260907/Dataset003_Liver/nnUNetTrainer_MedNeXt_MLA_MoE__nnUNetPlans__3d_fullres/fold_0/checkpoint_best.pth,/home/PuMengYu/nnUNet_workspace/results_v2_baseline_retrain_20260902/Dataset003_Liver/nnUNetTrainer_MedNeXt_MHA_MoE__nnUNetPlans__3d_fullres/fold_0/checkpoint_best.pth,MedNeXt_MLA_MoE,MedNeXt_MHA_MoE,tumor_dice,0.6851053032225324,0.6717001125902378,0.013405190632294617
Internal,liver_112,MedNeXt_MLA_MoE vs MedNeXt_MHA_MoE,MedNeXt_MLA_MoE,MedNeXt_MHA_MoE,0.5840188014101058,0.581986143187067,/home/PuMengYu/8T/nnUNet_result/results_v2_moe_retrain_after_fix_20260907/Dataset003_Liver/nnUNetTrainer_MedNeXt_MLA_MoE__nnUNetPlans__3d_fullres/fold_0/checkpoint_best.pth,/home/PuMengYu/nnUNet_workspace/results_v2_baseline_retrain_20260902/Dataset003_Liver/nnUNetTrainer_MedNeXt_MHA_MoE__nnUNetPlans__3d_fullres/fold_0/checkpoint_best.pth,MedNeXt_MLA_MoE,MedNeXt_MHA_MoE,tumor_dice,0.5840188014101058,0.581986143187067,0.0020326582230387746
Internal,liver_117,MedNeXt_MLA_MoE vs MedNeXt_MHA_MoE,MedNeXt_MLA_MoE,MedNeXt_MHA_MoE,0.8875582612763723,0.8859421014142885,/home/PuMengYu/8T/nnUNet_result/results_v2_moe_retrain_after_fix_20260907/Dataset003_Liver/nnUNetTrainer_MedNeXt_MLA_MoE__nnUNetPlans__3d_fullres/fold_0/checkpoint_best.pth,/home/PuMengYu/nnUNet_workspace/results_v2_baseline_retrain_20260902/Dataset003_Liver/nnUNetTrainer_MedNeXt_MHA_MoE__nnUNetPlans__3d_fullres/fold_0/checkpoint_best.pth,MedNeXt_MLA_MoE,MedNeXt_MHA_MoE,tumor_dice,0.8875582612763723,0.8859421014142885,0.0016161598620837436
Internal,liver_127,MedNeXt_MLA_MoE vs MedNeXt_MHA_MoE,MedNeXt_MLA_MoE,MedNeXt_MHA_MoE,0.15479876160990713,0.11392405063291139,/home/PuMengYu/8T/nnUNet_result/results_v2_moe_retrain_after_fix_20260907/Dataset003_Liver/nnUNetTrainer_MedNeXt_MLA_MoE__nnUNetPlans__3d_fullres/fold_0/checkpoint_best.pth,/home/PuMengYu/nnUNet_workspace/results_v2_baseline_retrain_20260902/Dataset003_Liver/nnUNetTrainer_MedNeXt_MHA_MoE__nnUNetPlans__3d_fullres/fold_0/checkpoint_best.pth,MedNeXt_MLA_MoE,MedNeXt_MHA_MoE,tumor_dice,0.15479876160990713,0.11392405063291139,0.04087471097699574
Internal,liver_128,MedNeXt_MLA_MoE vs MedNeXt_MHA_MoE,MedNeXt_MLA_MoE,MedNeXt_MHA_MoE,0.7613363354419572,0.7419569781314075,/home/PuMengYu/8T/nnUNet_result/results_v2_moe_retrain_after_fix_20260907/Dataset003_Liver/nnUNetTrainer_MedNeXt_MLA_MoE__nnUNetPlans__3d_fullres/fold_0/checkpoint_best.pth,/home/PuMengYu/nnUNet_workspace/results_v2_baseline_retrain_20260902/Dataset003_Liver/nnUNetTrainer_MedNeXt_MHA_MoE__nnUNetPlans__3d_fullres/fold_0/checkpoint_best.pth,MedNeXt_MLA_MoE,MedNeXt_MHA_MoE,tumor_dice,0.7613363354419572,0.7419569781314075,0.01937935731054974
Internal,liver_129,MedNeXt_MLA_MoE vs MedNeXt_MHA_MoE,MedNeXt_MLA_MoE,MedNeXt_MHA_MoE,0.9342969100399326,0.9357709724725803,/home/PuMengYu/8T/nnUNet_result/results_v2_moe_retrain_after_fix_20260907/Dataset003_Liver/nnUNetTrainer_MedNeXt_MLA_MoE__nnUNetPlans__3d_fullres/fold_0/checkpoint_best.pth,/home/PuMengYu/nnUNet_workspace/results_v2_baseline_retrain_20260902/Dataset003_Liver/nnUNetTrainer_MedNeXt_MHA_MoE__nnUNetPlans__3d_fullres/fold_0/checkpoint_best.pth,MedNeXt_MLA_MoE,MedNeXt_MHA_MoE,tumor_dice,0.9342969100399326,0.9357709724725803,-0.0014740624326476937
Internal,liver_130,MedNeXt_MLA_MoE vs MedNeXt_MHA_MoE,MedNeXt_MLA_MoE,MedNeXt_MHA_MoE,0.6602120135374111,0.7094416552591074,/home/PuMengYu/8T/nnUNet_result/results_v2_moe_retrain_after_fix_20260907/Dataset003_Liver/nnUNetTrainer_MedNeXt_MLA_MoE__nnUNetPlans__3d_fullres/fold_0/checkpoint_best.pth,/home/PuMengYu/nnUNet_workspace/results_v2_baseline_retrain_20260902/Dataset003_Liver/nnUNetTrainer_MedNeXt_MHA_MoE__nnUNetPlans__3d_fullres/fold_0/checkpoint_best.pth,MedNeXt_MLA_MoE,MedNeXt_MHA_MoE,tumor_dice,0.6602120135374111,0.7094416552591074,-0.049229641721696304
Internal,liver_17,MedNeXt_MLA_MoE vs MedNeXt_MHA_MoE,MedNeXt_MLA_MoE,MedNeXt_MHA_MoE,0.8718387502903032,0.8617751734550815,/home/PuMengYu/8T/nnUNet_result/results_v2_moe_retrain_after_fix_20260907/Dataset003_Liver/nnUNetTrainer_MedNeXt_MLA_MoE__nnUNetPlans__3d_fullres/fold_0/checkpoint_best.pth,/home/PuMengYu/nnUNet_workspace/results_v2_baseline_retrain_20260902/Dataset003_Liver/nnUNetTrainer_MedNeXt_MHA_MoE__nnUNetPlans__3d_fullres/fold_0/checkpoint_best.pth,MedNeXt_MLA_MoE,MedNeXt_MHA_MoE,tumor_dice,0.8718387502903032,0.8617751734550815,0.010063576835221744
Internal,liver_36,MedNeXt_MLA_MoE vs MedNeXt_MHA_MoE,MedNeXt_MLA_MoE,MedNeXt_MHA_MoE,0.8317508545385491,0.8477218692754414,/home/PuMengYu/8T/nnUNet_result/results_v2_moe_retrain_after_fix_20260907/Dataset003_Liver/nnUNetTrainer_MedNeXt_MLA_MoE__nnUNetPlans__3d_fullres/fold_0/checkpoint_best.pth,/home/PuMengYu/nnUNet_workspace/results_v2_baseline_retrain_20260902/Dataset003_Liver/nnUNetTrainer_MedNeXt_MHA_MoE__nnUNetPlans__3d_fullres/fold_0/checkpoint_best.pth,MedNeXt_MLA_MoE,MedNeXt_MHA_MoE,tumor_dice,0.8317508545385491,0.8477218692754414,-0.01597101473689222
Internal,liver_48,MedNeXt_MLA_MoE vs MedNeXt_MHA_MoE,MedNeXt_MLA_MoE,MedNeXt_MHA_MoE,0.8475908919360926,0.8656113885052586,/home/PuMengYu/8T/nnUNet_result/results_v2_moe_retrain_after_fix_20260907/Dataset003_Liver/nnUNetTrainer_MedNeXt_MLA_MoE__nnUNetPlans__3d_fullres/fold_0/checkpoint_best.pth,/home/PuMengYu/nnUNet_workspace/results_v2_baseline_retrain_20260902/Dataset003_Liver/nnUNetTrainer_MedNeXt_MHA_MoE__nnUNetPlans__3d_fullres/fold_0/checkpoint_best.pth,MedNeXt_MLA_MoE,MedNeXt_MHA_MoE,tumor_dice,0.8475908919360926,0.8656113885052586,-0.018020496569166045
Internal,liver_52,MedNeXt_MLA_MoE vs MedNeXt_MHA_MoE,MedNeXt_MLA_MoE,MedNeXt_MHA_MoE,0.7516218164344065,0.7832455662490164,/home/PuMengYu/8T/nnUNet_result/results_v2_moe_retrain_after_fix_20260907/Dataset003_Liver/nnUNetTrainer_MedNeXt_MLA_MoE__nnUNetPlans__3d_fullres/fold_0/checkpoint_best.pth,/home/PuMengYu/nnUNet_workspace/results_v2_baseline_retrain_20260902/Dataset003_Liver/nnUNetTrainer_MedNeXt_MHA_MoE__nnUNetPlans__3d_fullres/fold_0/checkpoint_best.pth,MedNeXt_MLA_MoE,MedNeXt_MHA_MoE,tumor_dice,0.7516218164344065,0.7832455662490164,-0.031623749814609914
Internal,liver_58,MedNeXt_MLA_MoE vs MedNeXt_MHA_MoE,MedNeXt_MLA_MoE,MedNeXt_MHA_MoE,0.608735632183908,0.5669751583049196,/home/PuMengYu/8T/nnUNet_result/results_v2_moe_retrain_after_fix_20260907/Dataset003_Liver/nnUNetTrainer_MedNeXt_MLA_MoE__nnUNetPlans__3d_fullres/fold_0/checkpoint_best.pth,/home/PuMengYu/nnUNet_workspace/results_v2_baseline_retrain_20260902/Dataset003_Liver/nnUNetTrainer_MedNeXt_MHA_MoE__nnUNetPlans__3d_fullres/fold_0/checkpoint_best.pth,MedNeXt_MLA_MoE,MedNeXt_MHA_MoE,tumor_dice,0.608735632183908,0.5669751583049196,0.0417604738789884
Internal,liver_6,MedNeXt_MLA_MoE vs MedNeXt_MHA_MoE,MedNeXt_MLA_MoE,MedNeXt_MHA_MoE,0.8654048054713982,0.8666875550184265,/home/PuMengYu/8T/nnUNet_result/results_v2_moe_retrain_after_fix_20260907/Dataset003_Liver/nnUNetTrainer_MedNeXt_MLA_MoE__nnUNetPlans__3d_fullres/fold_0/checkpoint_best.pth,/home/PuMengYu/nnUNet_workspace/results_v2_baseline_retrain_20260902/Dataset003_Liver/nnUNetTrainer_MedNeXt_MHA_MoE__nnUNetPlans__3d_fullres/fold_0/checkpoint_best.pth,MedNeXt_MLA_MoE,MedNeXt_MHA_MoE,tumor_dice,0.8654048054713982,0.8666875550184265,-0.001282749547028339
Internal,liver_63,MedNeXt_MLA_MoE vs MedNeXt_MHA_MoE,MedNeXt_MLA_MoE,MedNeXt_MHA_MoE,0.46445497630331756,0.4980544747081712,/home/PuMengYu/8T/nnUNet_result/results_v2_moe_retrain_after_fix_20260907/Dataset003_Liver/nnUNetTrainer_MedNeXt_MLA_MoE__nnUNetPlans__3d_fullres/fold_0/checkpoint_best.pth,/home/PuMengYu/nnUNet_workspace/results_v2_baseline_retrain_20260902/Dataset003_Liver/nnUNetTrainer_MedNeXt_MHA_MoE__nnUNetPlans__3d_fullres/fold_0/checkpoint_best.pth,MedNeXt_MLA_MoE,MedNeXt_MHA_MoE,tumor_dice,0.46445497630331756,0.4980544747081712,-0.033599498404853656
Internal,liver_68,MedNeXt_MLA_MoE vs MedNeXt_MHA_MoE,MedNeXt_MLA_MoE,MedNeXt_MHA_MoE,0.8689261818580674,0.8780017152658662,/home/PuMengYu/8T/nnUNet_result/results_v2_moe_retrain_after_fix_20260907/Dataset003_Liver/nnUNetTrainer_MedNeXt_MLA_MoE__nnUNetPlans__3d_fullres/fold_0/checkpoint_best.pth,/home/PuMengYu/nnUNet_workspace/results_v2_baseline_retrain_20260902/Dataset003_Liver/nnUNetTrainer_MedNeXt_MHA_MoE__nnUNetPlans__3d_fullres/fold_0/checkpoint_best.pth,MedNeXt_MLA_MoE,MedNeXt_MHA_MoE,tumor_dice,0.8689261818580674,0.8780017152658662,-0.009075533407798875
Internal,liver_75,MedNeXt_MLA_MoE vs MedNeXt_MHA_MoE,MedNeXt_MLA_MoE,MedNeXt_MHA_MoE,0.826601540484689,0.8178767002296414,/home/PuMengYu/8T/nnUNet_result/results_v2_moe_retrain_after_fix_20260907/Dataset003_Liver/nnUNetTrainer_MedNeXt_MLA_MoE__nnUNetPlans__3d_fullres/fold_0/checkpoint_best.pth,/home/PuMengYu/nnUNet_workspace/results_v2_baseline_retrain_20260902/Dataset003_Liver/nnUNetTrainer_MedNeXt_MHA_MoE__nnUNetPlans__3d_fullres/fold_0/checkpoint_best.pth,MedNeXt_MLA_MoE,MedNeXt_MHA_MoE,tumor_dice,0.826601540484689,0.8178767002296414,0.008724840255047606
Internal,liver_84,MedNeXt_MLA_MoE vs MedNeXt_MHA_MoE,MedNeXt_MLA_MoE,MedNeXt_MHA_MoE,0.7510384847772817,0.7786968816912021,/home/PuMengYu/8T/nnUNet_result/results_v2_moe_retrain_after_fix_20260907/Dataset003_Liver/nnUNetTrainer_MedNeXt_MLA_MoE__nnUNetPlans__3d_fullres/fold_0/checkpoint_best.pth,/home/PuMengYu/nnUNet_workspace/results_v2_baseline_retrain_20260902/Dataset003_Liver/nnUNetTrainer_MedNeXt_MHA_MoE__nnUNetPlans__3d_fullres/fold_0/checkpoint_best.pth,MedNeXt_MLA_MoE,MedNeXt_MHA_MoE,tumor_dice,0.7510384847772817,0.7786968816912021,-0.027658396913920358
Internal,liver_90,MedNeXt_MLA_MoE vs MedNeXt_MHA_MoE,MedNeXt_MLA_MoE,MedNeXt_MHA_MoE,0.8399675300715814,0.8368527686412804,/home/PuMengYu/8T/nnUNet_result/results_v2_moe_retrain_after_fix_20260907/Dataset003_Liver/nnUNetTrainer_MedNeXt_MLA_MoE__nnUNetPlans__3d_fullres/fold_0/checkpoint_best.pth,/home/PuMengYu/nnUNet_workspace/results_v2_baseline_retrain_20260902/Dataset003_Liver/nnUNetTrainer_MedNeXt_MHA_MoE__nnUNetPlans__3d_fullres/fold_0/checkpoint_best.pth,MedNeXt_MLA_MoE,MedNeXt_MHA_MoE,tumor_dice,0.8399675300715814,0.8368527686412804,0.003114761430300983
Internal,liver_96,MedNeXt_MLA_MoE vs MedNeXt_MHA_MoE,MedNeXt_MLA_MoE,MedNeXt_MHA_MoE,0.6909522366959507,0.6840646234382454,/home/PuMengYu/8T/nnUNet_result/results_v2_moe_retrain_after_fix_20260907/Dataset003_Liver/nnUNetTrainer_MedNeXt_MLA_MoE__nnUNetPlans__3d_fullres/fold_0/checkpoint_best.pth,/home/PuMengYu/nnUNet_workspace/results_v2_baseline_retrain_20260902/Dataset003_Liver/nnUNetTrainer_MedNeXt_MHA_MoE__nnUNetPlans__3d_fullres/fold_0/checkpoint_best.pth,MedNeXt_MLA_MoE,MedNeXt_MHA_MoE,tumor_dice,0.6909522366959507,0.6840646234382454,0.006887613257705372
Internal,liver_97,MedNeXt_MLA_MoE vs MedNeXt_MHA_MoE,MedNeXt_MLA_MoE,MedNeXt_MHA_MoE,0.8950162326906513,0.8731301790862835,/home/PuMengYu/8T/nnUNet_result/results_v2_moe_retrain_after_fix_20260907/Dataset003_Liver/nnUNetTrainer_MedNeXt_MLA_MoE__nnUNetPlans__3d_fullres/fold_0/checkpoint_best.pth,/home/PuMengYu/nnUNet_workspace/results_v2_baseline_retrain_20260902/Dataset003_Liver/nnUNetTrainer_MedNeXt_MHA_MoE__nnUNetPlans__3d_fullres/fold_0/checkpoint_best.pth,MedNeXt_MLA_MoE,MedNeXt_MHA_MoE,tumor_dice,0.8950162326906513,0.8731301790862835,0.021886053604367794
Internal,liver_100,MedNeXt_MLA_MoE vs MedNeXt_MHA_MoE,MedNeXt_MLA_MoE,MedNeXt_MHA_MoE,0.9204562177603334,0.9107721338430734,/home/PuMengYu/8T/nnUNet_result/results_v2_moe_retrain_after_fix_20260907/Dataset003_Liver/nnUNetTrainer_MedNeXt_MLA_MoE__nnUNetPlans__3d_fullres/fold_0/checkpoint_best.pth,/home/PuMengYu/nnUNet_workspace/results_v2_baseline_retrain_20260902/Dataset003_Liver/nnUNetTrainer_MedNeXt_MHA_MoE__nnUNetPlans__3d_fullres/fold_0/checkpoint_best.pth,MedNeXt_MLA_MoE,MedNeXt_MHA_MoE,tumor_recall,0.9204562177603334,0.9107721338430734,0.009684083917259945
Internal,liver_101,MedNeXt_MLA_MoE vs MedNeXt_MHA_MoE,MedNeXt_MLA_MoE,MedNeXt_MHA_MoE,0.8860978916020812,0.9004172402950013,/home/PuMengYu/8T/nnUNet_result/results_v2_moe_retrain_after_fix_20260907/Dataset003_Liver/nnUNetTrainer_MedNeXt_MLA_MoE__nnUNetPlans__3d_fullres/fold_0/checkpoint_best.pth,/home/PuMengYu/nnUNet_workspace/results_v2_baseline_retrain_20260902/Dataset003_Liver/nnUNetTrainer_MedNeXt_MHA_MoE__nnUNetPlans__3d_fullres/fold_0/checkpoint_best.pth,MedNeXt_MLA_MoE,MedNeXt_MHA_MoE,tumor_recall,0.8860978916020812,0.9004172402950013,-0.014319348692920064
Internal,liver_11,MedNeXt_MLA_MoE vs MedNeXt_MHA_MoE,MedNeXt_MLA_MoE,MedNeXt_MHA_MoE,0.6609157266091573,0.7247132429614181,/home/PuMengYu/8T/nnUNet_result/results_v2_moe_retrain_after_fix_20260907/Dataset003_Liver/nnUNetTrainer_MedNeXt_MLA_MoE__nnUNetPlans__3d_fullres/fold_0/checkpoint_best.pth,/home/PuMengYu/nnUNet_workspace/results_v2_baseline_retrain_20260902/Dataset003_Liver/nnUNetTrainer_MedNeXt_MHA_MoE__nnUNetPlans__3d_fullres/fold_0/checkpoint_best.pth,MedNeXt_MLA_MoE,MedNeXt_MHA_MoE,tumor_recall,0.6609157266091573,0.7247132429614181,-0.06379751635226083
Internal,liver_111,MedNeXt_MLA_MoE vs MedNeXt_MHA_MoE,MedNeXt_MLA_MoE,MedNeXt_MHA_MoE,0.7397260273972602,0.6946575342465754,/home/PuMengYu/8T/nnUNet_result/results_v2_moe_retrain_after_fix_20260907/Dataset003_Liver/nnUNetTrainer_MedNeXt_MLA_MoE__nnUNetPlans__3d_fullres/fold_0/checkpoint_best.pth,/home/PuMengYu/nnUNet_workspace/results_v2_baseline_retrain_20260902/Dataset003_Liver/nnUNetTrainer_MedNeXt_MHA_MoE__nnUNetPlans__3d_fullres/fold_0/checkpoint_best.pth,MedNeXt_MLA_MoE,MedNeXt_MHA_MoE,tumor_recall,0.7397260273972602,0.6946575342465754,0.04506849315068484
Internal,liver_112,MedNeXt_MLA_MoE vs MedNeXt_MHA_MoE,MedNeXt_MLA_MoE,MedNeXt_MHA_MoE,0.8416596104995766,0.8535139712108383,/home/PuMengYu/8T/nnUNet_result/results_v2_moe_retrain_after_fix_20260907/Dataset003_Liver/nnUNetTrainer_MedNeXt_MLA_MoE__nnUNetPlans__3d_fullres/fold_0/checkpoint_best.pth,/home/PuMengYu/nnUNet_workspace/results_v2_baseline_retrain_20260902/Dataset003_Liver/nnUNetTrainer_MedNeXt_MHA_MoE__nnUNetPlans__3d_fullres/fold_0/checkpoint_best.pth,MedNeXt_MLA_MoE,MedNeXt_MHA_MoE,tumor_recall,0.8416596104995766,0.8535139712108383,-0.011854360711261669
Internal,liver_117,MedNeXt_MLA_MoE vs MedNeXt_MHA_MoE,MedNeXt_MLA_MoE,MedNeXt_MHA_MoE,0.9136517834003164,0.9102913473849522,/home/PuMengYu/8T/nnUNet_result/results_v2_moe_retrain_after_fix_20260907/Dataset003_Liver/nnUNetTrainer_MedNeXt_MLA_MoE__nnUNetPlans__3d_fullres/fold_0/checkpoint_best.pth,/home/PuMengYu/nnUNet_workspace/results_v2_baseline_retrain_20260902/Dataset003_Liver/nnUNetTrainer_MedNeXt_MHA_MoE__nnUNetPlans__3d_fullres/fold_0/checkpoint_best.pth,MedNeXt_MLA_MoE,MedNeXt_MHA_MoE,tumor_recall,0.9136517834003164,0.9102913473849522,0.0033604360153641766
Internal,liver_127,MedNeXt_MLA_MoE vs MedNeXt_MHA_MoE,MedNeXt_MLA_MoE,MedNeXt_MHA_MoE,0.08389261744966443,0.06040268456375839,/home/PuMengYu/8T/nnUNet_result/results_v2_moe_retrain_after_fix_20260907/Dataset003_Liver/nnUNetTrainer_MedNeXt_MLA_MoE__nnUNetPlans__3d_fullres/fold_0/checkpoint_best.pth,/home/PuMengYu/nnUNet_workspace/results_v2_baseline_retrain_20260902/Dataset003_Liver/nnUNetTrainer_MedNeXt_MHA_MoE__nnUNetPlans__3d_fullres/fold_0/checkpoint_best.pth,MedNeXt_MLA_MoE,MedNeXt_MHA_MoE,tumor_recall,0.08389261744966443,0.06040268456375839,0.02348993288590604
Internal,liver_128,MedNeXt_MLA_MoE vs MedNeXt_MHA_MoE,MedNeXt_MLA_MoE,MedNeXt_MHA_MoE,0.8806625570734307,0.9274910963917037,/home/PuMengYu/8T/nnUNet_result/results_v2_moe_retrain_after_fix_20260907/Dataset003_Liver/nnUNetTrainer_MedNeXt_MLA_MoE__nnUNetPlans__3d_fullres/fold_0/checkpoint_best.pth,/home/PuMengYu/nnUNet_workspace/results_v2_baseline_retrain_20260902/Dataset003_Liver/nnUNetTrainer_MedNeXt_MHA_MoE__nnUNetPlans__3d_fullres/fold_0/checkpoint_best.pth,MedNeXt_MLA_MoE,MedNeXt_MHA_MoE,tumor_recall,0.8806625570734307,0.9274910963917037,-0.04682853931827302
Internal,liver_129,MedNeXt_MLA_MoE vs MedNeXt_MHA_MoE,MedNeXt_MLA_MoE,MedNeXt_MHA_MoE,0.9031451184295615,0.9083064323994586,/home/PuMengYu/8T/nnUNet_result/results_v2_moe_retrain_after_fix_20260907/Dataset003_Liver/nnUNetTrainer_MedNeXt_MLA_MoE__nnUNetPlans__3d_fullres/fold_0/checkpoint_best.pth,/home/PuMengYu/nnUNet_workspace/results_v2_baseline_retrain_20260902/Dataset003_Liver/nnUNetTrainer_MedNeXt_MHA_MoE__nnUNetPlans__3d_fullres/fold_0/checkpoint_best.pth,MedNeXt_MLA_MoE,MedNeXt_MHA_MoE,tumor_recall,0.9031451184295615,0.9083064323994586,-0.005161313969897163
Internal,liver_130,MedNeXt_MLA_MoE vs MedNeXt_MHA_MoE,MedNeXt_MLA_MoE,MedNeXt_MHA_MoE,0.5084570843800499,0.5661238194627128,/home/PuMengYu/8T/nnUNet_result/results_v2_moe_retrain_after_fix_20260907/Dataset003_Liver/nnUNetTrainer_MedNeXt_MLA_MoE__nnUNetPlans__3d_fullres/fold_0/checkpoint_best.pth,/home/PuMengYu/nnUNet_workspace/results_v2_baseline_retrain_20260902/Dataset003_Liver/nnUNetTrainer_MedNeXt_MHA_MoE__nnUNetPlans__3d_fullres/fold_0/checkpoint_best.pth,MedNeXt_MLA_MoE,MedNeXt_MHA_MoE,tumor_recall,0.5084570843800499,0.5661238194627128,-0.05766673508266296
Internal,liver_17,MedNeXt_MLA_MoE vs MedNeXt_MHA_MoE,MedNeXt_MLA_MoE,MedNeXt_MHA_MoE,0.9465707612273065,0.9544006794776515,/home/PuMengYu/8T/nnUNet_result/results_v2_moe_retrain_after_fix_20260907/Dataset003_Liver/nnUNetTrainer_MedNeXt_MLA_MoE__nnUNetPlans__3d_fullres/fold_0/checkpoint_best.pth,/home/PuMengYu/nnUNet_workspace/results_v2_baseline_retrain_20260902/Dataset003_Liver/nnUNetTrainer_MedNeXt_MHA_MoE__nnUNetPlans__3d_fullres/fold_0/checkpoint_best.pth,MedNeXt_MLA_MoE,MedNeXt_MHA_MoE,tumor_recall,0.9465707612273065,0.9544006794776515,-0.007829918250344958
Internal,liver_36,MedNeXt_MLA_MoE vs MedNeXt_MHA_MoE,MedNeXt_MLA_MoE,MedNeXt_MHA_MoE,0.8042498227129977,0.826284064431162,/home/PuMengYu/8T/nnUNet_result/results_v2_moe_retrain_after_fix_20260907/Dataset003_Liver/nnUNetTrainer_MedNeXt_MLA_MoE__nnUNetPlans__3d_fullres/fold_0/checkpoint_best.pth,/home/PuMengYu/nnUNet_workspace/results_v2_baseline_retrain_20260902/Dataset003_Liver/nnUNetTrainer_MedNeXt_MHA_MoE__nnUNetPlans__3d_fullres/fold_0/checkpoint_best.pth,MedNeXt_MLA_MoE,MedNeXt_MHA_MoE,tumor_recall,0.8042498227129977,0.826284064431162,-0.02203424171816426
Internal,liver_48,MedNeXt_MLA_MoE vs MedNeXt_MHA_MoE,MedNeXt_MLA_MoE,MedNeXt_MHA_MoE,0.7596256835221827,0.8038220869271098,/home/PuMengYu/8T/nnUNet_result/results_v2_moe_retrain_after_fix_20260907/Dataset003_Liver/nnUNetTrainer_MedNeXt_MLA_MoE__nnUNetPlans__3d_fullres/fold_0/checkpoint_best.pth,/home/PuMengYu/nnUNet_workspace/results_v2_baseline_retrain_20260902/Dataset003_Liver/nnUNetTrainer_MedNeXt_MHA_MoE__nnUNetPlans__3d_fullres/fold_0/checkpoint_best.pth,MedNeXt_MLA_MoE,MedNeXt_MHA_MoE,tumor_recall,0.7596256835221827,0.8038220869271098,-0.04419640340492703
Internal,liver_52,MedNeXt_MLA_MoE vs MedNeXt_MHA_MoE,MedNeXt_MLA_MoE,MedNeXt_MHA_MoE,0.6839199825098382,0.7072584171403585,/home/PuMengYu/8T/nnUNet_result/results_v2_moe_retrain_after_fix_20260907/Dataset003_Liver/nnUNetTrainer_MedNeXt_MLA_MoE__nnUNetPlans__3d_fullres/fold_0/checkpoint_best.pth,/home/PuMengYu/nnUNet_workspace/results_v2_baseline_retrain_20260902/Dataset003_Liver/nnUNetTrainer_MedNeXt_MHA_MoE__nnUNetPlans__3d_fullres/fold_0/checkpoint_best.pth,MedNeXt_MLA_MoE,MedNeXt_MHA_MoE,tumor_recall,0.6839199825098382,0.7072584171403585,-0.02333843463052032
Internal,liver_58,MedNeXt_MLA_MoE vs MedNeXt_MHA_MoE,MedNeXt_MLA_MoE,MedNeXt_MHA_MoE,0.4587664587664588,0.40332640332640335,/home/PuMengYu/8T/nnUNet_result/results_v2_moe_retrain_after_fix_20260907/Dataset003_Liver/nnUNetTrainer_MedNeXt_MLA_MoE__nnUNetPlans__3d_fullres/fold_0/checkpoint_best.pth,/home/PuMengYu/nnUNet_workspace/results_v2_baseline_retrain_20260902/Dataset003_Liver/nnUNetTrainer_MedNeXt_MHA_MoE__nnUNetPlans__3d_fullres/fold_0/checkpoint_best.pth,MedNeXt_MLA_MoE,MedNeXt_MHA_MoE,tumor_recall,0.4587664587664588,0.40332640332640335,0.055440055440055425
Internal,liver_6,MedNeXt_MLA_MoE vs MedNeXt_MHA_MoE,MedNeXt_MLA_MoE,MedNeXt_MHA_MoE,0.9168335081196174,0.9229986970477008,/home/PuMengYu/8T/nnUNet_result/results_v2_moe_retrain_after_fix_20260907/Dataset003_Liver/nnUNetTrainer_MedNeXt_MLA_MoE__nnUNetPlans__3d_fullres/fold_0/checkpoint_best.pth,/home/PuMengYu/nnUNet_workspace/results_v2_baseline_retrain_20260902/Dataset003_Liver/nnUNetTrainer_MedNeXt_MHA_MoE__nnUNetPlans__3d_fullres/fold_0/checkpoint_best.pth,MedNeXt_MLA_MoE,MedNeXt_MHA_MoE,tumor_recall,0.9168335081196174,0.9229986970477008,-0.006165188928083376
Internal,liver_63,MedNeXt_MLA_MoE vs MedNeXt_MHA_MoE,MedNeXt_MLA_MoE,MedNeXt_MHA_MoE,0.4273255813953488,0.37209302325581395,/home/PuMengYu/8T/nnUNet_result/results_v2_moe_retrain_after_fix_20260907/Dataset003_Liver/nnUNetTrainer_MedNeXt_MLA_MoE__nnUNetPlans__3d_fullres/fold_0/checkpoint_best.pth,/home/PuMengYu/nnUNet_workspace/results_v2_baseline_retrain_20260902/Dataset003_Liver/nnUNetTrainer_MedNeXt_MHA_MoE__nnUNetPlans__3d_fullres/fold_0/checkpoint_best.pth,MedNeXt_MLA_MoE,MedNeXt_MHA_MoE,tumor_recall,0.4273255813953488,0.37209302325581395,0.05523255813953487
Internal,liver_68,MedNeXt_MLA_MoE vs MedNeXt_MHA_MoE,MedNeXt_MLA_MoE,MedNeXt_MHA_MoE,0.8103518821603928,0.8377659574468085,/home/PuMengYu/8T/nnUNet_result/results_v2_moe_retrain_after_fix_20260907/Dataset003_Liver/nnUNetTrainer_MedNeXt_MLA_MoE__nnUNetPlans__3d_fullres/fold_0/checkpoint_best.pth,/home/PuMengYu/nnUNet_workspace/results_v2_baseline_retrain_20260902/Dataset003_Liver/nnUNetTrainer_MedNeXt_MHA_MoE__nnUNetPlans__3d_fullres/fold_0/checkpoint_best.pth,MedNeXt_MLA_MoE,MedNeXt_MHA_MoE,tumor_recall,0.8103518821603928,0.8377659574468085,-0.027414075286415707
Internal,liver_75,MedNeXt_MLA_MoE vs MedNeXt_MHA_MoE,MedNeXt_MLA_MoE,MedNeXt_MHA_MoE,0.8139104698483167,0.8564557898631151,/home/PuMengYu/8T/nnUNet_result/results_v2_moe_retrain_after_fix_20260907/Dataset003_Liver/nnUNetTrainer_MedNeXt_MLA_MoE__nnUNetPlans__3d_fullres/fold_0/checkpoint_best.pth,/home/PuMengYu/nnUNet_workspace/results_v2_baseline_retrain_20260902/Dataset003_Liver/nnUNetTrainer_MedNeXt_MHA_MoE__nnUNetPlans__3d_fullres/fold_0/checkpoint_best.pth,MedNeXt_MLA_MoE,MedNeXt_MHA_MoE,tumor_recall,0.8139104698483167,0.8564557898631151,-0.04254532001479838
Internal,liver_84,MedNeXt_MLA_MoE vs MedNeXt_MHA_MoE,MedNeXt_MLA_MoE,MedNeXt_MHA_MoE,0.6613406489871699,0.7541515411828821,/home/PuMengYu/8T/nnUNet_result/results_v2_moe_retrain_after_fix_20260907/Dataset003_Liver/nnUNetTrainer_MedNeXt_MLA_MoE__nnUNetPlans__3d_fullres/fold_0/checkpoint_best.pth,/home/PuMengYu/nnUNet_workspace/results_v2_baseline_retrain_20260902/Dataset003_Liver/nnUNetTrainer_MedNeXt_MHA_MoE__nnUNetPlans__3d_fullres/fold_0/checkpoint_best.pth,MedNeXt_MLA_MoE,MedNeXt_MHA_MoE,tumor_recall,0.6613406489871699,0.7541515411828821,-0.09281089219571215
Internal,liver_90,MedNeXt_MLA_MoE vs MedNeXt_MHA_MoE,MedNeXt_MLA_MoE,MedNeXt_MHA_MoE,0.7939320746294237,0.7869370608187554,/home/PuMengYu/8T/nnUNet_result/results_v2_moe_retrain_after_fix_20260907/Dataset003_Liver/nnUNetTrainer_MedNeXt_MLA_MoE__nnUNetPlans__3d_fullres/fold_0/checkpoint_best.pth,/home/PuMengYu/nnUNet_workspace/results_v2_baseline_retrain_20260902/Dataset003_Liver/nnUNetTrainer_MedNeXt_MHA_MoE__nnUNetPlans__3d_fullres/fold_0/checkpoint_best.pth,MedNeXt_MLA_MoE,MedNeXt_MHA_MoE,tumor_recall,0.7939320746294237,0.7869370608187554,0.00699501381066836
Internal,liver_96,MedNeXt_MLA_MoE vs MedNeXt_MHA_MoE,MedNeXt_MLA_MoE,MedNeXt_MHA_MoE,0.675252263587694,0.6544543951841709,/home/PuMengYu/8T/nnUNet_result/results_v2_moe_retrain_after_fix_20260907/Dataset003_Liver/nnUNetTrainer_MedNeXt_MLA_MoE__nnUNetPlans__3d_fullres/fold_0/checkpoint_best.pth,/home/PuMengYu/nnUNet_workspace/results_v2_baseline_retrain_20260902/Dataset003_Liver/nnUNetTrainer_MedNeXt_MHA_MoE__nnUNetPlans__3d_fullres/fold_0/checkpoint_best.pth,MedNeXt_MLA_MoE,MedNeXt_MHA_MoE,tumor_recall,0.675252263587694,0.6544543951841709,0.020797868403523045
Internal,liver_97,MedNeXt_MLA_MoE vs MedNeXt_MHA_MoE,MedNeXt_MLA_MoE,MedNeXt_MHA_MoE,0.9312211330327722,0.9450676262563593,/home/PuMengYu/8T/nnUNet_result/results_v2_moe_retrain_after_fix_20260907/Dataset003_Liver/nnUNetTrainer_MedNeXt_MLA_MoE__nnUNetPlans__3d_fullres/fold_0/checkpoint_best.pth,/home/PuMengYu/nnUNet_workspace/results_v2_baseline_retrain_20260902/Dataset003_Liver/nnUNetTrainer_MedNeXt_MHA_MoE__nnUNetPlans__3d_fullres/fold_0/checkpoint_best.pth,MedNeXt_MLA_MoE,MedNeXt_MHA_MoE,tumor_recall,0.9312211330327722,0.9450676262563593,-0.013846493223587109
Internal,liver_100,MedNeXt_MLA_MoE vs MedNeXt_MHA_MoE,MedNeXt_MLA_MoE,MedNeXt_MHA_MoE,0.9116722288370931,0.933579174345117,/home/PuMengYu/8T/nnUNet_result/results_v2_moe_retrain_after_fix_20260907/Dataset003_Liver/nnUNetTrainer_MedNeXt_MLA_MoE__nnUNetPlans__3d_fullres/fold_0/checkpoint_best.pth,/home/PuMengYu/nnUNet_workspace/results_v2_baseline_retrain_20260902/Dataset003_Liver/nnUNetTrainer_MedNeXt_MHA_MoE__nnUNetPlans__3d_fullres/fold_0/checkpoint_best.pth,MedNeXt_MLA_MoE,MedNeXt_MHA_MoE,tumor_precision,0.9116722288370931,0.933579174345117,-0.021906945508023856
Internal,liver_101,MedNeXt_MLA_MoE vs MedNeXt_MHA_MoE,MedNeXt_MLA_MoE,MedNeXt_MHA_MoE,0.7714112196401213,0.8852704760024317,/home/PuMengYu/8T/nnUNet_result/results_v2_moe_retrain_after_fix_20260907/Dataset003_Liver/nnUNetTrainer_MedNeXt_MLA_MoE__nnUNetPlans__3d_fullres/fold_0/checkpoint_best.pth,/home/PuMengYu/nnUNet_workspace/results_v2_baseline_retrain_20260902/Dataset003_Liver/nnUNetTrainer_MedNeXt_MHA_MoE__nnUNetPlans__3d_fullres/fold_0/checkpoint_best.pth,MedNeXt_MLA_MoE,MedNeXt_MHA_MoE,tumor_precision,0.7714112196401213,0.8852704760024317,-0.11385925636231042
Internal,liver_11,MedNeXt_MLA_MoE vs MedNeXt_MHA_MoE,MedNeXt_MLA_MoE,MedNeXt_MHA_MoE,0.8615916955017301,0.919533317296127,/home/PuMengYu/8T/nnUNet_result/results_v2_moe_retrain_after_fix_20260907/Dataset003_Liver/nnUNetTrainer_MedNeXt_MLA_MoE__nnUNetPlans__3d_fullres/fold_0/checkpoint_best.pth,/home/PuMengYu/nnUNet_workspace/results_v2_baseline_retrain_20260902/Dataset003_Liver/nnUNetTrainer_MedNeXt_MHA_MoE__nnUNetPlans__3d_fullres/fold_0/checkpoint_best.pth,MedNeXt_MLA_MoE,MedNeXt_MHA_MoE,tumor_precision,0.8615916955017301,0.919533317296127,-0.05794162179439688
Internal,liver_111,MedNeXt_MLA_MoE vs MedNeXt_MHA_MoE,MedNeXt_MLA_MoE,MedNeXt_MHA_MoE,0.6379962192816635,0.6502115655853314,/home/PuMengYu/8T/nnUNet_result/results_v2_moe_retrain_after_fix_20260907/Dataset003_Liver/nnUNetTrainer_MedNeXt_MLA_MoE__nnUNetPlans__3d_fullres/fold_0/checkpoint_best.pth,/home/PuMengYu/nnUNet_workspace/results_v2_baseline_retrain_20260902/Dataset003_Liver/nnUNetTrainer_MedNeXt_MHA_MoE__nnUNetPlans__3d_fullres/fold_0/checkpoint_best.pth,MedNeXt_MLA_MoE,MedNeXt_MHA_MoE,tumor_precision,0.6379962192816635,0.6502115655853314,-0.01221534630366794
Internal,liver_112,MedNeXt_MLA_MoE vs MedNeXt_MHA_MoE,MedNeXt_MLA_MoE,MedNeXt_MHA_MoE,0.4471434997750787,0.44152431011826543,/home/PuMengYu/8T/nnUNet_result/results_v2_moe_retrain_after_fix_20260907/Dataset003_Liver/nnUNetTrainer_MedNeXt_MLA_MoE__nnUNetPlans__3d_fullres/fold_0/checkpoint_best.pth,/home/PuMengYu/nnUNet_workspace/results_v2_baseline_retrain_20260902/Dataset003_Liver/nnUNetTrainer_MedNeXt_MHA_MoE__nnUNetPlans__3d_fullres/fold_0/checkpoint_best.pth,MedNeXt_MLA_MoE,MedNeXt_MHA_MoE,tumor_precision,0.4471434997750787,0.44152431011826543,0.005619189656813295
Internal,liver_117,MedNeXt_MLA_MoE vs MedNeXt_MHA_MoE,MedNeXt_MLA_MoE,MedNeXt_MHA_MoE,0.8629137953867723,0.8628615479946541,/home/PuMengYu/8T/nnUNet_result/results_v2_moe_retrain_after_fix_20260907/Dataset003_Liver/nnUNetTrainer_MedNeXt_MLA_MoE__nnUNetPlans__3d_fullres/fold_0/checkpoint_best.pth,/home/PuMengYu/nnUNet_workspace/results_v2_baseline_retrain_20260902/Dataset003_Liver/nnUNetTrainer_MedNeXt_MHA_MoE__nnUNetPlans__3d_fullres/fold_0/checkpoint_best.pth,MedNeXt_MLA_MoE,MedNeXt_MHA_MoE,tumor_precision,0.8629137953867723,0.8628615479946541,5.224739211817653e-05
Internal,liver_127,MedNeXt_MLA_MoE vs MedNeXt_MHA_MoE,MedNeXt_MLA_MoE,MedNeXt_MHA_MoE,1.0,1.0,/home/PuMengYu/8T/nnUNet_result/results_v2_moe_retrain_after_fix_20260907/Dataset003_Liver/nnUNetTrainer_MedNeXt_MLA_MoE__nnUNetPlans__3d_fullres/fold_0/checkpoint_best.pth,/home/PuMengYu/nnUNet_workspace/results_v2_baseline_retrain_20260902/Dataset003_Liver/nnUNetTrainer_MedNeXt_MHA_MoE__nnUNetPlans__3d_fullres/fold_0/checkpoint_best.pth,MedNeXt_MLA_MoE,MedNeXt_MHA_MoE,tumor_precision,1.0,1.0,0.0
Internal,liver_128,MedNeXt_MLA_MoE vs MedNeXt_MHA_MoE,MedNeXt_MLA_MoE,MedNeXt_MHA_MoE,0.6704879277061243,0.6182775395054596,/home/PuMengYu/8T/nnUNet_result/results_v2_moe_retrain_after_fix_20260907/Dataset003_Liver/nnUNetTrainer_MedNeXt_MLA_MoE__nnUNetPlans__3d_fullres/fold_0/checkpoint_best.pth,/home/PuMengYu/nnUNet_workspace/results_v2_baseline_retrain_20260902/Dataset003_Liver/nnUNetTrainer_MedNeXt_MHA_MoE__nnUNetPlans__3d_fullres/fold_0/checkpoint_best.pth,MedNeXt_MLA_MoE,MedNeXt_MHA_MoE,tumor_precision,0.6704879277061243,0.6182775395054596,0.052210388200664704
Internal,liver_129,MedNeXt_MLA_MoE vs MedNeXt_MHA_MoE,MedNeXt_MLA_MoE,MedNeXt_MHA_MoE,0.9676744850151282,0.9649481943970069,/home/PuMengYu/8T/nnUNet_result/results_v2_moe_retrain_after_fix_20260907/Dataset003_Liver/nnUNetTrainer_MedNeXt_MLA_MoE__nnUNetPlans__3d_fullres/fold_0/checkpoint_best.pth,/home/PuMengYu/nnUNet_workspace/results_v2_baseline_retrain_20260902/Dataset003_Liver/nnUNetTrainer_MedNeXt_MHA_MoE__nnUNetPlans__3d_fullres/fold_0/checkpoint_best.pth,MedNeXt_MLA_MoE,MedNeXt_MHA_MoE,tumor_precision,0.9676744850151282,0.9649481943970069,0.002726290618121352
Internal,liver_130,MedNeXt_MLA_MoE vs MedNeXt_MHA_MoE,MedNeXt_MLA_MoE,MedNeXt_MHA_MoE,0.9410918060372906,0.9499199043460229,/home/PuMengYu/8T/nnUNet_result/results_v2_moe_retrain_after_fix_20260907/Dataset003_Liver/nnUNetTrainer_MedNeXt_MLA_MoE__nnUNetPlans__3d_fullres/fold_0/checkpoint_best.pth,/home/PuMengYu/nnUNet_workspace/results_v2_baseline_retrain_20260902/Dataset003_Liver/nnUNetTrainer_MedNeXt_MHA_MoE__nnUNetPlans__3d_fullres/fold_0/checkpoint_best.pth,MedNeXt_MLA_MoE,MedNeXt_MHA_MoE,tumor_precision,0.9410918060372906,0.9499199043460229,-0.008828098308732324
Internal,liver_17,MedNeXt_MLA_MoE vs MedNeXt_MHA_MoE,MedNeXt_MLA_MoE,MedNeXt_MHA_MoE,0.8080435028888637,0.7855379574003277,/home/PuMengYu/8T/nnUNet_result/results_v2_moe_retrain_after_fix_20260907/Dataset003_Liver/nnUNetTrainer_MedNeXt_MLA_MoE__nnUNetPlans__3d_fullres/fold_0/checkpoint_best.pth,/home/PuMengYu/nnUNet_workspace/results_v2_baseline_retrain_20260902/Dataset003_Liver/nnUNetTrainer_MedNeXt_MHA_MoE__nnUNetPlans__3d_fullres/fold_0/checkpoint_best.pth,MedNeXt_MLA_MoE,MedNeXt_MHA_MoE,tumor_precision,0.8080435028888637,0.7855379574003277,0.022505545488536005
Internal,liver_36,MedNeXt_MLA_MoE vs MedNeXt_MHA_MoE,MedNeXt_MLA_MoE,MedNeXt_MHA_MoE,0.8611992514848263,0.8703017045909248,/home/PuMengYu/8T/nnUNet_result/results_v2_moe_retrain_after_fix_20260907/Dataset003_Liver/nnUNetTrainer_MedNeXt_MLA_MoE__nnUNetPlans__3d_fullres/fold_0/checkpoint_best.pth,/home/PuMengYu/nnUNet_workspace/results_v2_baseline_retrain_20260902/Dataset003_Liver/nnUNetTrainer_MedNeXt_MHA_MoE__nnUNetPlans__3d_fullres/fold_0/checkpoint_best.pth,MedNeXt_MLA_MoE,MedNeXt_MHA_MoE,tumor_precision,0.8611992514848263,0.8703017045909248,-0.009102453106098474
Internal,liver_48,MedNeXt_MLA_MoE vs MedNeXt_MHA_MoE,MedNeXt_MLA_MoE,MedNeXt_MHA_MoE,0.9585971402148395,0.9376911189294052,/home/PuMengYu/8T/nnUNet_result/results_v2_moe_retrain_after_fix_20260907/Dataset003_Liver/nnUNetTrainer_MedNeXt_MLA_MoE__nnUNetPlans__3d_fullres/fold_0/checkpoint_best.pth,/home/PuMengYu/nnUNet_workspace/results_v2_baseline_retrain_20260902/Dataset003_Liver/nnUNetTrainer_MedNeXt_MHA_MoE__nnUNetPlans__3d_fullres/fold_0/checkpoint_best.pth,MedNeXt_MLA_MoE,MedNeXt_MHA_MoE,tumor_precision,0.9585971402148395,0.9376911189294052,0.020906021285434395
Internal,liver_52,MedNeXt_MLA_MoE vs MedNeXt_MHA_MoE,MedNeXt_MLA_MoE,MedNeXt_MHA_MoE,0.8342,0.877526108775261,/home/PuMengYu/8T/nnUNet_result/results_v2_moe_retrain_after_fix_20260907/Dataset003_Liver/nnUNetTrainer_MedNeXt_MLA_MoE__nnUNetPlans__3d_fullres/fold_0/checkpoint_best.pth,/home/PuMengYu/nnUNet_workspace/results_v2_baseline_retrain_20260902/Dataset003_Liver/nnUNetTrainer_MedNeXt_MHA_MoE__nnUNetPlans__3d_fullres/fold_0/checkpoint_best.pth,MedNeXt_MLA_MoE,MedNeXt_MHA_MoE,tumor_precision,0.8342,0.877526108775261,-0.043326108775260996
Internal,liver_58,MedNeXt_MLA_MoE vs MedNeXt_MHA_MoE,MedNeXt_MLA_MoE,MedNeXt_MHA_MoE,0.9043715846994536,0.9540983606557377,/home/PuMengYu/8T/nnUNet_result/results_v2_moe_retrain_after_fix_20260907/Dataset003_Liver/nnUNetTrainer_MedNeXt_MLA_MoE__nnUNetPlans__3d_fullres/fold_0/checkpoint_best.pth,/home/PuMengYu/nnUNet_workspace/results_v2_baseline_retrain_20260902/Dataset003_Liver/nnUNetTrainer_MedNeXt_MHA_MoE__nnUNetPlans__3d_fullres/fold_0/checkpoint_best.pth,MedNeXt_MLA_MoE,MedNeXt_MHA_MoE,tumor_precision,0.9043715846994536,0.9540983606557377,-0.049726775956284164
Internal,liver_6,MedNeXt_MLA_MoE vs MedNeXt_MHA_MoE,MedNeXt_MLA_MoE,MedNeXt_MHA_MoE,0.8194393160451047,0.8168522893463832,/home/PuMengYu/8T/nnUNet_result/results_v2_moe_retrain_after_fix_20260907/Dataset003_Liver/nnUNetTrainer_MedNeXt_MLA_MoE__nnUNetPlans__3d_fullres/fold_0/checkpoint_best.pth,/home/PuMengYu/nnUNet_workspace/results_v2_baseline_retrain_20260902/Dataset003_Liver/nnUNetTrainer_MedNeXt_MHA_MoE__nnUNetPlans__3d_fullres/fold_0/checkpoint_best.pth,MedNeXt_MLA_MoE,MedNeXt_MHA_MoE,tumor_precision,0.8194393160451047,0.8168522893463832,0.002587026698721462
Internal,liver_63,MedNeXt_MLA_MoE vs MedNeXt_MHA_MoE,MedNeXt_MLA_MoE,MedNeXt_MHA_MoE,0.5086505190311419,0.7529411764705882,/home/PuMengYu/8T/nnUNet_result/results_v2_moe_retrain_after_fix_20260907/Dataset003_Liver/nnUNetTrainer_MedNeXt_MLA_MoE__nnUNetPlans__3d_fullres/fold_0/checkpoint_best.pth,/home/PuMengYu/nnUNet_workspace/results_v2_baseline_retrain_20260902/Dataset003_Liver/nnUNetTrainer_MedNeXt_MHA_MoE__nnUNetPlans__3d_fullres/fold_0/checkpoint_best.pth,MedNeXt_MLA_MoE,MedNeXt_MHA_MoE,tumor_precision,0.5086505190311419,0.7529411764705882,-0.24429065743944633
Internal,liver_68,MedNeXt_MLA_MoE vs MedNeXt_MHA_MoE,MedNeXt_MLA_MoE,MedNeXt_MHA_MoE,0.9366280444549538,0.9222972972972973,/home/PuMengYu/8T/nnUNet_result/results_v2_moe_retrain_after_fix_20260907/Dataset003_Liver/nnUNetTrainer_MedNeXt_MLA_MoE__nnUNetPlans__3d_fullres/fold_0/checkpoint_best.pth,/home/PuMengYu/nnUNet_workspace/results_v2_baseline_retrain_20260902/Dataset003_Liver/nnUNetTrainer_MedNeXt_MHA_MoE__nnUNetPlans__3d_fullres/fold_0/checkpoint_best.pth,MedNeXt_MLA_MoE,MedNeXt_MHA_MoE,tumor_precision,0.9366280444549538,0.9222972972972973,0.014330747157656587
Internal,liver_75,MedNeXt_MLA_MoE vs MedNeXt_MHA_MoE,MedNeXt_MLA_MoE,MedNeXt_MHA_MoE,0.8396946564885496,0.7826233941852603,/home/PuMengYu/8T/nnUNet_result/results_v2_moe_retrain_after_fix_20260907/Dataset003_Liver/nnUNetTrainer_MedNeXt_MLA_MoE__nnUNetPlans__3d_fullres/fold_0/checkpoint_best.pth,/home/PuMengYu/nnUNet_workspace/results_v2_baseline_retrain_20260902/Dataset003_Liver/nnUNetTrainer_MedNeXt_MHA_MoE__nnUNetPlans__3d_fullres/fold_0/checkpoint_best.pth,MedNeXt_MLA_MoE,MedNeXt_MHA_MoE,tumor_precision,0.8396946564885496,0.7826233941852603,0.057071262303289294
Internal,liver_84,MedNeXt_MLA_MoE vs MedNeXt_MHA_MoE,MedNeXt_MLA_MoE,MedNeXt_MHA_MoE,0.868885722815389,0.8048937260933002,/home/PuMengYu/8T/nnUNet_result/results_v2_moe_retrain_after_fix_20260907/Dataset003_Liver/nnUNetTrainer_MedNeXt_MLA_MoE__nnUNetPlans__3d_fullres/fold_0/checkpoint_best.pth,/home/PuMengYu/nnUNet_workspace/results_v2_baseline_retrain_20260902/Dataset003_Liver/nnUNetTrainer_MedNeXt_MHA_MoE__nnUNetPlans__3d_fullres/fold_0/checkpoint_best.pth,MedNeXt_MLA_MoE,MedNeXt_MHA_MoE,tumor_precision,0.868885722815389,0.8048937260933002,0.06399199672208877
Internal,liver_90,MedNeXt_MLA_MoE vs MedNeXt_MHA_MoE,MedNeXt_MLA_MoE,MedNeXt_MHA_MoE,0.8916702478154992,0.8935296859655236,/home/PuMengYu/8T/nnUNet_result/results_v2_moe_retrain_after_fix_20260907/Dataset003_Liver/nnUNetTrainer_MedNeXt_MLA_MoE__nnUNetPlans__3d_fullres/fold_0/checkpoint_best.pth,/home/PuMengYu/nnUNet_workspace/results_v2_baseline_retrain_20260902/Dataset003_Liver/nnUNetTrainer_MedNeXt_MHA_MoE__nnUNetPlans__3d_fullres/fold_0/checkpoint_best.pth,MedNeXt_MLA_MoE,MedNeXt_MHA_MoE,tumor_precision,0.8916702478154992,0.8935296859655236,-0.0018594381500244284
Internal,liver_96,MedNeXt_MLA_MoE vs MedNeXt_MHA_MoE,MedNeXt_MLA_MoE,MedNeXt_MHA_MoE,0.7073996536662273,0.7164812013828867,/home/PuMengYu/8T/nnUNet_result/results_v2_moe_retrain_after_fix_20260907/Dataset003_Liver/nnUNetTrainer_MedNeXt_MLA_MoE__nnUNetPlans__3d_fullres/fold_0/checkpoint_best.pth,/home/PuMengYu/nnUNet_workspace/results_v2_baseline_retrain_20260902/Dataset003_Liver/nnUNetTrainer_MedNeXt_MHA_MoE__nnUNetPlans__3d_fullres/fold_0/checkpoint_best.pth,MedNeXt_MLA_MoE,MedNeXt_MHA_MoE,tumor_precision,0.7073996536662273,0.7164812013828867,-0.009081547716659477
Internal,liver_97,MedNeXt_MLA_MoE vs MedNeXt_MHA_MoE,MedNeXt_MLA_MoE,MedNeXt_MHA_MoE,0.8615211928723581,0.8113696650320125,/home/PuMengYu/8T/nnUNet_result/results_v2_moe_retrain_after_fix_20260907/Dataset003_Liver/nnUNetTrainer_MedNeXt_MLA_MoE__nnUNetPlans__3d_fullres/fold_0/checkpoint_best.pth,/home/PuMengYu/nnUNet_workspace/results_v2_baseline_retrain_20260902/Dataset003_Liver/nnUNetTrainer_MedNeXt_MHA_MoE__nnUNetPlans__3d_fullres/fold_0/checkpoint_best.pth,MedNeXt_MLA_MoE,MedNeXt_MHA_MoE,tumor_precision,0.8615211928723581,0.8113696650320125,0.0501515278403456
Internal,liver_100,MedNeXt_MLA_MoE vs MedNeXt_MHA_MoE,MedNeXt_MLA_MoE,MedNeXt_MHA_MoE,0.9435544717529541,0.9486284415452996,/home/PuMengYu/8T/nnUNet_result/results_v2_moe_retrain_after_fix_20260907/Dataset003_Liver/nnUNetTrainer_MedNeXt_MLA_MoE__nnUNetPlans__3d_fullres/fold_0/checkpoint_best.pth,/home/PuMengYu/nnUNet_workspace/results_v2_baseline_retrain_20260902/Dataset003_Liver/nnUNetTrainer_MedNeXt_MHA_MoE__nnUNetPlans__3d_fullres/fold_0/checkpoint_best.pth,MedNeXt_MLA_MoE,MedNeXt_MHA_MoE,liver_dice,0.9435544717529541,0.9486284415452996,-0.005073969792345423
Internal,liver_101,MedNeXt_MLA_MoE vs MedNeXt_MHA_MoE,MedNeXt_MLA_MoE,MedNeXt_MHA_MoE,0.9701540880555574,0.9720028569801312,/home/PuMengYu/8T/nnUNet_result/results_v2_moe_retrain_after_fix_20260907/Dataset003_Liver/nnUNetTrainer_MedNeXt_MLA_MoE__nnUNetPlans__3d_fullres/fold_0/checkpoint_best.pth,/home/PuMengYu/nnUNet_workspace/results_v2_baseline_retrain_20260902/Dataset003_Liver/nnUNetTrainer_MedNeXt_MHA_MoE__nnUNetPlans__3d_fullres/fold_0/checkpoint_best.pth,MedNeXt_MLA_MoE,MedNeXt_MHA_MoE,liver_dice,0.9701540880555574,0.9720028569801312,-0.0018487689245738625
Internal,liver_11,MedNeXt_MLA_MoE vs MedNeXt_MHA_MoE,MedNeXt_MLA_MoE,MedNeXt_MHA_MoE,0.9630480176666761,0.96549427493028,/home/PuMengYu/8T/nnUNet_result/results_v2_moe_retrain_after_fix_20260907/Dataset003_Liver/nnUNetTrainer_MedNeXt_MLA_MoE__nnUNetPlans__3d_fullres/fold_0/checkpoint_best.pth,/home/PuMengYu/nnUNet_workspace/results_v2_baseline_retrain_20260902/Dataset003_Liver/nnUNetTrainer_MedNeXt_MHA_MoE__nnUNetPlans__3d_fullres/fold_0/checkpoint_best.pth,MedNeXt_MLA_MoE,MedNeXt_MHA_MoE,liver_dice,0.9630480176666761,0.96549427493028,-0.0024462572636038127
Internal,liver_111,MedNeXt_MLA_MoE vs MedNeXt_MHA_MoE,MedNeXt_MLA_MoE,MedNeXt_MHA_MoE,0.9763950671194788,0.9820894219793532,/home/PuMengYu/8T/nnUNet_result/results_v2_moe_retrain_after_fix_20260907/Dataset003_Liver/nnUNetTrainer_MedNeXt_MLA_MoE__nnUNetPlans__3d_fullres/fold_0/checkpoint_best.pth,/home/PuMengYu/nnUNet_workspace/results_v2_baseline_retrain_20260902/Dataset003_Liver/nnUNetTrainer_MedNeXt_MHA_MoE__nnUNetPlans__3d_fullres/fold_0/checkpoint_best.pth,MedNeXt_MLA_MoE,MedNeXt_MHA_MoE,liver_dice,0.9763950671194788,0.9820894219793532,-0.005694354859874462
Internal,liver_112,MedNeXt_MLA_MoE vs MedNeXt_MHA_MoE,MedNeXt_MLA_MoE,MedNeXt_MHA_MoE,0.9821253817882947,0.9830892007830951,/home/PuMengYu/8T/nnUNet_result/results_v2_moe_retrain_after_fix_20260907/Dataset003_Liver/nnUNetTrainer_MedNeXt_MLA_MoE__nnUNetPlans__3d_fullres/fold_0/checkpoint_best.pth,/home/PuMengYu/nnUNet_workspace/results_v2_baseline_retrain_20260902/Dataset003_Liver/nnUNetTrainer_MedNeXt_MHA_MoE__nnUNetPlans__3d_fullres/fold_0/checkpoint_best.pth,MedNeXt_MLA_MoE,MedNeXt_MHA_MoE,liver_dice,0.9821253817882947,0.9830892007830951,-0.0009638189948004694
Internal,liver_117,MedNeXt_MLA_MoE vs MedNeXt_MHA_MoE,MedNeXt_MLA_MoE,MedNeXt_MHA_MoE,0.9496640936737952,0.9500194919956101,/home/PuMengYu/8T/nnUNet_result/results_v2_moe_retrain_after_fix_20260907/Dataset003_Liver/nnUNetTrainer_MedNeXt_MLA_MoE__nnUNetPlans__3d_fullres/fold_0/checkpoint_best.pth,/home/PuMengYu/nnUNet_workspace/results_v2_baseline_retrain_20260902/Dataset003_Liver/nnUNetTrainer_MedNeXt_MHA_MoE__nnUNetPlans__3d_fullres/fold_0/checkpoint_best.pth,MedNeXt_MLA_MoE,MedNeXt_MHA_MoE,liver_dice,0.9496640936737952,0.9500194919956101,-0.0003553983218148593
Internal,liver_127,MedNeXt_MLA_MoE vs MedNeXt_MHA_MoE,MedNeXt_MLA_MoE,MedNeXt_MHA_MoE,0.9834289336051701,0.9840564116519639,/home/PuMengYu/8T/nnUNet_result/results_v2_moe_retrain_after_fix_20260907/Dataset003_Liver/nnUNetTrainer_MedNeXt_MLA_MoE__nnUNetPlans__3d_fullres/fold_0/checkpoint_best.pth,/home/PuMengYu/nnUNet_workspace/results_v2_baseline_retrain_20260902/Dataset003_Liver/nnUNetTrainer_MedNeXt_MHA_MoE__nnUNetPlans__3d_fullres/fold_0/checkpoint_best.pth,MedNeXt_MLA_MoE,MedNeXt_MHA_MoE,liver_dice,0.9834289336051701,0.9840564116519639,-0.0006274780467937502
Internal,liver_128,MedNeXt_MLA_MoE vs MedNeXt_MHA_MoE,MedNeXt_MLA_MoE,MedNeXt_MHA_MoE,0.9319222520787334,0.9563788554070151,/home/PuMengYu/8T/nnUNet_result/results_v2_moe_retrain_after_fix_20260907/Dataset003_Liver/nnUNetTrainer_MedNeXt_MLA_MoE__nnUNetPlans__3d_fullres/fold_0/checkpoint_best.pth,/home/PuMengYu/nnUNet_workspace/results_v2_baseline_retrain_20260902/Dataset003_Liver/nnUNetTrainer_MedNeXt_MHA_MoE__nnUNetPlans__3d_fullres/fold_0/checkpoint_best.pth,MedNeXt_MLA_MoE,MedNeXt_MHA_MoE,liver_dice,0.9319222520787334,0.9563788554070151,-0.0244566033282817
Internal,liver_129,MedNeXt_MLA_MoE vs MedNeXt_MHA_MoE,MedNeXt_MLA_MoE,MedNeXt_MHA_MoE,0.9563787433365091,0.9580608483306062,/home/PuMengYu/8T/nnUNet_result/results_v2_moe_retrain_after_fix_20260907/Dataset003_Liver/nnUNetTrainer_MedNeXt_MLA_MoE__nnUNetPlans__3d_fullres/fold_0/checkpoint_best.pth,/home/PuMengYu/nnUNet_workspace/results_v2_baseline_retrain_20260902/Dataset003_Liver/nnUNetTrainer_MedNeXt_MHA_MoE__nnUNetPlans__3d_fullres/fold_0/checkpoint_best.pth,MedNeXt_MLA_MoE,MedNeXt_MHA_MoE,liver_dice,0.9563787433365091,0.9580608483306062,-0.0016821049940971555
Internal,liver_130,MedNeXt_MLA_MoE vs MedNeXt_MHA_MoE,MedNeXt_MLA_MoE,MedNeXt_MHA_MoE,0.7057331277307278,0.9389715622357347,/home/PuMengYu/8T/nnUNet_result/results_v2_moe_retrain_after_fix_20260907/Dataset003_Liver/nnUNetTrainer_MedNeXt_MLA_MoE__nnUNetPlans__3d_fullres/fold_0/checkpoint_best.pth,/home/PuMengYu/nnUNet_workspace/results_v2_baseline_retrain_20260902/Dataset003_Liver/nnUNetTrainer_MedNeXt_MHA_MoE__nnUNetPlans__3d_fullres/fold_0/checkpoint_best.pth,MedNeXt_MLA_MoE,MedNeXt_MHA_MoE,liver_dice,0.7057331277307278,0.9389715622357347,-0.23323843450500692
Internal,liver_17,MedNeXt_MLA_MoE vs MedNeXt_MHA_MoE,MedNeXt_MLA_MoE,MedNeXt_MHA_MoE,0.9764545618981723,0.9607370722044786,/home/PuMengYu/8T/nnUNet_result/results_v2_moe_retrain_after_fix_20260907/Dataset003_Liver/nnUNetTrainer_MedNeXt_MLA_MoE__nnUNetPlans__3d_fullres/fold_0/checkpoint_best.pth,/home/PuMengYu/nnUNet_workspace/results_v2_baseline_retrain_20260902/Dataset003_Liver/nnUNetTrainer_MedNeXt_MHA_MoE__nnUNetPlans__3d_fullres/fold_0/checkpoint_best.pth,MedNeXt_MLA_MoE,MedNeXt_MHA_MoE,liver_dice,0.9764545618981723,0.9607370722044786,0.015717489693693687
Internal,liver_36,MedNeXt_MLA_MoE vs MedNeXt_MHA_MoE,MedNeXt_MLA_MoE,MedNeXt_MHA_MoE,0.9681281003500865,0.9684286446799759,/home/PuMengYu/8T/nnUNet_result/results_v2_moe_retrain_after_fix_20260907/Dataset003_Liver/nnUNetTrainer_MedNeXt_MLA_MoE__nnUNetPlans__3d_fullres/fold_0/checkpoint_best.pth,/home/PuMengYu/nnUNet_workspace/results_v2_baseline_retrain_20260902/Dataset003_Liver/nnUNetTrainer_MedNeXt_MHA_MoE__nnUNetPlans__3d_fullres/fold_0/checkpoint_best.pth,MedNeXt_MLA_MoE,MedNeXt_MHA_MoE,liver_dice,0.9681281003500865,0.9684286446799759,-0.0003005443298894628
Internal,liver_41,MedNeXt_MLA_MoE vs MedNeXt_MHA_MoE,MedNeXt_MLA_MoE,MedNeXt_MHA_MoE,0.9660949424711439,0.9679053187982959,/home/PuMengYu/8T/nnUNet_result/results_v2_moe_retrain_after_fix_20260907/Dataset003_Liver/nnUNetTrainer_MedNeXt_MLA_MoE__nnUNetPlans__3d_fullres/fold_0/checkpoint_best.pth,/home/PuMengYu/nnUNet_workspace/results_v2_baseline_retrain_20260902/Dataset003_Liver/nnUNetTrainer_MedNeXt_MHA_MoE__nnUNetPlans__3d_fullres/fold_0/checkpoint_best.pth,MedNeXt_MLA_MoE,MedNeXt_MHA_MoE,liver_dice,0.9660949424711439,0.9679053187982959,-0.0018103763271519746
Internal,liver_48,MedNeXt_MLA_MoE vs MedNeXt_MHA_MoE,MedNeXt_MLA_MoE,MedNeXt_MHA_MoE,0.9279294288896098,0.7347930678290415,/home/PuMengYu/8T/nnUNet_result/results_v2_moe_retrain_after_fix_20260907/Dataset003_Liver/nnUNetTrainer_MedNeXt_MLA_MoE__nnUNetPlans__3d_fullres/fold_0/checkpoint_best.pth,/home/PuMengYu/nnUNet_workspace/results_v2_baseline_retrain_20260902/Dataset003_Liver/nnUNetTrainer_MedNeXt_MHA_MoE__nnUNetPlans__3d_fullres/fold_0/checkpoint_best.pth,MedNeXt_MLA_MoE,MedNeXt_MHA_MoE,liver_dice,0.9279294288896098,0.7347930678290415,0.1931363610605683
Internal,liver_52,MedNeXt_MLA_MoE vs MedNeXt_MHA_MoE,MedNeXt_MLA_MoE,MedNeXt_MHA_MoE,0.9450193864656268,0.9488959801368506,/home/PuMengYu/8T/nnUNet_result/results_v2_moe_retrain_after_fix_20260907/Dataset003_Liver/nnUNetTrainer_MedNeXt_MLA_MoE__nnUNetPlans__3d_fullres/fold_0/checkpoint_best.pth,/home/PuMengYu/nnUNet_workspace/results_v2_baseline_retrain_20260902/Dataset003_Liver/nnUNetTrainer_MedNeXt_MHA_MoE__nnUNetPlans__3d_fullres/fold_0/checkpoint_best.pth,MedNeXt_MLA_MoE,MedNeXt_MHA_MoE,liver_dice,0.9450193864656268,0.9488959801368506,-0.003876593671223838
Internal,liver_58,MedNeXt_MLA_MoE vs MedNeXt_MHA_MoE,MedNeXt_MLA_MoE,MedNeXt_MHA_MoE,0.9572995968853897,0.9609114068348562,/home/PuMengYu/8T/nnUNet_result/results_v2_moe_retrain_after_fix_20260907/Dataset003_Liver/nnUNetTrainer_MedNeXt_MLA_MoE__nnUNetPlans__3d_fullres/fold_0/checkpoint_best.pth,/home/PuMengYu/nnUNet_workspace/results_v2_baseline_retrain_20260902/Dataset003_Liver/nnUNetTrainer_MedNeXt_MHA_MoE__nnUNetPlans__3d_fullres/fold_0/checkpoint_best.pth,MedNeXt_MLA_MoE,MedNeXt_MHA_MoE,liver_dice,0.9572995968853897,0.9609114068348562,-0.0036118099494665268
Internal,liver_6,MedNeXt_MLA_MoE vs MedNeXt_MHA_MoE,MedNeXt_MLA_MoE,MedNeXt_MHA_MoE,0.9615840588692337,0.9738653882070977,/home/PuMengYu/8T/nnUNet_result/results_v2_moe_retrain_after_fix_20260907/Dataset003_Liver/nnUNetTrainer_MedNeXt_MLA_MoE__nnUNetPlans__3d_fullres/fold_0/checkpoint_best.pth,/home/PuMengYu/nnUNet_workspace/results_v2_baseline_retrain_20260902/Dataset003_Liver/nnUNetTrainer_MedNeXt_MHA_MoE__nnUNetPlans__3d_fullres/fold_0/checkpoint_best.pth,MedNeXt_MLA_MoE,MedNeXt_MHA_MoE,liver_dice,0.9615840588692337,0.9738653882070977,-0.012281329337863967
Internal,liver_63,MedNeXt_MLA_MoE vs MedNeXt_MHA_MoE,MedNeXt_MLA_MoE,MedNeXt_MHA_MoE,0.9592302312682374,0.9777075579898415,/home/PuMengYu/8T/nnUNet_result/results_v2_moe_retrain_after_fix_20260907/Dataset003_Liver/nnUNetTrainer_MedNeXt_MLA_MoE__nnUNetPlans__3d_fullres/fold_0/checkpoint_best.pth,/home/PuMengYu/nnUNet_workspace/results_v2_baseline_retrain_20260902/Dataset003_Liver/nnUNetTrainer_MedNeXt_MHA_MoE__nnUNetPlans__3d_fullres/fold_0/checkpoint_best.pth,MedNeXt_MLA_MoE,MedNeXt_MHA_MoE,liver_dice,0.9592302312682374,0.9777075579898415,-0.01847732672160418
Internal,liver_68,MedNeXt_MLA_MoE vs MedNeXt_MHA_MoE,MedNeXt_MLA_MoE,MedNeXt_MHA_MoE,0.9486526333165564,0.950587108401175,/home/PuMengYu/8T/nnUNet_result/results_v2_moe_retrain_after_fix_20260907/Dataset003_Liver/nnUNetTrainer_MedNeXt_MLA_MoE__nnUNetPlans__3d_fullres/fold_0/checkpoint_best.pth,/home/PuMengYu/nnUNet_workspace/results_v2_baseline_retrain_20260902/Dataset003_Liver/nnUNetTrainer_MedNeXt_MHA_MoE__nnUNetPlans__3d_fullres/fold_0/checkpoint_best.pth,MedNeXt_MLA_MoE,MedNeXt_MHA_MoE,liver_dice,0.9486526333165564,0.950587108401175,-0.0019344750846186365
Internal,liver_75,MedNeXt_MLA_MoE vs MedNeXt_MHA_MoE,MedNeXt_MLA_MoE,MedNeXt_MHA_MoE,0.9579023249248886,0.963510976356133,/home/PuMengYu/8T/nnUNet_result/results_v2_moe_retrain_after_fix_20260907/Dataset003_Liver/nnUNetTrainer_MedNeXt_MLA_MoE__nnUNetPlans__3d_fullres/fold_0/checkpoint_best.pth,/home/PuMengYu/nnUNet_workspace/results_v2_baseline_retrain_20260902/Dataset003_Liver/nnUNetTrainer_MedNeXt_MHA_MoE__nnUNetPlans__3d_fullres/fold_0/checkpoint_best.pth,MedNeXt_MLA_MoE,MedNeXt_MHA_MoE,liver_dice,0.9579023249248886,0.963510976356133,-0.005608651431244449
Internal,liver_84,MedNeXt_MLA_MoE vs MedNeXt_MHA_MoE,MedNeXt_MLA_MoE,MedNeXt_MHA_MoE,0.9284420314315311,0.9515730276249801,/home/PuMengYu/8T/nnUNet_result/results_v2_moe_retrain_after_fix_20260907/Dataset003_Liver/nnUNetTrainer_MedNeXt_MLA_MoE__nnUNetPlans__3d_fullres/fold_0/checkpoint_best.pth,/home/PuMengYu/nnUNet_workspace/results_v2_baseline_retrain_20260902/Dataset003_Liver/nnUNetTrainer_MedNeXt_MHA_MoE__nnUNetPlans__3d_fullres/fold_0/checkpoint_best.pth,MedNeXt_MLA_MoE,MedNeXt_MHA_MoE,liver_dice,0.9284420314315311,0.9515730276249801,-0.02313099619344894
Internal,liver_89,MedNeXt_MLA_MoE vs MedNeXt_MHA_MoE,MedNeXt_MLA_MoE,MedNeXt_MHA_MoE,0.9626315845098073,0.9761390647965016,/home/PuMengYu/8T/nnUNet_result/results_v2_moe_retrain_after_fix_20260907/Dataset003_Liver/nnUNetTrainer_MedNeXt_MLA_MoE__nnUNetPlans__3d_fullres/fold_0/checkpoint_best.pth,/home/PuMengYu/nnUNet_workspace/results_v2_baseline_retrain_20260902/Dataset003_Liver/nnUNetTrainer_MedNeXt_MHA_MoE__nnUNetPlans__3d_fullres/fold_0/checkpoint_best.pth,MedNeXt_MLA_MoE,MedNeXt_MHA_MoE,liver_dice,0.9626315845098073,0.9761390647965016,-0.01350748028669424
Internal,liver_90,MedNeXt_MLA_MoE vs MedNeXt_MHA_MoE,MedNeXt_MLA_MoE,MedNeXt_MHA_MoE,0.963332383526689,0.9610957899360287,/home/PuMengYu/8T/nnUNet_result/results_v2_moe_retrain_after_fix_20260907/Dataset003_Liver/nnUNetTrainer_MedNeXt_MLA_MoE__nnUNetPlans__3d_fullres/fold_0/checkpoint_best.pth,/home/PuMengYu/nnUNet_workspace/results_v2_baseline_retrain_20260902/Dataset003_Liver/nnUNetTrainer_MedNeXt_MHA_MoE__nnUNetPlans__3d_fullres/fold_0/checkpoint_best.pth,MedNeXt_MLA_MoE,MedNeXt_MHA_MoE,liver_dice,0.963332383526689,0.9610957899360287,0.0022365935906603074
Internal,liver_91,MedNeXt_MLA_MoE vs MedNeXt_MHA_MoE,MedNeXt_MLA_MoE,MedNeXt_MHA_MoE,0.9823967482160914,0.9851354431464243,/home/PuMengYu/8T/nnUNet_result/results_v2_moe_retrain_after_fix_20260907/Dataset003_Liver/nnUNetTrainer_MedNeXt_MLA_MoE__nnUNetPlans__3d_fullres/fold_0/checkpoint_best.pth,/home/PuMengYu/nnUNet_workspace/results_v2_baseline_retrain_20260902/Dataset003_Liver/nnUNetTrainer_MedNeXt_MHA_MoE__nnUNetPlans__3d_fullres/fold_0/checkpoint_best.pth,MedNeXt_MLA_MoE,MedNeXt_MHA_MoE,liver_dice,0.9823967482160914,0.9851354431464243,-0.0027386949303329633
Internal,liver_96,MedNeXt_MLA_MoE vs MedNeXt_MHA_MoE,MedNeXt_MLA_MoE,MedNeXt_MHA_MoE,0.9670012463354126,0.9760316887245162,/home/PuMengYu/8T/nnUNet_result/results_v2_moe_retrain_after_fix_20260907/Dataset003_Liver/nnUNetTrainer_MedNeXt_MLA_MoE__nnUNetPlans__3d_fullres/fold_0/checkpoint_best.pth,/home/PuMengYu/nnUNet_workspace/results_v2_baseline_retrain_20260902/Dataset003_Liver/nnUNetTrainer_MedNeXt_MHA_MoE__nnUNetPlans__3d_fullres/fold_0/checkpoint_best.pth,MedNeXt_MLA_MoE,MedNeXt_MHA_MoE,liver_dice,0.9670012463354126,0.9760316887245162,-0.009030442389103555
Internal,liver_97,MedNeXt_MLA_MoE vs MedNeXt_MHA_MoE,MedNeXt_MLA_MoE,MedNeXt_MHA_MoE,0.9565349460376248,0.82070230468152,/home/PuMengYu/8T/nnUNet_result/results_v2_moe_retrain_after_fix_20260907/Dataset003_Liver/nnUNetTrainer_MedNeXt_MLA_MoE__nnUNetPlans__3d_fullres/fold_0/checkpoint_best.pth,/home/PuMengYu/nnUNet_workspace/results_v2_baseline_retrain_20260902/Dataset003_Liver/nnUNetTrainer_MedNeXt_MHA_MoE__nnUNetPlans__3d_fullres/fold_0/checkpoint_best.pth,MedNeXt_MLA_MoE,MedNeXt_MHA_MoE,liver_dice,0.9565349460376248,0.82070230468152,0.13583264135610484
Internal,liver_100,MedNeXt_MLA_MoE vs MedNeXt_MLA,MedNeXt_MLA_MoE,MedNeXt_MLA,0.9160431662430393,0.9255410167977473,/home/PuMengYu/8T/nnUNet_result/results_v2_moe_retrain_after_fix_20260907/Dataset003_Liver/nnUNetTrainer_MedNeXt_MLA_MoE__nnUNetPlans__3d_fullres/fold_0/checkpoint_best.pth,/home/PuMengYu/nnUNet_workspace/results_v2/Dataset003_Liver/nnUNetTrainer_MedNeXt_MLA__nnUNetPlans__3d_fullres/fold_0/checkpoint_best.pth,MedNeXt_MLA_MoE,MedNeXt_MLA,tumor_dice,0.9160431662430393,0.9255410167977473,-0.009497850554707976
Internal,liver_101,MedNeXt_MLA_MoE vs MedNeXt_MLA,MedNeXt_MLA_MoE,MedNeXt_MLA,0.8247868450859076,0.7747303629100994,/home/PuMengYu/8T/nnUNet_result/results_v2_moe_retrain_after_fix_20260907/Dataset003_Liver/nnUNetTrainer_MedNeXt_MLA_MoE__nnUNetPlans__3d_fullres/fold_0/checkpoint_best.pth,/home/PuMengYu/nnUNet_workspace/results_v2/Dataset003_Liver/nnUNetTrainer_MedNeXt_MLA__nnUNetPlans__3d_fullres/fold_0/checkpoint_best.pth,MedNeXt_MLA_MoE,MedNeXt_MLA,tumor_dice,0.8247868450859076,0.7747303629100994,0.05005648217580816
Internal,liver_11,MedNeXt_MLA_MoE vs MedNeXt_MLA,MedNeXt_MLA_MoE,MedNeXt_MLA,0.748028539241457,0.8183965978894314,/home/PuMengYu/8T/nnUNet_result/results_v2_moe_retrain_after_fix_20260907/Dataset003_Liver/nnUNetTrainer_MedNeXt_MLA_MoE__nnUNetPlans__3d_fullres/fold_0/checkpoint_best.pth,/home/PuMengYu/nnUNet_workspace/results_v2/Dataset003_Liver/nnUNetTrainer_MedNeXt_MLA__nnUNetPlans__3d_fullres/fold_0/checkpoint_best.pth,MedNeXt_MLA_MoE,MedNeXt_MLA,tumor_dice,0.748028539241457,0.8183965978894314,-0.07036805864797446
Internal,liver_111,MedNeXt_MLA_MoE vs MedNeXt_MLA,MedNeXt_MLA_MoE,MedNeXt_MLA,0.6851053032225324,0.6849799001096357,/home/PuMengYu/8T/nnUNet_result/results_v2_moe_retrain_after_fix_20260907/Dataset003_Liver/nnUNetTrainer_MedNeXt_MLA_MoE__nnUNetPlans__3d_fullres/fold_0/checkpoint_best.pth,/home/PuMengYu/nnUNet_workspace/results_v2/Dataset003_Liver/nnUNetTrainer_MedNeXt_MLA__nnUNetPlans__3d_fullres/fold_0/checkpoint_best.pth,MedNeXt_MLA_MoE,MedNeXt_MLA,tumor_dice,0.6851053032225324,0.6849799001096357,0.0001254031128966604
Internal,liver_112,MedNeXt_MLA_MoE vs MedNeXt_MLA,MedNeXt_MLA_MoE,MedNeXt_MLA,0.5840188014101058,0.6086683417085427,/home/PuMengYu/8T/nnUNet_result/results_v2_moe_retrain_after_fix_20260907/Dataset003_Liver/nnUNetTrainer_MedNeXt_MLA_MoE__nnUNetPlans__3d_fullres/fold_0/checkpoint_best.pth,/home/PuMengYu/nnUNet_workspace/results_v2/Dataset003_Liver/nnUNetTrainer_MedNeXt_MLA__nnUNetPlans__3d_fullres/fold_0/checkpoint_best.pth,MedNeXt_MLA_MoE,MedNeXt_MLA,tumor_dice,0.5840188014101058,0.6086683417085427,-0.02464954029843691
Internal,liver_117,MedNeXt_MLA_MoE vs MedNeXt_MLA,MedNeXt_MLA_MoE,MedNeXt_MLA,0.8875582612763723,0.8866119978722162,/home/PuMengYu/8T/nnUNet_result/results_v2_moe_retrain_after_fix_20260907/Dataset003_Liver/nnUNetTrainer_MedNeXt_MLA_MoE__nnUNetPlans__3d_fullres/fold_0/checkpoint_best.pth,/home/PuMengYu/nnUNet_workspace/results_v2/Dataset003_Liver/nnUNetTrainer_MedNeXt_MLA__nnUNetPlans__3d_fullres/fold_0/checkpoint_best.pth,MedNeXt_MLA_MoE,MedNeXt_MLA,tumor_dice,0.8875582612763723,0.8866119978722162,0.0009462634041560447
Internal,liver_127,MedNeXt_MLA_MoE vs MedNeXt_MLA,MedNeXt_MLA_MoE,MedNeXt_MLA,0.15479876160990713,0.0,/home/PuMengYu/8T/nnUNet_result/results_v2_moe_retrain_after_fix_20260907/Dataset003_Liver/nnUNetTrainer_MedNeXt_MLA_MoE__nnUNetPlans__3d_fullres/fold_0/checkpoint_best.pth,/home/PuMengYu/nnUNet_workspace/results_v2/Dataset003_Liver/nnUNetTrainer_MedNeXt_MLA__nnUNetPlans__3d_fullres/fold_0/checkpoint_best.pth,MedNeXt_MLA_MoE,MedNeXt_MLA,tumor_dice,0.15479876160990713,0.0,0.15479876160990713
Internal,liver_128,MedNeXt_MLA_MoE vs MedNeXt_MLA,MedNeXt_MLA_MoE,MedNeXt_MLA,0.7613363354419572,0.737473700425072,/home/PuMengYu/8T/nnUNet_result/results_v2_moe_retrain_after_fix_20260907/Dataset003_Liver/nnUNetTrainer_MedNeXt_MLA_MoE__nnUNetPlans__3d_fullres/fold_0/checkpoint_best.pth,/home/PuMengYu/nnUNet_workspace/results_v2/Dataset003_Liver/nnUNetTrainer_MedNeXt_MLA__nnUNetPlans__3d_fullres/fold_0/checkpoint_best.pth,MedNeXt_MLA_MoE,MedNeXt_MLA,tumor_dice,0.7613363354419572,0.737473700425072,0.023862635016885236
Internal,liver_129,MedNeXt_MLA_MoE vs MedNeXt_MLA,MedNeXt_MLA_MoE,MedNeXt_MLA,0.9342969100399326,0.9389112650764424,/home/PuMengYu/8T/nnUNet_result/results_v2_moe_retrain_after_fix_20260907/Dataset003_Liver/nnUNetTrainer_MedNeXt_MLA_MoE__nnUNetPlans__3d_fullres/fold_0/checkpoint_best.pth,/home/PuMengYu/nnUNet_workspace/results_v2/Dataset003_Liver/nnUNetTrainer_MedNeXt_MLA__nnUNetPlans__3d_fullres/fold_0/checkpoint_best.pth,MedNeXt_MLA_MoE,MedNeXt_MLA,tumor_dice,0.9342969100399326,0.9389112650764424,-0.004614355036509754
Internal,liver_130,MedNeXt_MLA_MoE vs MedNeXt_MLA,MedNeXt_MLA_MoE,MedNeXt_MLA,0.6602120135374111,0.8076791498465539,/home/PuMengYu/8T/nnUNet_result/results_v2_moe_retrain_after_fix_20260907/Dataset003_Liver/nnUNetTrainer_MedNeXt_MLA_MoE__nnUNetPlans__3d_fullres/fold_0/checkpoint_best.pth,/home/PuMengYu/nnUNet_workspace/results_v2/Dataset003_Liver/nnUNetTrainer_MedNeXt_MLA__nnUNetPlans__3d_fullres/fold_0/checkpoint_best.pth,MedNeXt_MLA_MoE,MedNeXt_MLA,tumor_dice,0.6602120135374111,0.8076791498465539,-0.14746713630914277
Internal,liver_17,MedNeXt_MLA_MoE vs MedNeXt_MLA,MedNeXt_MLA_MoE,MedNeXt_MLA,0.8718387502903032,0.8636462119935482,/home/PuMengYu/8T/nnUNet_result/results_v2_moe_retrain_after_fix_20260907/Dataset003_Liver/nnUNetTrainer_MedNeXt_MLA_MoE__nnUNetPlans__3d_fullres/fold_0/checkpoint_best.pth,/home/PuMengYu/nnUNet_workspace/results_v2/Dataset003_Liver/nnUNetTrainer_MedNeXt_MLA__nnUNetPlans__3d_fullres/fold_0/checkpoint_best.pth,MedNeXt_MLA_MoE,MedNeXt_MLA,tumor_dice,0.8718387502903032,0.8636462119935482,0.008192538296755036
Internal,liver_36,MedNeXt_MLA_MoE vs MedNeXt_MLA,MedNeXt_MLA_MoE,MedNeXt_MLA,0.8317508545385491,0.8466370696383106,/home/PuMengYu/8T/nnUNet_result/results_v2_moe_retrain_after_fix_20260907/Dataset003_Liver/nnUNetTrainer_MedNeXt_MLA_MoE__nnUNetPlans__3d_fullres/fold_0/checkpoint_best.pth,/home/PuMengYu/nnUNet_workspace/results_v2/Dataset003_Liver/nnUNetTrainer_MedNeXt_MLA__nnUNetPlans__3d_fullres/fold_0/checkpoint_best.pth,MedNeXt_MLA_MoE,MedNeXt_MLA,tumor_dice,0.8317508545385491,0.8466370696383106,-0.014886215099761513
Internal,liver_48,MedNeXt_MLA_MoE vs MedNeXt_MLA,MedNeXt_MLA_MoE,MedNeXt_MLA,0.8475908919360926,0.8641703155669637,/home/PuMengYu/8T/nnUNet_result/results_v2_moe_retrain_after_fix_20260907/Dataset003_Liver/nnUNetTrainer_MedNeXt_MLA_MoE__nnUNetPlans__3d_fullres/fold_0/checkpoint_best.pth,/home/PuMengYu/nnUNet_workspace/results_v2/Dataset003_Liver/nnUNetTrainer_MedNeXt_MLA__nnUNetPlans__3d_fullres/fold_0/checkpoint_best.pth,MedNeXt_MLA_MoE,MedNeXt_MLA,tumor_dice,0.8475908919360926,0.8641703155669637,-0.01657942363087106
Internal,liver_52,MedNeXt_MLA_MoE vs MedNeXt_MLA,MedNeXt_MLA_MoE,MedNeXt_MLA,0.7516218164344065,0.8039637281480789,/home/PuMengYu/8T/nnUNet_result/results_v2_moe_retrain_after_fix_20260907/Dataset003_Liver/nnUNetTrainer_MedNeXt_MLA_MoE__nnUNetPlans__3d_fullres/fold_0/checkpoint_best.pth,/home/PuMengYu/nnUNet_workspace/results_v2/Dataset003_Liver/nnUNetTrainer_MedNeXt_MLA__nnUNetPlans__3d_fullres/fold_0/checkpoint_best.pth,MedNeXt_MLA_MoE,MedNeXt_MLA,tumor_dice,0.7516218164344065,0.8039637281480789,-0.05234191171367242
Internal,liver_58,MedNeXt_MLA_MoE vs MedNeXt_MLA,MedNeXt_MLA_MoE,MedNeXt_MLA,0.608735632183908,0.5420743639921722,/home/PuMengYu/8T/nnUNet_result/results_v2_moe_retrain_after_fix_20260907/Dataset003_Liver/nnUNetTrainer_MedNeXt_MLA_MoE__nnUNetPlans__3d_fullres/fold_0/checkpoint_best.pth,/home/PuMengYu/nnUNet_workspace/results_v2/Dataset003_Liver/nnUNetTrainer_MedNeXt_MLA__nnUNetPlans__3d_fullres/fold_0/checkpoint_best.pth,MedNeXt_MLA_MoE,MedNeXt_MLA,tumor_dice,0.608735632183908,0.5420743639921722,0.06666126819173579
Internal,liver_6,MedNeXt_MLA_MoE vs MedNeXt_MLA,MedNeXt_MLA_MoE,MedNeXt_MLA,0.8654048054713982,0.8569353667392883,/home/PuMengYu/8T/nnUNet_result/results_v2_moe_retrain_after_fix_20260907/Dataset003_Liver/nnUNetTrainer_MedNeXt_MLA_MoE__nnUNetPlans__3d_fullres/fold_0/checkpoint_best.pth,/home/PuMengYu/nnUNet_workspace/results_v2/Dataset003_Liver/nnUNetTrainer_MedNeXt_MLA__nnUNetPlans__3d_fullres/fold_0/checkpoint_best.pth,MedNeXt_MLA_MoE,MedNeXt_MLA,tumor_dice,0.8654048054713982,0.8569353667392883,0.008469438732109924
Internal,liver_63,MedNeXt_MLA_MoE vs MedNeXt_MLA,MedNeXt_MLA_MoE,MedNeXt_MLA,0.46445497630331756,0.49465899753492193,/home/PuMengYu/8T/nnUNet_result/results_v2_moe_retrain_after_fix_20260907/Dataset003_Liver/nnUNetTrainer_MedNeXt_MLA_MoE__nnUNetPlans__3d_fullres/fold_0/checkpoint_best.pth,/home/PuMengYu/nnUNet_workspace/results_v2/Dataset003_Liver/nnUNetTrainer_MedNeXt_MLA__nnUNetPlans__3d_fullres/fold_0/checkpoint_best.pth,MedNeXt_MLA_MoE,MedNeXt_MLA,tumor_dice,0.46445497630331756,0.49465899753492193,-0.030204021231604372
Internal,liver_68,MedNeXt_MLA_MoE vs MedNeXt_MLA,MedNeXt_MLA_MoE,MedNeXt_MLA,0.8689261818580674,0.8808344747655674,/home/PuMengYu/8T/nnUNet_result/results_v2_moe_retrain_after_fix_20260907/Dataset003_Liver/nnUNetTrainer_MedNeXt_MLA_MoE__nnUNetPlans__3d_fullres/fold_0/checkpoint_best.pth,/home/PuMengYu/nnUNet_workspace/results_v2/Dataset003_Liver/nnUNetTrainer_MedNeXt_MLA__nnUNetPlans__3d_fullres/fold_0/checkpoint_best.pth,MedNeXt_MLA_MoE,MedNeXt_MLA,tumor_dice,0.8689261818580674,0.8808344747655674,-0.011908292907500062
Internal,liver_75,MedNeXt_MLA_MoE vs MedNeXt_MLA,MedNeXt_MLA_MoE,MedNeXt_MLA,0.826601540484689,0.8223516563523844,/home/PuMengYu/8T/nnUNet_result/results_v2_moe_retrain_after_fix_20260907/Dataset003_Liver/nnUNetTrainer_MedNeXt_MLA_MoE__nnUNetPlans__3d_fullres/fold_0/checkpoint_best.pth,/home/PuMengYu/nnUNet_workspace/results_v2/Dataset003_Liver/nnUNetTrainer_MedNeXt_MLA__nnUNetPlans__3d_fullres/fold_0/checkpoint_best.pth,MedNeXt_MLA_MoE,MedNeXt_MLA,tumor_dice,0.826601540484689,0.8223516563523844,0.004249884132304649
Internal,liver_84,MedNeXt_MLA_MoE vs MedNeXt_MLA,MedNeXt_MLA_MoE,MedNeXt_MLA,0.7510384847772817,0.776873431439925,/home/PuMengYu/8T/nnUNet_result/results_v2_moe_retrain_after_fix_20260907/Dataset003_Liver/nnUNetTrainer_MedNeXt_MLA_MoE__nnUNetPlans__3d_fullres/fold_0/checkpoint_best.pth,/home/PuMengYu/nnUNet_workspace/results_v2/Dataset003_Liver/nnUNetTrainer_MedNeXt_MLA__nnUNetPlans__3d_fullres/fold_0/checkpoint_best.pth,MedNeXt_MLA_MoE,MedNeXt_MLA,tumor_dice,0.7510384847772817,0.776873431439925,-0.0258349466626433
Internal,liver_90,MedNeXt_MLA_MoE vs MedNeXt_MLA,MedNeXt_MLA_MoE,MedNeXt_MLA,0.8399675300715814,0.7991608641314051,/home/PuMengYu/8T/nnUNet_result/results_v2_moe_retrain_after_fix_20260907/Dataset003_Liver/nnUNetTrainer_MedNeXt_MLA_MoE__nnUNetPlans__3d_fullres/fold_0/checkpoint_best.pth,/home/PuMengYu/nnUNet_workspace/results_v2/Dataset003_Liver/nnUNetTrainer_MedNeXt_MLA__nnUNetPlans__3d_fullres/fold_0/checkpoint_best.pth,MedNeXt_MLA_MoE,MedNeXt_MLA,tumor_dice,0.8399675300715814,0.7991608641314051,0.040806665940176345
Internal,liver_96,MedNeXt_MLA_MoE vs MedNeXt_MLA,MedNeXt_MLA_MoE,MedNeXt_MLA,0.6909522366959507,0.7095437768348105,/home/PuMengYu/8T/nnUNet_result/results_v2_moe_retrain_after_fix_20260907/Dataset003_Liver/nnUNetTrainer_MedNeXt_MLA_MoE__nnUNetPlans__3d_fullres/fold_0/checkpoint_best.pth,/home/PuMengYu/nnUNet_workspace/results_v2/Dataset003_Liver/nnUNetTrainer_MedNeXt_MLA__nnUNetPlans__3d_fullres/fold_0/checkpoint_best.pth,MedNeXt_MLA_MoE,MedNeXt_MLA,tumor_dice,0.6909522366959507,0.7095437768348105,-0.018591540138859775
Internal,liver_97,MedNeXt_MLA_MoE vs MedNeXt_MLA,MedNeXt_MLA_MoE,MedNeXt_MLA,0.8950162326906513,0.8861124662986263,/home/PuMengYu/8T/nnUNet_result/results_v2_moe_retrain_after_fix_20260907/Dataset003_Liver/nnUNetTrainer_MedNeXt_MLA_MoE__nnUNetPlans__3d_fullres/fold_0/checkpoint_best.pth,/home/PuMengYu/nnUNet_workspace/results_v2/Dataset003_Liver/nnUNetTrainer_MedNeXt_MLA__nnUNetPlans__3d_fullres/fold_0/checkpoint_best.pth,MedNeXt_MLA_MoE,MedNeXt_MLA,tumor_dice,0.8950162326906513,0.8861124662986263,0.008903766392025059
Internal,liver_100,MedNeXt_MLA_MoE vs MedNeXt_MLA,MedNeXt_MLA_MoE,MedNeXt_MLA,0.9204562177603334,0.8990131166109975,/home/PuMengYu/8T/nnUNet_result/results_v2_moe_retrain_after_fix_20260907/Dataset003_Liver/nnUNetTrainer_MedNeXt_MLA_MoE__nnUNetPlans__3d_fullres/fold_0/checkpoint_best.pth,/home/PuMengYu/nnUNet_workspace/results_v2/Dataset003_Liver/nnUNetTrainer_MedNeXt_MLA__nnUNetPlans__3d_fullres/fold_0/checkpoint_best.pth,MedNeXt_MLA_MoE,MedNeXt_MLA,tumor_recall,0.9204562177603334,0.8990131166109975,0.021443101149335897
Internal,liver_101,MedNeXt_MLA_MoE vs MedNeXt_MLA,MedNeXt_MLA_MoE,MedNeXt_MLA,0.8860978916020812,0.8886821918459779,/home/PuMengYu/8T/nnUNet_result/results_v2_moe_retrain_after_fix_20260907/Dataset003_Liver/nnUNetTrainer_MedNeXt_MLA_MoE__nnUNetPlans__3d_fullres/fold_0/checkpoint_best.pth,/home/PuMengYu/nnUNet_workspace/results_v2/Dataset003_Liver/nnUNetTrainer_MedNeXt_MLA__nnUNetPlans__3d_fullres/fold_0/checkpoint_best.pth,MedNeXt_MLA_MoE,MedNeXt_MLA,tumor_recall,0.8860978916020812,0.8886821918459779,-0.0025843002438966645
Internal,liver_11,MedNeXt_MLA_MoE vs MedNeXt_MLA,MedNeXt_MLA_MoE,MedNeXt_MLA,0.6609157266091573,0.7388378045312352,/home/PuMengYu/8T/nnUNet_result/results_v2_moe_retrain_after_fix_20260907/Dataset003_Liver/nnUNetTrainer_MedNeXt_MLA_MoE__nnUNetPlans__3d_fullres/fold_0/checkpoint_best.pth,/home/PuMengYu/nnUNet_workspace/results_v2/Dataset003_Liver/nnUNetTrainer_MedNeXt_MLA__nnUNetPlans__3d_fullres/fold_0/checkpoint_best.pth,MedNeXt_MLA_MoE,MedNeXt_MLA,tumor_recall,0.6609157266091573,0.7388378045312352,-0.07792207792207784
Internal,liver_111,MedNeXt_MLA_MoE vs MedNeXt_MLA,MedNeXt_MLA_MoE,MedNeXt_MLA,0.7397260273972602,0.7702739726027398,/home/PuMengYu/8T/nnUNet_result/results_v2_moe_retrain_after_fix_20260907/Dataset003_Liver/nnUNetTrainer_MedNeXt_MLA_MoE__nnUNetPlans__3d_fullres/fold_0/checkpoint_best.pth,/home/PuMengYu/nnUNet_workspace/results_v2/Dataset003_Liver/nnUNetTrainer_MedNeXt_MLA__nnUNetPlans__3d_fullres/fold_0/checkpoint_best.pth,MedNeXt_MLA_MoE,MedNeXt_MLA,tumor_recall,0.7397260273972602,0.7702739726027398,-0.030547945205479543
Internal,liver_112,MedNeXt_MLA_MoE vs MedNeXt_MLA,MedNeXt_MLA_MoE,MedNeXt_MLA,0.8416596104995766,0.8204911092294666,/home/PuMengYu/8T/nnUNet_result/results_v2_moe_retrain_after_fix_20260907/Dataset003_Liver/nnUNetTrainer_MedNeXt_MLA_MoE__nnUNetPlans__3d_fullres/fold_0/checkpoint_best.pth,/home/PuMengYu/nnUNet_workspace/results_v2/Dataset003_Liver/nnUNetTrainer_MedNeXt_MLA__nnUNetPlans__3d_fullres/fold_0/checkpoint_best.pth,MedNeXt_MLA_MoE,MedNeXt_MLA,tumor_recall,0.8416596104995766,0.8204911092294666,0.02116850127011005
Internal,liver_117,MedNeXt_MLA_MoE vs MedNeXt_MLA,MedNeXt_MLA_MoE,MedNeXt_MLA,0.9136517834003164,0.9034051128913094,/home/PuMengYu/8T/nnUNet_result/results_v2_moe_retrain_after_fix_20260907/Dataset003_Liver/nnUNetTrainer_MedNeXt_MLA_MoE__nnUNetPlans__3d_fullres/fold_0/checkpoint_best.pth,/home/PuMengYu/nnUNet_workspace/results_v2/Dataset003_Liver/nnUNetTrainer_MedNeXt_MLA__nnUNetPlans__3d_fullres/fold_0/checkpoint_best.pth,MedNeXt_MLA_MoE,MedNeXt_MLA,tumor_recall,0.9136517834003164,0.9034051128913094,0.010246670509006961
Internal,liver_127,MedNeXt_MLA_MoE vs MedNeXt_MLA,MedNeXt_MLA_MoE,MedNeXt_MLA,0.08389261744966443,0.0,/home/PuMengYu/8T/nnUNet_result/results_v2_moe_retrain_after_fix_20260907/Dataset003_Liver/nnUNetTrainer_MedNeXt_MLA_MoE__nnUNetPlans__3d_fullres/fold_0/checkpoint_best.pth,/home/PuMengYu/nnUNet_workspace/results_v2/Dataset003_Liver/nnUNetTrainer_MedNeXt_MLA__nnUNetPlans__3d_fullres/fold_0/checkpoint_best.pth,MedNeXt_MLA_MoE,MedNeXt_MLA,tumor_recall,0.08389261744966443,0.0,0.08389261744966443
Internal,liver_128,MedNeXt_MLA_MoE vs MedNeXt_MLA,MedNeXt_MLA_MoE,MedNeXt_MLA,0.8806625570734307,0.9236448600992795,/home/PuMengYu/8T/nnUNet_result/results_v2_moe_retrain_after_fix_20260907/Dataset003_Liver/nnUNetTrainer_MedNeXt_MLA_MoE__nnUNetPlans__3d_fullres/fold_0/checkpoint_best.pth,/home/PuMengYu/nnUNet_workspace/results_v2/Dataset003_Liver/nnUNetTrainer_MedNeXt_MLA__nnUNetPlans__3d_fullres/fold_0/checkpoint_best.pth,MedNeXt_MLA_MoE,MedNeXt_MLA,tumor_recall,0.8806625570734307,0.9236448600992795,-0.04298230302584882
Internal,liver_129,MedNeXt_MLA_MoE vs MedNeXt_MLA,MedNeXt_MLA_MoE,MedNeXt_MLA,0.9031451184295615,0.9167487439685619,/home/PuMengYu/8T/nnUNet_result/results_v2_moe_retrain_after_fix_20260907/Dataset003_Liver/nnUNetTrainer_MedNeXt_MLA_MoE__nnUNetPlans__3d_fullres/fold_0/checkpoint_best.pth,/home/PuMengYu/nnUNet_workspace/results_v2/Dataset003_Liver/nnUNetTrainer_MedNeXt_MLA__nnUNetPlans__3d_fullres/fold_0/checkpoint_best.pth,MedNeXt_MLA_MoE,MedNeXt_MLA,tumor_recall,0.9031451184295615,0.9167487439685619,-0.013603625539000408
Internal,liver_130,MedNeXt_MLA_MoE vs MedNeXt_MLA,MedNeXt_MLA_MoE,MedNeXt_MLA,0.5084570843800499,0.6995603067734727,/home/PuMengYu/8T/nnUNet_result/results_v2_moe_retrain_after_fix_20260907/Dataset003_Liver/nnUNetTrainer_MedNeXt_MLA_MoE__nnUNetPlans__3d_fullres/fold_0/checkpoint_best.pth,/home/PuMengYu/nnUNet_workspace/results_v2/Dataset003_Liver/nnUNetTrainer_MedNeXt_MLA__nnUNetPlans__3d_fullres/fold_0/checkpoint_best.pth,MedNeXt_MLA_MoE,MedNeXt_MLA,tumor_recall,0.5084570843800499,0.6995603067734727,-0.1911032223934228
Internal,liver_17,MedNeXt_MLA_MoE vs MedNeXt_MLA,MedNeXt_MLA_MoE,MedNeXt_MLA,0.9465707612273065,0.9521976855292494,/home/PuMengYu/8T/nnUNet_result/results_v2_moe_retrain_after_fix_20260907/Dataset003_Liver/nnUNetTrainer_MedNeXt_MLA_MoE__nnUNetPlans__3d_fullres/fold_0/checkpoint_best.pth,/home/PuMengYu/nnUNet_workspace/results_v2/Dataset003_Liver/nnUNetTrainer_MedNeXt_MLA__nnUNetPlans__3d_fullres/fold_0/checkpoint_best.pth,MedNeXt_MLA_MoE,MedNeXt_MLA,tumor_recall,0.9465707612273065,0.9521976855292494,-0.005626924301942893
Internal,liver_36,MedNeXt_MLA_MoE vs MedNeXt_MLA,MedNeXt_MLA_MoE,MedNeXt_MLA,0.8042498227129977,0.8379850065849458,/home/PuMengYu/8T/nnUNet_result/results_v2_moe_retrain_after_fix_20260907/Dataset003_Liver/nnUNetTrainer_MedNeXt_MLA_MoE__nnUNetPlans__3d_fullres/fold_0/checkpoint_best.pth,/home/PuMengYu/nnUNet_workspace/results_v2/Dataset003_Liver/nnUNetTrainer_MedNeXt_MLA__nnUNetPlans__3d_fullres/fold_0/checkpoint_best.pth,MedNeXt_MLA_MoE,MedNeXt_MLA,tumor_recall,0.8042498227129977,0.8379850065849458,-0.03373518387194807
Internal,liver_48,MedNeXt_MLA_MoE vs MedNeXt_MLA,MedNeXt_MLA_MoE,MedNeXt_MLA,0.7596256835221827,0.8066125486216811,/home/PuMengYu/8T/nnUNet_result/results_v2_moe_retrain_after_fix_20260907/Dataset003_Liver/nnUNetTrainer_MedNeXt_MLA_MoE__nnUNetPlans__3d_fullres/fold_0/checkpoint_best.pth,/home/PuMengYu/nnUNet_workspace/results_v2/Dataset003_Liver/nnUNetTrainer_MedNeXt_MLA__nnUNetPlans__3d_fullres/fold_0/checkpoint_best.pth,MedNeXt_MLA_MoE,MedNeXt_MLA,tumor_recall,0.7596256835221827,0.8066125486216811,-0.04698686509949834
Internal,liver_52,MedNeXt_MLA_MoE vs MedNeXt_MLA,MedNeXt_MLA_MoE,MedNeXt_MLA,0.6839199825098382,0.705072146917359,/home/PuMengYu/8T/nnUNet_result/results_v2_moe_retrain_after_fix_20260907/Dataset003_Liver/nnUNetTrainer_MedNeXt_MLA_MoE__nnUNetPlans__3d_fullres/fold_0/checkpoint_best.pth,/home/PuMengYu/nnUNet_workspace/results_v2/Dataset003_Liver/nnUNetTrainer_MedNeXt_MLA__nnUNetPlans__3d_fullres/fold_0/checkpoint_best.pth,MedNeXt_MLA_MoE,MedNeXt_MLA,tumor_recall,0.6839199825098382,0.705072146917359,-0.021152164407520768
Internal,liver_58,MedNeXt_MLA_MoE vs MedNeXt_MLA,MedNeXt_MLA_MoE,MedNeXt_MLA,0.4587664587664588,0.3839223839223839,/home/PuMengYu/8T/nnUNet_result/results_v2_moe_retrain_after_fix_20260907/Dataset003_Liver/nnUNetTrainer_MedNeXt_MLA_MoE__nnUNetPlans__3d_fullres/fold_0/checkpoint_best.pth,/home/PuMengYu/nnUNet_workspace/results_v2/Dataset003_Liver/nnUNetTrainer_MedNeXt_MLA__nnUNetPlans__3d_fullres/fold_0/checkpoint_best.pth,MedNeXt_MLA_MoE,MedNeXt_MLA,tumor_recall,0.4587664587664588,0.3839223839223839,0.07484407484407485
Internal,liver_6,MedNeXt_MLA_MoE vs MedNeXt_MLA,MedNeXt_MLA_MoE,MedNeXt_MLA,0.9168335081196174,0.9374900689611338,/home/PuMengYu/8T/nnUNet_result/results_v2_moe_retrain_after_fix_20260907/Dataset003_Liver/nnUNetTrainer_MedNeXt_MLA_MoE__nnUNetPlans__3d_fullres/fold_0/checkpoint_best.pth,/home/PuMengYu/nnUNet_workspace/results_v2/Dataset003_Liver/nnUNetTrainer_MedNeXt_MLA__nnUNetPlans__3d_fullres/fold_0/checkpoint_best.pth,MedNeXt_MLA_MoE,MedNeXt_MLA,tumor_recall,0.9168335081196174,0.9374900689611338,-0.020656560841516458
Internal,liver_63,MedNeXt_MLA_MoE vs MedNeXt_MLA,MedNeXt_MLA_MoE,MedNeXt_MLA,0.4273255813953488,0.4375,/home/PuMengYu/8T/nnUNet_result/results_v2_moe_retrain_after_fix_20260907/Dataset003_Liver/nnUNetTrainer_MedNeXt_MLA_MoE__nnUNetPlans__3d_fullres/fold_0/checkpoint_best.pth,/home/PuMengYu/nnUNet_workspace/results_v2/Dataset003_Liver/nnUNetTrainer_MedNeXt_MLA__nnUNetPlans__3d_fullres/fold_0/checkpoint_best.pth,MedNeXt_MLA_MoE,MedNeXt_MLA,tumor_recall,0.4273255813953488,0.4375,-0.01017441860465118
Internal,liver_68,MedNeXt_MLA_MoE vs MedNeXt_MLA,MedNeXt_MLA_MoE,MedNeXt_MLA,0.8103518821603928,0.8551554828150573,/home/PuMengYu/8T/nnUNet_result/results_v2_moe_retrain_after_fix_20260907/Dataset003_Liver/nnUNetTrainer_MedNeXt_MLA_MoE__nnUNetPlans__3d_fullres/fold_0/checkpoint_best.pth,/home/PuMengYu/nnUNet_workspace/results_v2/Dataset003_Liver/nnUNetTrainer_MedNeXt_MLA__nnUNetPlans__3d_fullres/fold_0/checkpoint_best.pth,MedNeXt_MLA_MoE,MedNeXt_MLA,tumor_recall,0.8103518821603928,0.8551554828150573,-0.04480360065466449
Internal,liver_75,MedNeXt_MLA_MoE vs MedNeXt_MLA,MedNeXt_MLA_MoE,MedNeXt_MLA,0.8139104698483167,0.8357380688124306,/home/PuMengYu/8T/nnUNet_result/results_v2_moe_retrain_after_fix_20260907/Dataset003_Liver/nnUNetTrainer_MedNeXt_MLA_MoE__nnUNetPlans__3d_fullres/fold_0/checkpoint_best.pth,/home/PuMengYu/nnUNet_workspace/results_v2/Dataset003_Liver/nnUNetTrainer_MedNeXt_MLA__nnUNetPlans__3d_fullres/fold_0/checkpoint_best.pth,MedNeXt_MLA_MoE,MedNeXt_MLA,tumor_recall,0.8139104698483167,0.8357380688124306,-0.021827598964113903
Internal,liver_84,MedNeXt_MLA_MoE vs MedNeXt_MLA,MedNeXt_MLA_MoE,MedNeXt_MLA,0.6613406489871699,0.7528491331134942,/home/PuMengYu/8T/nnUNet_result/results_v2_moe_retrain_after_fix_20260907/Dataset003_Liver/nnUNetTrainer_MedNeXt_MLA_MoE__nnUNetPlans__3d_fullres/fold_0/checkpoint_best.pth,/home/PuMengYu/nnUNet_workspace/results_v2/Dataset003_Liver/nnUNetTrainer_MedNeXt_MLA__nnUNetPlans__3d_fullres/fold_0/checkpoint_best.pth,MedNeXt_MLA_MoE,MedNeXt_MLA,tumor_recall,0.6613406489871699,0.7528491331134942,-0.09150848412632429
Internal,liver_90,MedNeXt_MLA_MoE vs MedNeXt_MLA,MedNeXt_MLA_MoE,MedNeXt_MLA,0.7939320746294237,0.7136269246252387,/home/PuMengYu/8T/nnUNet_result/results_v2_moe_retrain_after_fix_20260907/Dataset003_Liver/nnUNetTrainer_MedNeXt_MLA_MoE__nnUNetPlans__3d_fullres/fold_0/checkpoint_best.pth,/home/PuMengYu/nnUNet_workspace/results_v2/Dataset003_Liver/nnUNetTrainer_MedNeXt_MLA__nnUNetPlans__3d_fullres/fold_0/checkpoint_best.pth,MedNeXt_MLA_MoE,MedNeXt_MLA,tumor_recall,0.7939320746294237,0.7136269246252387,0.08030515000418503
Internal,liver_96,MedNeXt_MLA_MoE vs MedNeXt_MLA,MedNeXt_MLA_MoE,MedNeXt_MLA,0.675252263587694,0.697185009745146,/home/PuMengYu/8T/nnUNet_result/results_v2_moe_retrain_after_fix_20260907/Dataset003_Liver/nnUNetTrainer_MedNeXt_MLA_MoE__nnUNetPlans__3d_fullres/fold_0/checkpoint_best.pth,/home/PuMengYu/nnUNet_workspace/results_v2/Dataset003_Liver/nnUNetTrainer_MedNeXt_MLA__nnUNetPlans__3d_fullres/fold_0/checkpoint_best.pth,MedNeXt_MLA_MoE,MedNeXt_MLA,tumor_recall,0.675252263587694,0.697185009745146,-0.021932746157452
Internal,liver_97,MedNeXt_MLA_MoE vs MedNeXt_MLA,MedNeXt_MLA_MoE,MedNeXt_MLA,0.9312211330327722,0.9515834608650094,/home/PuMengYu/8T/nnUNet_result/results_v2_moe_retrain_after_fix_20260907/Dataset003_Liver/nnUNetTrainer_MedNeXt_MLA_MoE__nnUNetPlans__3d_fullres/fold_0/checkpoint_best.pth,/home/PuMengYu/nnUNet_workspace/results_v2/Dataset003_Liver/nnUNetTrainer_MedNeXt_MLA__nnUNetPlans__3d_fullres/fold_0/checkpoint_best.pth,MedNeXt_MLA_MoE,MedNeXt_MLA,tumor_recall,0.9312211330327722,0.9515834608650094,-0.020362327832237237
Internal,liver_100,MedNeXt_MLA_MoE vs MedNeXt_MLA,MedNeXt_MLA_MoE,MedNeXt_MLA,0.9116722288370931,0.9536820778153527,/home/PuMengYu/8T/nnUNet_result/results_v2_moe_retrain_after_fix_20260907/Dataset003_Liver/nnUNetTrainer_MedNeXt_MLA_MoE__nnUNetPlans__3d_fullres/fold_0/checkpoint_best.pth,/home/PuMengYu/nnUNet_workspace/results_v2/Dataset003_Liver/nnUNetTrainer_MedNeXt_MLA__nnUNetPlans__3d_fullres/fold_0/checkpoint_best.pth,MedNeXt_MLA_MoE,MedNeXt_MLA,tumor_precision,0.9116722288370931,0.9536820778153527,-0.042009848978259656
Internal,liver_101,MedNeXt_MLA_MoE vs MedNeXt_MLA,MedNeXt_MLA_MoE,MedNeXt_MLA,0.7714112196401213,0.6866803466968853,/home/PuMengYu/8T/nnUNet_result/results_v2_moe_retrain_after_fix_20260907/Dataset003_Liver/nnUNetTrainer_MedNeXt_MLA_MoE__nnUNetPlans__3d_fullres/fold_0/checkpoint_best.pth,/home/PuMengYu/nnUNet_workspace/results_v2/Dataset003_Liver/nnUNetTrainer_MedNeXt_MLA__nnUNetPlans__3d_fullres/fold_0/checkpoint_best.pth,MedNeXt_MLA_MoE,MedNeXt_MLA,tumor_precision,0.7714112196401213,0.6866803466968853,0.084730872943236
Internal,liver_11,MedNeXt_MLA_MoE vs MedNeXt_MLA,MedNeXt_MLA_MoE,MedNeXt_MLA,0.8615916955017301,0.9171569781124971,/home/PuMengYu/8T/nnUNet_result/results_v2_moe_retrain_after_fix_20260907/Dataset003_Liver/nnUNetTrainer_MedNeXt_MLA_MoE__nnUNetPlans__3d_fullres/fold_0/checkpoint_best.pth,/home/PuMengYu/nnUNet_workspace/results_v2/Dataset003_Liver/nnUNetTrainer_MedNeXt_MLA__nnUNetPlans__3d_fullres/fold_0/checkpoint_best.pth,MedNeXt_MLA_MoE,MedNeXt_MLA,tumor_precision,0.8615916955017301,0.9171569781124971,-0.055565282610766986
Internal,liver_111,MedNeXt_MLA_MoE vs MedNeXt_MLA,MedNeXt_MLA_MoE,MedNeXt_MLA,0.6379962192816635,0.6166922570739197,/home/PuMengYu/8T/nnUNet_result/results_v2_moe_retrain_after_fix_20260907/Dataset003_Liver/nnUNetTrainer_MedNeXt_MLA_MoE__nnUNetPlans__3d_fullres/fold_0/checkpoint_best.pth,/home/PuMengYu/nnUNet_workspace/results_v2/Dataset003_Liver/nnUNetTrainer_MedNeXt_MLA__nnUNetPlans__3d_fullres/fold_0/checkpoint_best.pth,MedNeXt_MLA_MoE,MedNeXt_MLA,tumor_precision,0.6379962192816635,0.6166922570739197,0.021303962207743776
Internal,liver_112,MedNeXt_MLA_MoE vs MedNeXt_MLA,MedNeXt_MLA_MoE,MedNeXt_MLA,0.4471434997750787,0.4837743384922616,/home/PuMengYu/8T/nnUNet_result/results_v2_moe_retrain_after_fix_20260907/Dataset003_Liver/nnUNetTrainer_MedNeXt_MLA_MoE__nnUNetPlans__3d_fullres/fold_0/checkpoint_best.pth,/home/PuMengYu/nnUNet_workspace/results_v2/Dataset003_Liver/nnUNetTrainer_MedNeXt_MLA__nnUNetPlans__3d_fullres/fold_0/checkpoint_best.pth,MedNeXt_MLA_MoE,MedNeXt_MLA,tumor_precision,0.4471434997750787,0.4837743384922616,-0.03663083871718287
Internal,liver_117,MedNeXt_MLA_MoE vs MedNeXt_MLA,MedNeXt_MLA_MoE,MedNeXt_MLA,0.8629137953867723,0.8704318132054991,/home/PuMengYu/8T/nnUNet_result/results_v2_moe_retrain_after_fix_20260907/Dataset003_Liver/nnUNetTrainer_MedNeXt_MLA_MoE__nnUNetPlans__3d_fullres/fold_0/checkpoint_best.pth,/home/PuMengYu/nnUNet_workspace/results_v2/Dataset003_Liver/nnUNetTrainer_MedNeXt_MLA__nnUNetPlans__3d_fullres/fold_0/checkpoint_best.pth,MedNeXt_MLA_MoE,MedNeXt_MLA,tumor_precision,0.8629137953867723,0.8704318132054991,-0.007518017818726852
Internal,liver_127,MedNeXt_MLA_MoE vs MedNeXt_MLA,MedNeXt_MLA_MoE,MedNeXt_MLA,1.0,0.0,/home/PuMengYu/8T/nnUNet_result/results_v2_moe_retrain_after_fix_20260907/Dataset003_Liver/nnUNetTrainer_MedNeXt_MLA_MoE__nnUNetPlans__3d_fullres/fold_0/checkpoint_best.pth,/home/PuMengYu/nnUNet_workspace/results_v2/Dataset003_Liver/nnUNetTrainer_MedNeXt_MLA__nnUNetPlans__3d_fullres/fold_0/checkpoint_best.pth,MedNeXt_MLA_MoE,MedNeXt_MLA,tumor_precision,1.0,0.0,1.0
Internal,liver_128,MedNeXt_MLA_MoE vs MedNeXt_MLA,MedNeXt_MLA_MoE,MedNeXt_MLA,0.6704879277061243,0.6137628045728146,/home/PuMengYu/8T/nnUNet_result/results_v2_moe_retrain_after_fix_20260907/Dataset003_Liver/nnUNetTrainer_MedNeXt_MLA_MoE__nnUNetPlans__3d_fullres/fold_0/checkpoint_best.pth,/home/PuMengYu/nnUNet_workspace/results_v2/Dataset003_Liver/nnUNetTrainer_MedNeXt_MLA__nnUNetPlans__3d_fullres/fold_0/checkpoint_best.pth,MedNeXt_MLA_MoE,MedNeXt_MLA,tumor_precision,0.6704879277061243,0.6137628045728146,0.056725123133309685
Internal,liver_129,MedNeXt_MLA_MoE vs MedNeXt_MLA,MedNeXt_MLA_MoE,MedNeXt_MLA,0.9676744850151282,0.9621718968623223,/home/PuMengYu/8T/nnUNet_result/results_v2_moe_retrain_after_fix_20260907/Dataset003_Liver/nnUNetTrainer_MedNeXt_MLA_MoE__nnUNetPlans__3d_fullres/fold_0/checkpoint_best.pth,/home/PuMengYu/nnUNet_workspace/results_v2/Dataset003_Liver/nnUNetTrainer_MedNeXt_MLA__nnUNetPlans__3d_fullres/fold_0/checkpoint_best.pth,MedNeXt_MLA_MoE,MedNeXt_MLA,tumor_precision,0.9676744850151282,0.9621718968623223,0.0055025881528059095
Internal,liver_130,MedNeXt_MLA_MoE vs MedNeXt_MLA,MedNeXt_MLA_MoE,MedNeXt_MLA,0.9410918060372906,0.9553274643717184,/home/PuMengYu/8T/nnUNet_result/results_v2_moe_retrain_after_fix_20260907/Dataset003_Liver/nnUNetTrainer_MedNeXt_MLA_MoE__nnUNetPlans__3d_fullres/fold_0/checkpoint_best.pth,/home/PuMengYu/nnUNet_workspace/results_v2/Dataset003_Liver/nnUNetTrainer_MedNeXt_MLA__nnUNetPlans__3d_fullres/fold_0/checkpoint_best.pth,MedNeXt_MLA_MoE,MedNeXt_MLA,tumor_precision,0.9410918060372906,0.9553274643717184,-0.014235658334427859
Internal,liver_17,MedNeXt_MLA_MoE vs MedNeXt_MLA,MedNeXt_MLA_MoE,MedNeXt_MLA,0.8080435028888637,0.790163428923836,/home/PuMengYu/8T/nnUNet_result/results_v2_moe_retrain_after_fix_20260907/Dataset003_Liver/nnUNetTrainer_MedNeXt_MLA_MoE__nnUNetPlans__3d_fullres/fold_0/checkpoint_best.pth,/home/PuMengYu/nnUNet_workspace/results_v2/Dataset003_Liver/nnUNetTrainer_MedNeXt_MLA__nnUNetPlans__3d_fullres/fold_0/checkpoint_best.pth,MedNeXt_MLA_MoE,MedNeXt_MLA,tumor_precision,0.8080435028888637,0.790163428923836,0.017880073965027776
Internal,liver_36,MedNeXt_MLA_MoE vs MedNeXt_MLA,MedNeXt_MLA_MoE,MedNeXt_MLA,0.8611992514848263,0.8554696589704476,/home/PuMengYu/8T/nnUNet_result/results_v2_moe_retrain_after_fix_20260907/Dataset003_Liver/nnUNetTrainer_MedNeXt_MLA_MoE__nnUNetPlans__3d_fullres/fold_0/checkpoint_best.pth,/home/PuMengYu/nnUNet_workspace/results_v2/Dataset003_Liver/nnUNetTrainer_MedNeXt_MLA__nnUNetPlans__3d_fullres/fold_0/checkpoint_best.pth,MedNeXt_MLA_MoE,MedNeXt_MLA,tumor_precision,0.8611992514848263,0.8554696589704476,0.005729592514378767
Internal,liver_48,MedNeXt_MLA_MoE vs MedNeXt_MLA,MedNeXt_MLA_MoE,MedNeXt_MLA,0.9585971402148395,0.9305736212278877,/home/PuMengYu/8T/nnUNet_result/results_v2_moe_retrain_after_fix_20260907/Dataset003_Liver/nnUNetTrainer_MedNeXt_MLA_MoE__nnUNetPlans__3d_fullres/fold_0/checkpoint_best.pth,/home/PuMengYu/nnUNet_workspace/results_v2/Dataset003_Liver/nnUNetTrainer_MedNeXt_MLA__nnUNetPlans__3d_fullres/fold_0/checkpoint_best.pth,MedNeXt_MLA_MoE,MedNeXt_MLA,tumor_precision,0.9585971402148395,0.9305736212278877,0.02802351898695188
Internal,liver_52,MedNeXt_MLA_MoE vs MedNeXt_MLA,MedNeXt_MLA_MoE,MedNeXt_MLA,0.8342,0.9351214208046393,/home/PuMengYu/8T/nnUNet_result/results_v2_moe_retrain_after_fix_20260907/Dataset003_Liver/nnUNetTrainer_MedNeXt_MLA_MoE__nnUNetPlans__3d_fullres/fold_0/checkpoint_best.pth,/home/PuMengYu/nnUNet_workspace/results_v2/Dataset003_Liver/nnUNetTrainer_MedNeXt_MLA__nnUNetPlans__3d_fullres/fold_0/checkpoint_best.pth,MedNeXt_MLA_MoE,MedNeXt_MLA,tumor_precision,0.8342,0.9351214208046393,-0.10092142080463928
Internal,liver_58,MedNeXt_MLA_MoE vs MedNeXt_MLA,MedNeXt_MLA_MoE,MedNeXt_MLA,0.9043715846994536,0.9217970049916805,/home/PuMengYu/8T/nnUNet_result/results_v2_moe_retrain_after_fix_20260907/Dataset003_Liver/nnUNetTrainer_MedNeXt_MLA_MoE__nnUNetPlans__3d_fullres/fold_0/checkpoint_best.pth,/home/PuMengYu/nnUNet_workspace/results_v2/Dataset003_Liver/nnUNetTrainer_MedNeXt_MLA__nnUNetPlans__3d_fullres/fold_0/checkpoint_best.pth,MedNeXt_MLA_MoE,MedNeXt_MLA,tumor_precision,0.9043715846994536,0.9217970049916805,-0.017425420292226934
Internal,liver_6,MedNeXt_MLA_MoE vs MedNeXt_MLA,MedNeXt_MLA_MoE,MedNeXt_MLA,0.8194393160451047,0.7891287483615547,/home/PuMengYu/8T/nnUNet_result/results_v2_moe_retrain_after_fix_20260907/Dataset003_Liver/nnUNetTrainer_MedNeXt_MLA_MoE__nnUNetPlans__3d_fullres/fold_0/checkpoint_best.pth,/home/PuMengYu/nnUNet_workspace/results_v2/Dataset003_Liver/nnUNetTrainer_MedNeXt_MLA__nnUNetPlans__3d_fullres/fold_0/checkpoint_best.pth,MedNeXt_MLA_MoE,MedNeXt_MLA,tumor_precision,0.8194393160451047,0.7891287483615547,0.030310567683550005
Internal,liver_63,MedNeXt_MLA_MoE vs MedNeXt_MLA,MedNeXt_MLA_MoE,MedNeXt_MLA,0.5086505190311419,0.5689981096408318,/home/PuMengYu/8T/nnUNet_result/results_v2_moe_retrain_after_fix_20260907/Dataset003_Liver/nnUNetTrainer_MedNeXt_MLA_MoE__nnUNetPlans__3d_fullres/fold_0/checkpoint_best.pth,/home/PuMengYu/nnUNet_workspace/results_v2/Dataset003_Liver/nnUNetTrainer_MedNeXt_MLA__nnUNetPlans__3d_fullres/fold_0/checkpoint_best.pth,MedNeXt_MLA_MoE,MedNeXt_MLA,tumor_precision,0.5086505190311419,0.5689981096408318,-0.06034759060968986
Internal,liver_68,MedNeXt_MLA_MoE vs MedNeXt_MLA,MedNeXt_MLA_MoE,MedNeXt_MLA,0.9366280444549538,0.9081034108190311,/home/PuMengYu/8T/nnUNet_result/results_v2_moe_retrain_after_fix_20260907/Dataset003_Liver/nnUNetTrainer_MedNeXt_MLA_MoE__nnUNetPlans__3d_fullres/fold_0/checkpoint_best.pth,/home/PuMengYu/nnUNet_workspace/results_v2/Dataset003_Liver/nnUNetTrainer_MedNeXt_MLA__nnUNetPlans__3d_fullres/fold_0/checkpoint_best.pth,MedNeXt_MLA_MoE,MedNeXt_MLA,tumor_precision,0.9366280444549538,0.9081034108190311,0.028524633635922725
Internal,liver_75,MedNeXt_MLA_MoE vs MedNeXt_MLA,MedNeXt_MLA_MoE,MedNeXt_MLA,0.8396946564885496,0.8093873163740595,/home/PuMengYu/8T/nnUNet_result/results_v2_moe_retrain_after_fix_20260907/Dataset003_Liver/nnUNetTrainer_MedNeXt_MLA_MoE__nnUNetPlans__3d_fullres/fold_0/checkpoint_best.pth,/home/PuMengYu/nnUNet_workspace/results_v2/Dataset003_Liver/nnUNetTrainer_MedNeXt_MLA__nnUNetPlans__3d_fullres/fold_0/checkpoint_best.pth,MedNeXt_MLA_MoE,MedNeXt_MLA,tumor_precision,0.8396946564885496,0.8093873163740595,0.0303073401144901
Internal,liver_84,MedNeXt_MLA_MoE vs MedNeXt_MLA,MedNeXt_MLA_MoE,MedNeXt_MLA,0.868885722815389,0.8024815586441025,/home/PuMengYu/8T/nnUNet_result/results_v2_moe_retrain_after_fix_20260907/Dataset003_Liver/nnUNetTrainer_MedNeXt_MLA_MoE__nnUNetPlans__3d_fullres/fold_0/checkpoint_best.pth,/home/PuMengYu/nnUNet_workspace/results_v2/Dataset003_Liver/nnUNetTrainer_MedNeXt_MLA__nnUNetPlans__3d_fullres/fold_0/checkpoint_best.pth,MedNeXt_MLA_MoE,MedNeXt_MLA,tumor_precision,0.868885722815389,0.8024815586441025,0.06640416417128647
Internal,liver_90,MedNeXt_MLA_MoE vs MedNeXt_MLA,MedNeXt_MLA_MoE,MedNeXt_MLA,0.8916702478154992,0.9079908918944961,/home/PuMengYu/8T/nnUNet_result/results_v2_moe_retrain_after_fix_20260907/Dataset003_Liver/nnUNetTrainer_MedNeXt_MLA_MoE__nnUNetPlans__3d_fullres/fold_0/checkpoint_best.pth,/home/PuMengYu/nnUNet_workspace/results_v2/Dataset003_Liver/nnUNetTrainer_MedNeXt_MLA__nnUNetPlans__3d_fullres/fold_0/checkpoint_best.pth,MedNeXt_MLA_MoE,MedNeXt_MLA,tumor_precision,0.8916702478154992,0.9079908918944961,-0.016320644078996915
Internal,liver_96,MedNeXt_MLA_MoE vs MedNeXt_MLA,MedNeXt_MLA_MoE,MedNeXt_MLA,0.7073996536662273,0.7223486107205849,/home/PuMengYu/8T/nnUNet_result/results_v2_moe_retrain_after_fix_20260907/Dataset003_Liver/nnUNetTrainer_MedNeXt_MLA_MoE__nnUNetPlans__3d_fullres/fold_0/checkpoint_best.pth,/home/PuMengYu/nnUNet_workspace/results_v2/Dataset003_Liver/nnUNetTrainer_MedNeXt_MLA__nnUNetPlans__3d_fullres/fold_0/checkpoint_best.pth,MedNeXt_MLA_MoE,MedNeXt_MLA,tumor_precision,0.7073996536662273,0.7223486107205849,-0.014948957054357614
Internal,liver_97,MedNeXt_MLA_MoE vs MedNeXt_MLA,MedNeXt_MLA_MoE,MedNeXt_MLA,0.8615211928723581,0.8290706194669005,/home/PuMengYu/8T/nnUNet_result/results_v2_moe_retrain_after_fix_20260907/Dataset003_Liver/nnUNetTrainer_MedNeXt_MLA_MoE__nnUNetPlans__3d_fullres/fold_0/checkpoint_best.pth,/home/PuMengYu/nnUNet_workspace/results_v2/Dataset003_Liver/nnUNetTrainer_MedNeXt_MLA__nnUNetPlans__3d_fullres/fold_0/checkpoint_best.pth,MedNeXt_MLA_MoE,MedNeXt_MLA,tumor_precision,0.8615211928723581,0.8290706194669005,0.03245057340545754
Internal,liver_100,MedNeXt_MLA_MoE vs MedNeXt_MLA,MedNeXt_MLA_MoE,MedNeXt_MLA,0.9435544717529541,0.9520548277577559,/home/PuMengYu/8T/nnUNet_result/results_v2_moe_retrain_after_fix_20260907/Dataset003_Liver/nnUNetTrainer_MedNeXt_MLA_MoE__nnUNetPlans__3d_fullres/fold_0/checkpoint_best.pth,/home/PuMengYu/nnUNet_workspace/results_v2/Dataset003_Liver/nnUNetTrainer_MedNeXt_MLA__nnUNetPlans__3d_fullres/fold_0/checkpoint_best.pth,MedNeXt_MLA_MoE,MedNeXt_MLA,liver_dice,0.9435544717529541,0.9520548277577559,-0.008500356004801701
Internal,liver_101,MedNeXt_MLA_MoE vs MedNeXt_MLA,MedNeXt_MLA_MoE,MedNeXt_MLA,0.9701540880555574,0.9693025960631962,/home/PuMengYu/8T/nnUNet_result/results_v2_moe_retrain_after_fix_20260907/Dataset003_Liver/nnUNetTrainer_MedNeXt_MLA_MoE__nnUNetPlans__3d_fullres/fold_0/checkpoint_best.pth,/home/PuMengYu/nnUNet_workspace/results_v2/Dataset003_Liver/nnUNetTrainer_MedNeXt_MLA__nnUNetPlans__3d_fullres/fold_0/checkpoint_best.pth,MedNeXt_MLA_MoE,MedNeXt_MLA,liver_dice,0.9701540880555574,0.9693025960631962,0.0008514919923611197
Internal,liver_11,MedNeXt_MLA_MoE vs MedNeXt_MLA,MedNeXt_MLA_MoE,MedNeXt_MLA,0.9630480176666761,0.9629078641017567,/home/PuMengYu/8T/nnUNet_result/results_v2_moe_retrain_after_fix_20260907/Dataset003_Liver/nnUNetTrainer_MedNeXt_MLA_MoE__nnUNetPlans__3d_fullres/fold_0/checkpoint_best.pth,/home/PuMengYu/nnUNet_workspace/results_v2/Dataset003_Liver/nnUNetTrainer_MedNeXt_MLA__nnUNetPlans__3d_fullres/fold_0/checkpoint_best.pth,MedNeXt_MLA_MoE,MedNeXt_MLA,liver_dice,0.9630480176666761,0.9629078641017567,0.00014015356491947628
Internal,liver_111,MedNeXt_MLA_MoE vs MedNeXt_MLA,MedNeXt_MLA_MoE,MedNeXt_MLA,0.9763950671194788,0.9864340796732242,/home/PuMengYu/8T/nnUNet_result/results_v2_moe_retrain_after_fix_20260907/Dataset003_Liver/nnUNetTrainer_MedNeXt_MLA_MoE__nnUNetPlans__3d_fullres/fold_0/checkpoint_best.pth,/home/PuMengYu/nnUNet_workspace/results_v2/Dataset003_Liver/nnUNetTrainer_MedNeXt_MLA__nnUNetPlans__3d_fullres/fold_0/checkpoint_best.pth,MedNeXt_MLA_MoE,MedNeXt_MLA,liver_dice,0.9763950671194788,0.9864340796732242,-0.010039012553745397
Internal,liver_112,MedNeXt_MLA_MoE vs MedNeXt_MLA,MedNeXt_MLA_MoE,MedNeXt_MLA,0.9821253817882947,0.9842100261720527,/home/PuMengYu/8T/nnUNet_result/results_v2_moe_retrain_after_fix_20260907/Dataset003_Liver/nnUNetTrainer_MedNeXt_MLA_MoE__nnUNetPlans__3d_fullres/fold_0/checkpoint_best.pth,/home/PuMengYu/nnUNet_workspace/results_v2/Dataset003_Liver/nnUNetTrainer_MedNeXt_MLA__nnUNetPlans__3d_fullres/fold_0/checkpoint_best.pth,MedNeXt_MLA_MoE,MedNeXt_MLA,liver_dice,0.9821253817882947,0.9842100261720527,-0.002084644383757994
Internal,liver_117,MedNeXt_MLA_MoE vs MedNeXt_MLA,MedNeXt_MLA_MoE,MedNeXt_MLA,0.9496640936737952,0.9520468083650355,/home/PuMengYu/8T/nnUNet_result/results_v2_moe_retrain_after_fix_20260907/Dataset003_Liver/nnUNetTrainer_MedNeXt_MLA_MoE__nnUNetPlans__3d_fullres/fold_0/checkpoint_best.pth,/home/PuMengYu/nnUNet_workspace/results_v2/Dataset003_Liver/nnUNetTrainer_MedNeXt_MLA__nnUNetPlans__3d_fullres/fold_0/checkpoint_best.pth,MedNeXt_MLA_MoE,MedNeXt_MLA,liver_dice,0.9496640936737952,0.9520468083650355,-0.0023827146912402952
Internal,liver_127,MedNeXt_MLA_MoE vs MedNeXt_MLA,MedNeXt_MLA_MoE,MedNeXt_MLA,0.9834289336051701,0.9851984721644935,/home/PuMengYu/8T/nnUNet_result/results_v2_moe_retrain_after_fix_20260907/Dataset003_Liver/nnUNetTrainer_MedNeXt_MLA_MoE__nnUNetPlans__3d_fullres/fold_0/checkpoint_best.pth,/home/PuMengYu/nnUNet_workspace/results_v2/Dataset003_Liver/nnUNetTrainer_MedNeXt_MLA__nnUNetPlans__3d_fullres/fold_0/checkpoint_best.pth,MedNeXt_MLA_MoE,MedNeXt_MLA,liver_dice,0.9834289336051701,0.9851984721644935,-0.0017695385593233803
Internal,liver_128,MedNeXt_MLA_MoE vs MedNeXt_MLA,MedNeXt_MLA_MoE,MedNeXt_MLA,0.9319222520787334,0.9564409297971579,/home/PuMengYu/8T/nnUNet_result/results_v2_moe_retrain_after_fix_20260907/Dataset003_Liver/nnUNetTrainer_MedNeXt_MLA_MoE__nnUNetPlans__3d_fullres/fold_0/checkpoint_best.pth,/home/PuMengYu/nnUNet_workspace/results_v2/Dataset003_Liver/nnUNetTrainer_MedNeXt_MLA__nnUNetPlans__3d_fullres/fold_0/checkpoint_best.pth,MedNeXt_MLA_MoE,MedNeXt_MLA,liver_dice,0.9319222520787334,0.9564409297971579,-0.02451867771842453
Internal,liver_129,MedNeXt_MLA_MoE vs MedNeXt_MLA,MedNeXt_MLA_MoE,MedNeXt_MLA,0.9563787433365091,0.9615277035446541,/home/PuMengYu/8T/nnUNet_result/results_v2_moe_retrain_after_fix_20260907/Dataset003_Liver/nnUNetTrainer_MedNeXt_MLA_MoE__nnUNetPlans__3d_fullres/fold_0/checkpoint_best.pth,/home/PuMengYu/nnUNet_workspace/results_v2/Dataset003_Liver/nnUNetTrainer_MedNeXt_MLA__nnUNetPlans__3d_fullres/fold_0/checkpoint_best.pth,MedNeXt_MLA_MoE,MedNeXt_MLA,liver_dice,0.9563787433365091,0.9615277035446541,-0.005148960208145037
Internal,liver_130,MedNeXt_MLA_MoE vs MedNeXt_MLA,MedNeXt_MLA_MoE,MedNeXt_MLA,0.7057331277307278,0.9358796778191464,/home/PuMengYu/8T/nnUNet_result/results_v2_moe_retrain_after_fix_20260907/Dataset003_Liver/nnUNetTrainer_MedNeXt_MLA_MoE__nnUNetPlans__3d_fullres/fold_0/checkpoint_best.pth,/home/PuMengYu/nnUNet_workspace/results_v2/Dataset003_Liver/nnUNetTrainer_MedNeXt_MLA__nnUNetPlans__3d_fullres/fold_0/checkpoint_best.pth,MedNeXt_MLA_MoE,MedNeXt_MLA,liver_dice,0.7057331277307278,0.9358796778191464,-0.23014655008841856
Internal,liver_17,MedNeXt_MLA_MoE vs MedNeXt_MLA,MedNeXt_MLA_MoE,MedNeXt_MLA,0.9764545618981723,0.9578188036553387,/home/PuMengYu/8T/nnUNet_result/results_v2_moe_retrain_after_fix_20260907/Dataset003_Liver/nnUNetTrainer_MedNeXt_MLA_MoE__nnUNetPlans__3d_fullres/fold_0/checkpoint_best.pth,/home/PuMengYu/nnUNet_workspace/results_v2/Dataset003_Liver/nnUNetTrainer_MedNeXt_MLA__nnUNetPlans__3d_fullres/fold_0/checkpoint_best.pth,MedNeXt_MLA_MoE,MedNeXt_MLA,liver_dice,0.9764545618981723,0.9578188036553387,0.01863575824283359
Internal,liver_36,MedNeXt_MLA_MoE vs MedNeXt_MLA,MedNeXt_MLA_MoE,MedNeXt_MLA,0.9681281003500865,0.9704288328169999,/home/PuMengYu/8T/nnUNet_result/results_v2_moe_retrain_after_fix_20260907/Dataset003_Liver/nnUNetTrainer_MedNeXt_MLA_MoE__nnUNetPlans__3d_fullres/fold_0/checkpoint_best.pth,/home/PuMengYu/nnUNet_workspace/results_v2/Dataset003_Liver/nnUNetTrainer_MedNeXt_MLA__nnUNetPlans__3d_fullres/fold_0/checkpoint_best.pth,MedNeXt_MLA_MoE,MedNeXt_MLA,liver_dice,0.9681281003500865,0.9704288328169999,-0.0023007324669134244
Internal,liver_41,MedNeXt_MLA_MoE vs MedNeXt_MLA,MedNeXt_MLA_MoE,MedNeXt_MLA,0.9660949424711439,0.9687841070783981,/home/PuMengYu/8T/nnUNet_result/results_v2_moe_retrain_after_fix_20260907/Dataset003_Liver/nnUNetTrainer_MedNeXt_MLA_MoE__nnUNetPlans__3d_fullres/fold_0/checkpoint_best.pth,/home/PuMengYu/nnUNet_workspace/results_v2/Dataset003_Liver/nnUNetTrainer_MedNeXt_MLA__nnUNetPlans__3d_fullres/fold_0/checkpoint_best.pth,MedNeXt_MLA_MoE,MedNeXt_MLA,liver_dice,0.9660949424711439,0.9687841070783981,-0.002689164607254213
Internal,liver_48,MedNeXt_MLA_MoE vs MedNeXt_MLA,MedNeXt_MLA_MoE,MedNeXt_MLA,0.9279294288896098,0.7393469834311474,/home/PuMengYu/8T/nnUNet_result/results_v2_moe_retrain_after_fix_20260907/Dataset003_Liver/nnUNetTrainer_MedNeXt_MLA_MoE__nnUNetPlans__3d_fullres/fold_0/checkpoint_best.pth,/home/PuMengYu/nnUNet_workspace/results_v2/Dataset003_Liver/nnUNetTrainer_MedNeXt_MLA__nnUNetPlans__3d_fullres/fold_0/checkpoint_best.pth,MedNeXt_MLA_MoE,MedNeXt_MLA,liver_dice,0.9279294288896098,0.7393469834311474,0.18858244545846248
Internal,liver_52,MedNeXt_MLA_MoE vs MedNeXt_MLA,MedNeXt_MLA_MoE,MedNeXt_MLA,0.9450193864656268,0.9501967488365493,/home/PuMengYu/8T/nnUNet_result/results_v2_moe_retrain_after_fix_20260907/Dataset003_Liver/nnUNetTrainer_MedNeXt_MLA_MoE__nnUNetPlans__3d_fullres/fold_0/checkpoint_best.pth,/home/PuMengYu/nnUNet_workspace/results_v2/Dataset003_Liver/nnUNetTrainer_MedNeXt_MLA__nnUNetPlans__3d_fullres/fold_0/checkpoint_best.pth,MedNeXt_MLA_MoE,MedNeXt_MLA,liver_dice,0.9450193864656268,0.9501967488365493,-0.005177362370922478
Internal,liver_58,MedNeXt_MLA_MoE vs MedNeXt_MLA,MedNeXt_MLA_MoE,MedNeXt_MLA,0.9572995968853897,0.9570158827193872,/home/PuMengYu/8T/nnUNet_result/results_v2_moe_retrain_after_fix_20260907/Dataset003_Liver/nnUNetTrainer_MedNeXt_MLA_MoE__nnUNetPlans__3d_fullres/fold_0/checkpoint_best.pth,/home/PuMengYu/nnUNet_workspace/results_v2/Dataset003_Liver/nnUNetTrainer_MedNeXt_MLA__nnUNetPlans__3d_fullres/fold_0/checkpoint_best.pth,MedNeXt_MLA_MoE,MedNeXt_MLA,liver_dice,0.9572995968853897,0.9570158827193872,0.00028371416600248
Internal,liver_6,MedNeXt_MLA_MoE vs MedNeXt_MLA,MedNeXt_MLA_MoE,MedNeXt_MLA,0.9615840588692337,0.9696980637161685,/home/PuMengYu/8T/nnUNet_result/results_v2_moe_retrain_after_fix_20260907/Dataset003_Liver/nnUNetTrainer_MedNeXt_MLA_MoE__nnUNetPlans__3d_fullres/fold_0/checkpoint_best.pth,/home/PuMengYu/nnUNet_workspace/results_v2/Dataset003_Liver/nnUNetTrainer_MedNeXt_MLA__nnUNetPlans__3d_fullres/fold_0/checkpoint_best.pth,MedNeXt_MLA_MoE,MedNeXt_MLA,liver_dice,0.9615840588692337,0.9696980637161685,-0.008114004846934808
Internal,liver_63,MedNeXt_MLA_MoE vs MedNeXt_MLA,MedNeXt_MLA_MoE,MedNeXt_MLA,0.9592302312682374,0.9777445384396483,/home/PuMengYu/8T/nnUNet_result/results_v2_moe_retrain_after_fix_20260907/Dataset003_Liver/nnUNetTrainer_MedNeXt_MLA_MoE__nnUNetPlans__3d_fullres/fold_0/checkpoint_best.pth,/home/PuMengYu/nnUNet_workspace/results_v2/Dataset003_Liver/nnUNetTrainer_MedNeXt_MLA__nnUNetPlans__3d_fullres/fold_0/checkpoint_best.pth,MedNeXt_MLA_MoE,MedNeXt_MLA,liver_dice,0.9592302312682374,0.9777445384396483,-0.018514307171410893
Internal,liver_68,MedNeXt_MLA_MoE vs MedNeXt_MLA,MedNeXt_MLA_MoE,MedNeXt_MLA,0.9486526333165564,0.9499860958299581,/home/PuMengYu/8T/nnUNet_result/results_v2_moe_retrain_after_fix_20260907/Dataset003_Liver/nnUNetTrainer_MedNeXt_MLA_MoE__nnUNetPlans__3d_fullres/fold_0/checkpoint_best.pth,/home/PuMengYu/nnUNet_workspace/results_v2/Dataset003_Liver/nnUNetTrainer_MedNeXt_MLA__nnUNetPlans__3d_fullres/fold_0/checkpoint_best.pth,MedNeXt_MLA_MoE,MedNeXt_MLA,liver_dice,0.9486526333165564,0.9499860958299581,-0.0013334625134017175
Internal,liver_75,MedNeXt_MLA_MoE vs MedNeXt_MLA,MedNeXt_MLA_MoE,MedNeXt_MLA,0.9579023249248886,0.9583834001305261,/home/PuMengYu/8T/nnUNet_result/results_v2_moe_retrain_after_fix_20260907/Dataset003_Liver/nnUNetTrainer_MedNeXt_MLA_MoE__nnUNetPlans__3d_fullres/fold_0/checkpoint_best.pth,/home/PuMengYu/nnUNet_workspace/results_v2/Dataset003_Liver/nnUNetTrainer_MedNeXt_MLA__nnUNetPlans__3d_fullres/fold_0/checkpoint_best.pth,MedNeXt_MLA_MoE,MedNeXt_MLA,liver_dice,0.9579023249248886,0.9583834001305261,-0.00048107520563756
Internal,liver_84,MedNeXt_MLA_MoE vs MedNeXt_MLA,MedNeXt_MLA_MoE,MedNeXt_MLA,0.9284420314315311,0.9532797148659758,/home/PuMengYu/8T/nnUNet_result/results_v2_moe_retrain_after_fix_20260907/Dataset003_Liver/nnUNetTrainer_MedNeXt_MLA_MoE__nnUNetPlans__3d_fullres/fold_0/checkpoint_best.pth,/home/PuMengYu/nnUNet_workspace/results_v2/Dataset003_Liver/nnUNetTrainer_MedNeXt_MLA__nnUNetPlans__3d_fullres/fold_0/checkpoint_best.pth,MedNeXt_MLA_MoE,MedNeXt_MLA,liver_dice,0.9284420314315311,0.9532797148659758,-0.0248376834344447
Internal,liver_89,MedNeXt_MLA_MoE vs MedNeXt_MLA,MedNeXt_MLA_MoE,MedNeXt_MLA,0.9626315845098073,0.9780274518048813,/home/PuMengYu/8T/nnUNet_result/results_v2_moe_retrain_after_fix_20260907/Dataset003_Liver/nnUNetTrainer_MedNeXt_MLA_MoE__nnUNetPlans__3d_fullres/fold_0/checkpoint_best.pth,/home/PuMengYu/nnUNet_workspace/results_v2/Dataset003_Liver/nnUNetTrainer_MedNeXt_MLA__nnUNetPlans__3d_fullres/fold_0/checkpoint_best.pth,MedNeXt_MLA_MoE,MedNeXt_MLA,liver_dice,0.9626315845098073,0.9780274518048813,-0.015395867295073917
Internal,liver_90,MedNeXt_MLA_MoE vs MedNeXt_MLA,MedNeXt_MLA_MoE,MedNeXt_MLA,0.963332383526689,0.9569694660246394,/home/PuMengYu/8T/nnUNet_result/results_v2_moe_retrain_after_fix_20260907/Dataset003_Liver/nnUNetTrainer_MedNeXt_MLA_MoE__nnUNetPlans__3d_fullres/fold_0/checkpoint_best.pth,/home/PuMengYu/nnUNet_workspace/results_v2/Dataset003_Liver/nnUNetTrainer_MedNeXt_MLA__nnUNetPlans__3d_fullres/fold_0/checkpoint_best.pth,MedNeXt_MLA_MoE,MedNeXt_MLA,liver_dice,0.963332383526689,0.9569694660246394,0.006362917502049648
Internal,liver_91,MedNeXt_MLA_MoE vs MedNeXt_MLA,MedNeXt_MLA_MoE,MedNeXt_MLA,0.9823967482160914,0.9857725995881969,/home/PuMengYu/8T/nnUNet_result/results_v2_moe_retrain_after_fix_20260907/Dataset003_Liver/nnUNetTrainer_MedNeXt_MLA_MoE__nnUNetPlans__3d_fullres/fold_0/checkpoint_best.pth,/home/PuMengYu/nnUNet_workspace/results_v2/Dataset003_Liver/nnUNetTrainer_MedNeXt_MLA__nnUNetPlans__3d_fullres/fold_0/checkpoint_best.pth,MedNeXt_MLA_MoE,MedNeXt_MLA,liver_dice,0.9823967482160914,0.9857725995881969,-0.0033758513721054983
Internal,liver_96,MedNeXt_MLA_MoE vs MedNeXt_MLA,MedNeXt_MLA_MoE,MedNeXt_MLA,0.9670012463354126,0.9792018474694055,/home/PuMengYu/8T/nnUNet_result/results_v2_moe_retrain_after_fix_20260907/Dataset003_Liver/nnUNetTrainer_MedNeXt_MLA_MoE__nnUNetPlans__3d_fullres/fold_0/checkpoint_best.pth,/home/PuMengYu/nnUNet_workspace/results_v2/Dataset003_Liver/nnUNetTrainer_MedNeXt_MLA__nnUNetPlans__3d_fullres/fold_0/checkpoint_best.pth,MedNeXt_MLA_MoE,MedNeXt_MLA,liver_dice,0.9670012463354126,0.9792018474694055,-0.012200601133992905
Internal,liver_97,MedNeXt_MLA_MoE vs MedNeXt_MLA,MedNeXt_MLA_MoE,MedNeXt_MLA,0.9565349460376248,0.8344059051079731,/home/PuMengYu/8T/nnUNet_result/results_v2_moe_retrain_after_fix_20260907/Dataset003_Liver/nnUNetTrainer_MedNeXt_MLA_MoE__nnUNetPlans__3d_fullres/fold_0/checkpoint_best.pth,/home/PuMengYu/nnUNet_workspace/results_v2/Dataset003_Liver/nnUNetTrainer_MedNeXt_MLA__nnUNetPlans__3d_fullres/fold_0/checkpoint_best.pth,MedNeXt_MLA_MoE,MedNeXt_MLA,liver_dice,0.9565349460376248,0.8344059051079731,0.12212904092965171
IRCADb,ircadb_001,MedNeXt_MLA_MoE vs MedNeXt,MedNeXt_MLA_MoE,MedNeXt,0.867318547193559,0.8642473153474927,/home/PuMengYu/8T/nnUNet_result/results_v2_moe_retrain_after_fix_20260907/Dataset003_Liver/nnUNetTrainer_MedNeXt_MLA_MoE__nnUNetPlans__3d_fullres/fold_0/checkpoint_best.pth,/home/PuMengYu/nnUNet_workspace/results_v2/Dataset003_Liver/nnUNetTrainer_MedNeXt__nnUNetPlans__3d_fullres/fold_0/checkpoint_best.pth,MedNeXt_MLA_MoE,MedNeXt,tumor_dice,0.867318547193559,0.8642473153474927,0.003071231846066391
IRCADb,ircadb_002,MedNeXt_MLA_MoE vs MedNeXt,MedNeXt_MLA_MoE,MedNeXt,0.8862994076884364,0.9072617523321749,/home/PuMengYu/8T/nnUNet_result/results_v2_moe_retrain_after_fix_20260907/Dataset003_Liver/nnUNetTrainer_MedNeXt_MLA_MoE__nnUNetPlans__3d_fullres/fold_0/checkpoint_best.pth,/home/PuMengYu/nnUNet_workspace/results_v2/Dataset003_Liver/nnUNetTrainer_MedNeXt__nnUNetPlans__3d_fullres/fold_0/checkpoint_best.pth,MedNeXt_MLA_MoE,MedNeXt,tumor_dice,0.8862994076884364,0.9072617523321749,-0.020962344643738473
IRCADb,ircadb_003,MedNeXt_MLA_MoE vs MedNeXt,MedNeXt_MLA_MoE,MedNeXt,0.6753131253242421,0.8087770289693059,/home/PuMengYu/8T/nnUNet_result/results_v2_moe_retrain_after_fix_20260907/Dataset003_Liver/nnUNetTrainer_MedNeXt_MLA_MoE__nnUNetPlans__3d_fullres/fold_0/checkpoint_best.pth,/home/PuMengYu/nnUNet_workspace/results_v2/Dataset003_Liver/nnUNetTrainer_MedNeXt__nnUNetPlans__3d_fullres/fold_0/checkpoint_best.pth,MedNeXt_MLA_MoE,MedNeXt,tumor_dice,0.6753131253242421,0.8087770289693059,-0.13346390364506378
IRCADb,ircadb_004,MedNeXt_MLA_MoE vs MedNeXt,MedNeXt_MLA_MoE,MedNeXt,0.8414734418681138,0.8604745323507976,/home/PuMengYu/8T/nnUNet_result/results_v2_moe_retrain_after_fix_20260907/Dataset003_Liver/nnUNetTrainer_MedNeXt_MLA_MoE__nnUNetPlans__3d_fullres/fold_0/checkpoint_best.pth,/home/PuMengYu/nnUNet_workspace/results_v2/Dataset003_Liver/nnUNetTrainer_MedNeXt__nnUNetPlans__3d_fullres/fold_0/checkpoint_best.pth,MedNeXt_MLA_MoE,MedNeXt,tumor_dice,0.8414734418681138,0.8604745323507976,-0.019001090482683836
IRCADb,ircadb_006,MedNeXt_MLA_MoE vs MedNeXt,MedNeXt_MLA_MoE,MedNeXt,0.7882058029222353,0.7739779202179391,/home/PuMengYu/8T/nnUNet_result/results_v2_moe_retrain_after_fix_20260907/Dataset003_Liver/nnUNetTrainer_MedNeXt_MLA_MoE__nnUNetPlans__3d_fullres/fold_0/checkpoint_best.pth,/home/PuMengYu/nnUNet_workspace/results_v2/Dataset003_Liver/nnUNetTrainer_MedNeXt__nnUNetPlans__3d_fullres/fold_0/checkpoint_best.pth,MedNeXt_MLA_MoE,MedNeXt,tumor_dice,0.7882058029222353,0.7739779202179391,0.014227882704296202
IRCADb,ircadb_008,MedNeXt_MLA_MoE vs MedNeXt,MedNeXt_MLA_MoE,MedNeXt,0.24582814870370054,0.29305622347209737,/home/PuMengYu/8T/nnUNet_result/results_v2_moe_retrain_after_fix_20260907/Dataset003_Liver/nnUNetTrainer_MedNeXt_MLA_MoE__nnUNetPlans__3d_fullres/fold_0/checkpoint_best.pth,/home/PuMengYu/nnUNet_workspace/results_v2/Dataset003_Liver/nnUNetTrainer_MedNeXt__nnUNetPlans__3d_fullres/fold_0/checkpoint_best.pth,MedNeXt_MLA_MoE,MedNeXt,tumor_dice,0.24582814870370054,0.29305622347209737,-0.04722807476839683
IRCADb,ircadb_009,MedNeXt_MLA_MoE vs MedNeXt,MedNeXt_MLA_MoE,MedNeXt,0.7985001768659357,0.8009206317038924,/home/PuMengYu/8T/nnUNet_result/results_v2_moe_retrain_after_fix_20260907/Dataset003_Liver/nnUNetTrainer_MedNeXt_MLA_MoE__nnUNetPlans__3d_fullres/fold_0/checkpoint_best.pth,/home/PuMengYu/nnUNet_workspace/results_v2/Dataset003_Liver/nnUNetTrainer_MedNeXt__nnUNetPlans__3d_fullres/fold_0/checkpoint_best.pth,MedNeXt_MLA_MoE,MedNeXt,tumor_dice,0.7985001768659357,0.8009206317038924,-0.0024204548379567203
IRCADb,ircadb_010,MedNeXt_MLA_MoE vs MedNeXt,MedNeXt_MLA_MoE,MedNeXt,0.8534467095461318,0.8551498961116059,/home/PuMengYu/8T/nnUNet_result/results_v2_moe_retrain_after_fix_20260907/Dataset003_Liver/nnUNetTrainer_MedNeXt_MLA_MoE__nnUNetPlans__3d_fullres/fold_0/checkpoint_best.pth,/home/PuMengYu/nnUNet_workspace/results_v2/Dataset003_Liver/nnUNetTrainer_MedNeXt__nnUNetPlans__3d_fullres/fold_0/checkpoint_best.pth,MedNeXt_MLA_MoE,MedNeXt,tumor_dice,0.8534467095461318,0.8551498961116059,-0.0017031865654740797
IRCADb,ircadb_012,MedNeXt_MLA_MoE vs MedNeXt,MedNeXt_MLA_MoE,MedNeXt,0.6825212183878333,0.968355136832914,/home/PuMengYu/8T/nnUNet_result/results_v2_moe_retrain_after_fix_20260907/Dataset003_Liver/nnUNetTrainer_MedNeXt_MLA_MoE__nnUNetPlans__3d_fullres/fold_0/checkpoint_best.pth,/home/PuMengYu/nnUNet_workspace/results_v2/Dataset003_Liver/nnUNetTrainer_MedNeXt__nnUNetPlans__3d_fullres/fold_0/checkpoint_best.pth,MedNeXt_MLA_MoE,MedNeXt,tumor_dice,0.6825212183878333,0.968355136832914,-0.28583391844508066
IRCADb,ircadb_013,MedNeXt_MLA_MoE vs MedNeXt,MedNeXt_MLA_MoE,MedNeXt,0.7255396054941651,0.7165564016144468,/home/PuMengYu/8T/nnUNet_result/results_v2_moe_retrain_after_fix_20260907/Dataset003_Liver/nnUNetTrainer_MedNeXt_MLA_MoE__nnUNetPlans__3d_fullres/fold_0/checkpoint_best.pth,/home/PuMengYu/nnUNet_workspace/results_v2/Dataset003_Liver/nnUNetTrainer_MedNeXt__nnUNetPlans__3d_fullres/fold_0/checkpoint_best.pth,MedNeXt_MLA_MoE,MedNeXt,tumor_dice,0.7255396054941651,0.7165564016144468,0.008983203879718293
IRCADb,ircadb_015,MedNeXt_MLA_MoE vs MedNeXt,MedNeXt_MLA_MoE,MedNeXt,0.7546892239794042,0.7676767676767676,/home/PuMengYu/8T/nnUNet_result/results_v2_moe_retrain_after_fix_20260907/Dataset003_Liver/nnUNetTrainer_MedNeXt_MLA_MoE__nnUNetPlans__3d_fullres/fold_0/checkpoint_best.pth,/home/PuMengYu/nnUNet_workspace/results_v2/Dataset003_Liver/nnUNetTrainer_MedNeXt__nnUNetPlans__3d_fullres/fold_0/checkpoint_best.pth,MedNeXt_MLA_MoE,MedNeXt,tumor_dice,0.7546892239794042,0.7676767676767676,-0.012987543697363435
IRCADb,ircadb_016,MedNeXt_MLA_MoE vs MedNeXt,MedNeXt_MLA_MoE,MedNeXt,0.44557139109906446,0.25456983906218955,/home/PuMengYu/8T/nnUNet_result/results_v2_moe_retrain_after_fix_20260907/Dataset003_Liver/nnUNetTrainer_MedNeXt_MLA_MoE__nnUNetPlans__3d_fullres/fold_0/checkpoint_best.pth,/home/PuMengYu/nnUNet_workspace/results_v2/Dataset003_Liver/nnUNetTrainer_MedNeXt__nnUNetPlans__3d_fullres/fold_0/checkpoint_best.pth,MedNeXt_MLA_MoE,MedNeXt,tumor_dice,0.44557139109906446,0.25456983906218955,0.1910015520368749
IRCADb,ircadb_017,MedNeXt_MLA_MoE vs MedNeXt,MedNeXt_MLA_MoE,MedNeXt,0.745063517340745,0.7096669609844931,/home/PuMengYu/8T/nnUNet_result/results_v2_moe_retrain_after_fix_20260907/Dataset003_Liver/nnUNetTrainer_MedNeXt_MLA_MoE__nnUNetPlans__3d_fullres/fold_0/checkpoint_best.pth,/home/PuMengYu/nnUNet_workspace/results_v2/Dataset003_Liver/nnUNetTrainer_MedNeXt__nnUNetPlans__3d_fullres/fold_0/checkpoint_best.pth,MedNeXt_MLA_MoE,MedNeXt,tumor_dice,0.745063517340745,0.7096669609844931,0.03539655635625194
IRCADb,ircadb_018,MedNeXt_MLA_MoE vs MedNeXt,MedNeXt_MLA_MoE,MedNeXt,0.0,0.0,/home/PuMengYu/8T/nnUNet_result/results_v2_moe_retrain_after_fix_20260907/Dataset003_Liver/nnUNetTrainer_MedNeXt_MLA_MoE__nnUNetPlans__3d_fullres/fold_0/checkpoint_best.pth,/home/PuMengYu/nnUNet_workspace/results_v2/Dataset003_Liver/nnUNetTrainer_MedNeXt__nnUNetPlans__3d_fullres/fold_0/checkpoint_best.pth,MedNeXt_MLA_MoE,MedNeXt,tumor_dice,0.0,0.0,0.0
IRCADb,ircadb_019,MedNeXt_MLA_MoE vs MedNeXt,MedNeXt_MLA_MoE,MedNeXt,0.784186762293297,0.768634501458929,/home/PuMengYu/8T/nnUNet_result/results_v2_moe_retrain_after_fix_20260907/Dataset003_Liver/nnUNetTrainer_MedNeXt_MLA_MoE__nnUNetPlans__3d_fullres/fold_0/checkpoint_best.pth,/home/PuMengYu/nnUNet_workspace/results_v2/Dataset003_Liver/nnUNetTrainer_MedNeXt__nnUNetPlans__3d_fullres/fold_0/checkpoint_best.pth,MedNeXt_MLA_MoE,MedNeXt,tumor_dice,0.784186762293297,0.768634501458929,0.015552260834368004
IRCADb,ircadb_001,MedNeXt_MLA_MoE vs MedNeXt,MedNeXt_MLA_MoE,MedNeXt,0.786323669423339,0.7701803349076857,/home/PuMengYu/8T/nnUNet_result/results_v2_moe_retrain_after_fix_20260907/Dataset003_Liver/nnUNetTrainer_MedNeXt_MLA_MoE__nnUNetPlans__3d_fullres/fold_0/checkpoint_best.pth,/home/PuMengYu/nnUNet_workspace/results_v2/Dataset003_Liver/nnUNetTrainer_MedNeXt__nnUNetPlans__3d_fullres/fold_0/checkpoint_best.pth,MedNeXt_MLA_MoE,MedNeXt,tumor_recall,0.786323669423339,0.7701803349076857,0.016143334515653307
IRCADb,ircadb_002,MedNeXt_MLA_MoE vs MedNeXt,MedNeXt_MLA_MoE,MedNeXt,0.8140378324562652,0.8818091309913242,/home/PuMengYu/8T/nnUNet_result/results_v2_moe_retrain_after_fix_20260907/Dataset003_Liver/nnUNetTrainer_MedNeXt_MLA_MoE__nnUNetPlans__3d_fullres/fold_0/checkpoint_best.pth,/home/PuMengYu/nnUNet_workspace/results_v2/Dataset003_Liver/nnUNetTrainer_MedNeXt__nnUNetPlans__3d_fullres/fold_0/checkpoint_best.pth,MedNeXt_MLA_MoE,MedNeXt,tumor_recall,0.8140378324562652,0.8818091309913242,-0.06777129853505903
IRCADb,ircadb_003,MedNeXt_MLA_MoE vs MedNeXt,MedNeXt_MLA_MoE,MedNeXt,0.9590232949761437,0.8883665450463093,/home/PuMengYu/8T/nnUNet_result/results_v2_moe_retrain_after_fix_20260907/Dataset003_Liver/nnUNetTrainer_MedNeXt_MLA_MoE__nnUNetPlans__3d_fullres/fold_0/checkpoint_best.pth,/home/PuMengYu/nnUNet_workspace/results_v2/Dataset003_Liver/nnUNetTrainer_MedNeXt__nnUNetPlans__3d_fullres/fold_0/checkpoint_best.pth,MedNeXt_MLA_MoE,MedNeXt,tumor_recall,0.9590232949761437,0.8883665450463093,0.0706567499298344
IRCADb,ircadb_004,MedNeXt_MLA_MoE vs MedNeXt,MedNeXt_MLA_MoE,MedNeXt,0.7596496437054632,0.7887470308788599,/home/PuMengYu/8T/nnUNet_result/results_v2_moe_retrain_after_fix_20260907/Dataset003_Liver/nnUNetTrainer_MedNeXt_MLA_MoE__nnUNetPlans__3d_fullres/fold_0/checkpoint_best.pth,/home/PuMengYu/nnUNet_workspace/results_v2/Dataset003_Liver/nnUNetTrainer_MedNeXt__nnUNetPlans__3d_fullres/fold_0/checkpoint_best.pth,MedNeXt_MLA_MoE,MedNeXt,tumor_recall,0.7596496437054632,0.7887470308788599,-0.029097387173396716
IRCADb,ircadb_006,MedNeXt_MLA_MoE vs MedNeXt,MedNeXt_MLA_MoE,MedNeXt,0.6545853547447673,0.6352419137791825,/home/PuMengYu/8T/nnUNet_result/results_v2_moe_retrain_after_fix_20260907/Dataset003_Liver/nnUNetTrainer_MedNeXt_MLA_MoE__nnUNetPlans__3d_fullres/fold_0/checkpoint_best.pth,/home/PuMengYu/nnUNet_workspace/results_v2/Dataset003_Liver/nnUNetTrainer_MedNeXt__nnUNetPlans__3d_fullres/fold_0/checkpoint_best.pth,MedNeXt_MLA_MoE,MedNeXt,tumor_recall,0.6545853547447673,0.6352419137791825,0.019343440965584824
IRCADb,ircadb_008,MedNeXt_MLA_MoE vs MedNeXt,MedNeXt_MLA_MoE,MedNeXt,0.35490697903336943,0.34491583817304855,/home/PuMengYu/8T/nnUNet_result/results_v2_moe_retrain_after_fix_20260907/Dataset003_Liver/nnUNetTrainer_MedNeXt_MLA_MoE__nnUNetPlans__3d_fullres/fold_0/checkpoint_best.pth,/home/PuMengYu/nnUNet_workspace/results_v2/Dataset003_Liver/nnUNetTrainer_MedNeXt__nnUNetPlans__3d_fullres/fold_0/checkpoint_best.pth,MedNeXt_MLA_MoE,MedNeXt,tumor_recall,0.35490697903336943,0.34491583817304855,0.00999114086032088
IRCADb,ircadb_009,MedNeXt_MLA_MoE vs MedNeXt,MedNeXt_MLA_MoE,MedNeXt,0.7146439063924628,0.7006635599230068,/home/PuMengYu/8T/nnUNet_result/results_v2_moe_retrain_after_fix_20260907/Dataset003_Liver/nnUNetTrainer_MedNeXt_MLA_MoE__nnUNetPlans__3d_fullres/fold_0/checkpoint_best.pth,/home/PuMengYu/nnUNet_workspace/results_v2/Dataset003_Liver/nnUNetTrainer_MedNeXt__nnUNetPlans__3d_fullres/fold_0/checkpoint_best.pth,MedNeXt_MLA_MoE,MedNeXt,tumor_recall,0.7146439063924628,0.7006635599230068,0.013980346469456006
IRCADb,ircadb_010,MedNeXt_MLA_MoE vs MedNeXt,MedNeXt_MLA_MoE,MedNeXt,0.7838595554368867,0.7692410386489553,/home/PuMengYu/8T/nnUNet_result/results_v2_moe_retrain_after_fix_20260907/Dataset003_Liver/nnUNetTrainer_MedNeXt_MLA_MoE__nnUNetPlans__3d_fullres/fold_0/checkpoint_best.pth,/home/PuMengYu/nnUNet_workspace/results_v2/Dataset003_Liver/nnUNetTrainer_MedNeXt__nnUNetPlans__3d_fullres/fold_0/checkpoint_best.pth,MedNeXt_MLA_MoE,MedNeXt,tumor_recall,0.7838595554368867,0.7692410386489553,0.014618516787931357
IRCADb,ircadb_012,MedNeXt_MLA_MoE vs MedNeXt,MedNeXt_MLA_MoE,MedNeXt,0.5220352678904024,0.9819362381298963,/home/PuMengYu/8T/nnUNet_result/results_v2_moe_retrain_after_fix_20260907/Dataset003_Liver/nnUNetTrainer_MedNeXt_MLA_MoE__nnUNetPlans__3d_fullres/fold_0/checkpoint_best.pth,/home/PuMengYu/nnUNet_workspace/results_v2/Dataset003_Liver/nnUNetTrainer_MedNeXt__nnUNetPlans__3d_fullres/fold_0/checkpoint_best.pth,MedNeXt_MLA_MoE,MedNeXt,tumor_recall,0.5220352678904024,0.9819362381298963,-0.45990097023949383
IRCADb,ircadb_013,MedNeXt_MLA_MoE vs MedNeXt,MedNeXt_MLA_MoE,MedNeXt,0.5735956890920967,0.5624101894186806,/home/PuMengYu/8T/nnUNet_result/results_v2_moe_retrain_after_fix_20260907/Dataset003_Liver/nnUNetTrainer_MedNeXt_MLA_MoE__nnUNetPlans__3d_fullres/fold_0/checkpoint_best.pth,/home/PuMengYu/nnUNet_workspace/results_v2/Dataset003_Liver/nnUNetTrainer_MedNeXt__nnUNetPlans__3d_fullres/fold_0/checkpoint_best.pth,MedNeXt_MLA_MoE,MedNeXt,tumor_recall,0.5735956890920967,0.5624101894186806,0.011185499673416088
IRCADb,ircadb_015,MedNeXt_MLA_MoE vs MedNeXt,MedNeXt_MLA_MoE,MedNeXt,0.6263736263736264,0.6263736263736264,/home/PuMengYu/8T/nnUNet_result/results_v2_moe_retrain_after_fix_20260907/Dataset003_Liver/nnUNetTrainer_MedNeXt_MLA_MoE__nnUNetPlans__3d_fullres/fold_0/checkpoint_best.pth,/home/PuMengYu/nnUNet_workspace/results_v2/Dataset003_Liver/nnUNetTrainer_MedNeXt__nnUNetPlans__3d_fullres/fold_0/checkpoint_best.pth,MedNeXt_MLA_MoE,MedNeXt,tumor_recall,0.6263736263736264,0.6263736263736264,0.0
IRCADb,ircadb_016,MedNeXt_MLA_MoE vs MedNeXt,MedNeXt_MLA_MoE,MedNeXt,0.6945618100040889,0.6985143791740493,/home/PuMengYu/8T/nnUNet_result/results_v2_moe_retrain_after_fix_20260907/Dataset003_Liver/nnUNetTrainer_MedNeXt_MLA_MoE__nnUNetPlans__3d_fullres/fold_0/checkpoint_best.pth,/home/PuMengYu/nnUNet_workspace/results_v2/Dataset003_Liver/nnUNetTrainer_MedNeXt__nnUNetPlans__3d_fullres/fold_0/checkpoint_best.pth,MedNeXt_MLA_MoE,MedNeXt,tumor_recall,0.6945618100040889,0.6985143791740493,-0.0039525691699604515
IRCADb,ircadb_017,MedNeXt_MLA_MoE vs MedNeXt,MedNeXt_MLA_MoE,MedNeXt,0.6075057798806387,0.553142642077531,/home/PuMengYu/8T/nnUNet_result/results_v2_moe_retrain_after_fix_20260907/Dataset003_Liver/nnUNetTrainer_MedNeXt_MLA_MoE__nnUNetPlans__3d_fullres/fold_0/checkpoint_best.pth,/home/PuMengYu/nnUNet_workspace/results_v2/Dataset003_Liver/nnUNetTrainer_MedNeXt__nnUNetPlans__3d_fullres/fold_0/checkpoint_best.pth,MedNeXt_MLA_MoE,MedNeXt,tumor_recall,0.6075057798806387,0.553142642077531,0.05436313780310764
IRCADb,ircadb_018,MedNeXt_MLA_MoE vs MedNeXt,MedNeXt_MLA_MoE,MedNeXt,0.0,0.0,/home/PuMengYu/8T/nnUNet_result/results_v2_moe_retrain_after_fix_20260907/Dataset003_Liver/nnUNetTrainer_MedNeXt_MLA_MoE__nnUNetPlans__3d_fullres/fold_0/checkpoint_best.pth,/home/PuMengYu/nnUNet_workspace/results_v2/Dataset003_Liver/nnUNetTrainer_MedNeXt__nnUNetPlans__3d_fullres/fold_0/checkpoint_best.pth,MedNeXt_MLA_MoE,MedNeXt,tumor_recall,0.0,0.0,0.0
IRCADb,ircadb_019,MedNeXt_MLA_MoE vs MedNeXt,MedNeXt_MLA_MoE,MedNeXt,0.6520909793316593,0.6296841800270427,/home/PuMengYu/8T/nnUNet_result/results_v2_moe_retrain_after_fix_20260907/Dataset003_Liver/nnUNetTrainer_MedNeXt_MLA_MoE__nnUNetPlans__3d_fullres/fold_0/checkpoint_best.pth,/home/PuMengYu/nnUNet_workspace/results_v2/Dataset003_Liver/nnUNetTrainer_MedNeXt__nnUNetPlans__3d_fullres/fold_0/checkpoint_best.pth,MedNeXt_MLA_MoE,MedNeXt,tumor_recall,0.6520909793316593,0.6296841800270427,0.02240679930461653
IRCADb,ircadb_001,MedNeXt_MLA_MoE vs MedNeXt,MedNeXt_MLA_MoE,MedNeXt,0.9669151616365087,0.9844891871737509,/home/PuMengYu/8T/nnUNet_result/results_v2_moe_retrain_after_fix_20260907/Dataset003_Liver/nnUNetTrainer_MedNeXt_MLA_MoE__nnUNetPlans__3d_fullres/fold_0/checkpoint_best.pth,/home/PuMengYu/nnUNet_workspace/results_v2/Dataset003_Liver/nnUNetTrainer_MedNeXt__nnUNetPlans__3d_fullres/fold_0/checkpoint_best.pth,MedNeXt_MLA_MoE,MedNeXt,tumor_precision,0.9669151616365087,0.9844891871737509,-0.01757402553724219
IRCADb,ircadb_002,MedNeXt_MLA_MoE vs MedNeXt,MedNeXt_MLA_MoE,MedNeXt,0.9726399864049622,0.9342273788894748,/home/PuMengYu/8T/nnUNet_result/results_v2_moe_retrain_after_fix_20260907/Dataset003_Liver/nnUNetTrainer_MedNeXt_MLA_MoE__nnUNetPlans__3d_fullres/fold_0/checkpoint_best.pth,/home/PuMengYu/nnUNet_workspace/results_v2/Dataset003_Liver/nnUNetTrainer_MedNeXt__nnUNetPlans__3d_fullres/fold_0/checkpoint_best.pth,MedNeXt_MLA_MoE,MedNeXt,tumor_precision,0.9726399864049622,0.9342273788894748,0.03841260751548736
IRCADb,ircadb_003,MedNeXt_MLA_MoE vs MedNeXt,MedNeXt_MLA_MoE,MedNeXt,0.5211423342357113,0.742275898458111,/home/PuMengYu/8T/nnUNet_result/results_v2_moe_retrain_after_fix_20260907/Dataset003_Liver/nnUNetTrainer_MedNeXt_MLA_MoE__nnUNetPlans__3d_fullres/fold_0/checkpoint_best.pth,/home/PuMengYu/nnUNet_workspace/results_v2/Dataset003_Liver/nnUNetTrainer_MedNeXt__nnUNetPlans__3d_fullres/fold_0/checkpoint_best.pth,MedNeXt_MLA_MoE,MedNeXt,tumor_precision,0.5211423342357113,0.742275898458111,-0.22113356422239971
IRCADb,ircadb_004,MedNeXt_MLA_MoE vs MedNeXt,MedNeXt_MLA_MoE,MedNeXt,0.9430519719867305,0.9465526456440406,/home/PuMengYu/8T/nnUNet_result/results_v2_moe_retrain_after_fix_20260907/Dataset003_Liver/nnUNetTrainer_MedNeXt_MLA_MoE__nnUNetPlans__3d_fullres/fold_0/checkpoint_best.pth,/home/PuMengYu/nnUNet_workspace/results_v2/Dataset003_Liver/nnUNetTrainer_MedNeXt__nnUNetPlans__3d_fullres/fold_0/checkpoint_best.pth,MedNeXt_MLA_MoE,MedNeXt,tumor_precision,0.9430519719867305,0.9465526456440406,-0.003500673657310105
IRCADb,ircadb_006,MedNeXt_MLA_MoE vs MedNeXt,MedNeXt_MLA_MoE,MedNeXt,0.9903699243724093,0.99024645627221,/home/PuMengYu/8T/nnUNet_result/results_v2_moe_retrain_after_fix_20260907/Dataset003_Liver/nnUNetTrainer_MedNeXt_MLA_MoE__nnUNetPlans__3d_fullres/fold_0/checkpoint_best.pth,/home/PuMengYu/nnUNet_workspace/results_v2/Dataset003_Liver/nnUNetTrainer_MedNeXt__nnUNetPlans__3d_fullres/fold_0/checkpoint_best.pth,MedNeXt_MLA_MoE,MedNeXt,tumor_precision,0.9903699243724093,0.99024645627221,0.00012346810019936427
IRCADb,ircadb_008,MedNeXt_MLA_MoE vs MedNeXt,MedNeXt_MLA_MoE,MedNeXt,0.18803619390336124,0.25475298993056816,/home/PuMengYu/8T/nnUNet_result/results_v2_moe_retrain_after_fix_20260907/Dataset003_Liver/nnUNetTrainer_MedNeXt_MLA_MoE__nnUNetPlans__3d_fullres/fold_0/checkpoint_best.pth,/home/PuMengYu/nnUNet_workspace/results_v2/Dataset003_Liver/nnUNetTrainer_MedNeXt__nnUNetPlans__3d_fullres/fold_0/checkpoint_best.pth,MedNeXt_MLA_MoE,MedNeXt,tumor_precision,0.18803619390336124,0.25475298993056816,-0.06671679602720693
IRCADb,ircadb_009,MedNeXt_MLA_MoE vs MedNeXt,MedNeXt_MLA_MoE,MedNeXt,0.9046519829437979,0.9346599547282003,/home/PuMengYu/8T/nnUNet_result/results_v2_moe_retrain_after_fix_20260907/Dataset003_Liver/nnUNetTrainer_MedNeXt_MLA_MoE__nnUNetPlans__3d_fullres/fold_0/checkpoint_best.pth,/home/PuMengYu/nnUNet_workspace/results_v2/Dataset003_Liver/nnUNetTrainer_MedNeXt__nnUNetPlans__3d_fullres/fold_0/checkpoint_best.pth,MedNeXt_MLA_MoE,MedNeXt,tumor_precision,0.9046519829437979,0.9346599547282003,-0.0300079717844024
IRCADb,ircadb_010,MedNeXt_MLA_MoE vs MedNeXt,MedNeXt_MLA_MoE,MedNeXt,0.9365927580156325,0.9626597610892992,/home/PuMengYu/8T/nnUNet_result/results_v2_moe_retrain_after_fix_20260907/Dataset003_Liver/nnUNetTrainer_MedNeXt_MLA_MoE__nnUNetPlans__3d_fullres/fold_0/checkpoint_best.pth,/home/PuMengYu/nnUNet_workspace/results_v2/Dataset003_Liver/nnUNetTrainer_MedNeXt__nnUNetPlans__3d_fullres/fold_0/checkpoint_best.pth,MedNeXt_MLA_MoE,MedNeXt,tumor_precision,0.9365927580156325,0.9626597610892992,-0.026067003073666717
IRCADb,ircadb_012,MedNeXt_MLA_MoE vs MedNeXt,MedNeXt_MLA_MoE,MedNeXt,0.985481454234666,0.9551445892272316,/home/PuMengYu/8T/nnUNet_result/results_v2_moe_retrain_after_fix_20260907/Dataset003_Liver/nnUNetTrainer_MedNeXt_MLA_MoE__nnUNetPlans__3d_fullres/fold_0/checkpoint_best.pth,/home/PuMengYu/nnUNet_workspace/results_v2/Dataset003_Liver/nnUNetTrainer_MedNeXt__nnUNetPlans__3d_fullres/fold_0/checkpoint_best.pth,MedNeXt_MLA_MoE,MedNeXt,tumor_precision,0.985481454234666,0.9551445892272316,0.030336865007434488
IRCADb,ircadb_013,MedNeXt_MLA_MoE vs MedNeXt,MedNeXt_MLA_MoE,MedNeXt,0.9869907277325092,0.9871030608735527,/home/PuMengYu/8T/nnUNet_result/results_v2_moe_retrain_after_fix_20260907/Dataset003_Liver/nnUNetTrainer_MedNeXt_MLA_MoE__nnUNetPlans__3d_fullres/fold_0/checkpoint_best.pth,/home/PuMengYu/nnUNet_workspace/results_v2/Dataset003_Liver/nnUNetTrainer_MedNeXt__nnUNetPlans__3d_fullres/fold_0/checkpoint_best.pth,MedNeXt_MLA_MoE,MedNeXt,tumor_precision,0.9869907277325092,0.9871030608735527,-0.0001123331410435302
IRCADb,ircadb_015,MedNeXt_MLA_MoE vs MedNeXt,MedNeXt_MLA_MoE,MedNeXt,0.9491211840888066,0.991304347826087,/home/PuMengYu/8T/nnUNet_result/results_v2_moe_retrain_after_fix_20260907/Dataset003_Liver/nnUNetTrainer_MedNeXt_MLA_MoE__nnUNetPlans__3d_fullres/fold_0/checkpoint_best.pth,/home/PuMengYu/nnUNet_workspace/results_v2/Dataset003_Liver/nnUNetTrainer_MedNeXt__nnUNetPlans__3d_fullres/fold_0/checkpoint_best.pth,MedNeXt_MLA_MoE,MedNeXt,tumor_precision,0.9491211840888066,0.991304347826087,-0.04218316373728037
IRCADb,ircadb_016,MedNeXt_MLA_MoE vs MedNeXt,MedNeXt_MLA_MoE,MedNeXt,0.32799124670142243,0.15564734108786102,/home/PuMengYu/8T/nnUNet_result/results_v2_moe_retrain_after_fix_20260907/Dataset003_Liver/nnUNetTrainer_MedNeXt_MLA_MoE__nnUNetPlans__3d_fullres/fold_0/checkpoint_best.pth,/home/PuMengYu/nnUNet_workspace/results_v2/Dataset003_Liver/nnUNetTrainer_MedNeXt__nnUNetPlans__3d_fullres/fold_0/checkpoint_best.pth,MedNeXt_MLA_MoE,MedNeXt,tumor_precision,0.32799124670142243,0.15564734108786102,0.17234390561356142
IRCADb,ircadb_017,MedNeXt_MLA_MoE vs MedNeXt,MedNeXt_MLA_MoE,MedNeXt,0.9631498640389385,0.9897350547399612,/home/PuMengYu/8T/nnUNet_result/results_v2_moe_retrain_after_fix_20260907/Dataset003_Liver/nnUNetTrainer_MedNeXt_MLA_MoE__nnUNetPlans__3d_fullres/fold_0/checkpoint_best.pth,/home/PuMengYu/nnUNet_workspace/results_v2/Dataset003_Liver/nnUNetTrainer_MedNeXt__nnUNetPlans__3d_fullres/fold_0/checkpoint_best.pth,MedNeXt_MLA_MoE,MedNeXt,tumor_precision,0.9631498640389385,0.9897350547399612,-0.02658519070102261
IRCADb,ircadb_018,MedNeXt_MLA_MoE vs MedNeXt,MedNeXt_MLA_MoE,MedNeXt,0.0,0.0,/home/PuMengYu/8T/nnUNet_result/results_v2_moe_retrain_after_fix_20260907/Dataset003_Liver/nnUNetTrainer_MedNeXt_MLA_MoE__nnUNetPlans__3d_fullres/fold_0/checkpoint_best.pth,/home/PuMengYu/nnUNet_workspace/results_v2/Dataset003_Liver/nnUNetTrainer_MedNeXt__nnUNetPlans__3d_fullres/fold_0/checkpoint_best.pth,MedNeXt_MLA_MoE,MedNeXt,tumor_precision,0.0,0.0,0.0
IRCADb,ircadb_019,MedNeXt_MLA_MoE vs MedNeXt,MedNeXt_MLA_MoE,MedNeXt,0.9833958416778938,0.9862718402541412,/home/PuMengYu/8T/nnUNet_result/results_v2_moe_retrain_after_fix_20260907/Dataset003_Liver/nnUNetTrainer_MedNeXt_MLA_MoE__nnUNetPlans__3d_fullres/fold_0/checkpoint_best.pth,/home/PuMengYu/nnUNet_workspace/results_v2/Dataset003_Liver/nnUNetTrainer_MedNeXt__nnUNetPlans__3d_fullres/fold_0/checkpoint_best.pth,MedNeXt_MLA_MoE,MedNeXt,tumor_precision,0.9833958416778938,0.9862718402541412,-0.0028759985762473184
IRCADb,ircadb_001,MedNeXt_MLA_MoE vs MedNeXt,MedNeXt_MLA_MoE,MedNeXt,0.9678968382733625,0.9689549636489552,/home/PuMengYu/8T/nnUNet_result/results_v2_moe_retrain_after_fix_20260907/Dataset003_Liver/nnUNetTrainer_MedNeXt_MLA_MoE__nnUNetPlans__3d_fullres/fold_0/checkpoint_best.pth,/home/PuMengYu/nnUNet_workspace/results_v2/Dataset003_Liver/nnUNetTrainer_MedNeXt__nnUNetPlans__3d_fullres/fold_0/checkpoint_best.pth,MedNeXt_MLA_MoE,MedNeXt,liver_dice,0.9678968382733625,0.9689549636489552,-0.001058125375592689
IRCADb,ircadb_002,MedNeXt_MLA_MoE vs MedNeXt,MedNeXt_MLA_MoE,MedNeXt,0.9733077037686535,0.9743460247894268,/home/PuMengYu/8T/nnUNet_result/results_v2_moe_retrain_after_fix_20260907/Dataset003_Liver/nnUNetTrainer_MedNeXt_MLA_MoE__nnUNetPlans__3d_fullres/fold_0/checkpoint_best.pth,/home/PuMengYu/nnUNet_workspace/results_v2/Dataset003_Liver/nnUNetTrainer_MedNeXt__nnUNetPlans__3d_fullres/fold_0/checkpoint_best.pth,MedNeXt_MLA_MoE,MedNeXt,liver_dice,0.9733077037686535,0.9743460247894268,-0.0010383210207732807
IRCADb,ircadb_003,MedNeXt_MLA_MoE vs MedNeXt,MedNeXt_MLA_MoE,MedNeXt,0.9748976154463,0.9834182203535785,/home/PuMengYu/8T/nnUNet_result/results_v2_moe_retrain_after_fix_20260907/Dataset003_Liver/nnUNetTrainer_MedNeXt_MLA_MoE__nnUNetPlans__3d_fullres/fold_0/checkpoint_best.pth,/home/PuMengYu/nnUNet_workspace/results_v2/Dataset003_Liver/nnUNetTrainer_MedNeXt__nnUNetPlans__3d_fullres/fold_0/checkpoint_best.pth,MedNeXt_MLA_MoE,MedNeXt,liver_dice,0.9748976154463,0.9834182203535785,-0.008520604907278462
IRCADb,ircadb_004,MedNeXt_MLA_MoE vs MedNeXt,MedNeXt_MLA_MoE,MedNeXt,0.9643682331150107,0.9667975787898107,/home/PuMengYu/8T/nnUNet_result/results_v2_moe_retrain_after_fix_20260907/Dataset003_Liver/nnUNetTrainer_MedNeXt_MLA_MoE__nnUNetPlans__3d_fullres/fold_0/checkpoint_best.pth,/home/PuMengYu/nnUNet_workspace/results_v2/Dataset003_Liver/nnUNetTrainer_MedNeXt__nnUNetPlans__3d_fullres/fold_0/checkpoint_best.pth,MedNeXt_MLA_MoE,MedNeXt,liver_dice,0.9643682331150107,0.9667975787898107,-0.00242934567479991
IRCADb,ircadb_005,MedNeXt_MLA_MoE vs MedNeXt,MedNeXt_MLA_MoE,MedNeXt,0.9777199351031859,0.9778669228726596,/home/PuMengYu/8T/nnUNet_result/results_v2_moe_retrain_after_fix_20260907/Dataset003_Liver/nnUNetTrainer_MedNeXt_MLA_MoE__nnUNetPlans__3d_fullres/fold_0/checkpoint_best.pth,/home/PuMengYu/nnUNet_workspace/results_v2/Dataset003_Liver/nnUNetTrainer_MedNeXt__nnUNetPlans__3d_fullres/fold_0/checkpoint_best.pth,MedNeXt_MLA_MoE,MedNeXt,liver_dice,0.9777199351031859,0.9778669228726596,-0.0001469877694737498
IRCADb,ircadb_006,MedNeXt_MLA_MoE vs MedNeXt,MedNeXt_MLA_MoE,MedNeXt,0.9213126573226693,0.9164990941811184,/home/PuMengYu/8T/nnUNet_result/results_v2_moe_retrain_after_fix_20260907/Dataset003_Liver/nnUNetTrainer_MedNeXt_MLA_MoE__nnUNetPlans__3d_fullres/fold_0/checkpoint_best.pth,/home/PuMengYu/nnUNet_workspace/results_v2/Dataset003_Liver/nnUNetTrainer_MedNeXt__nnUNetPlans__3d_fullres/fold_0/checkpoint_best.pth,MedNeXt_MLA_MoE,MedNeXt,liver_dice,0.9213126573226693,0.9164990941811184,0.004813563141550903
IRCADb,ircadb_007,MedNeXt_MLA_MoE vs MedNeXt,MedNeXt_MLA_MoE,MedNeXt,0.9621635432184577,0.9644184900206354,/home/PuMengYu/8T/nnUNet_result/results_v2_moe_retrain_after_fix_20260907/Dataset003_Liver/nnUNetTrainer_MedNeXt_MLA_MoE__nnUNetPlans__3d_fullres/fold_0/checkpoint_best.pth,/home/PuMengYu/nnUNet_workspace/results_v2/Dataset003_Liver/nnUNetTrainer_MedNeXt__nnUNetPlans__3d_fullres/fold_0/checkpoint_best.pth,MedNeXt_MLA_MoE,MedNeXt,liver_dice,0.9621635432184577,0.9644184900206354,-0.0022549468021777486
IRCADb,ircadb_008,MedNeXt_MLA_MoE vs MedNeXt,MedNeXt_MLA_MoE,MedNeXt,0.9684233819552599,0.9751474291753192,/home/PuMengYu/8T/nnUNet_result/results_v2_moe_retrain_after_fix_20260907/Dataset003_Liver/nnUNetTrainer_MedNeXt_MLA_MoE__nnUNetPlans__3d_fullres/fold_0/checkpoint_best.pth,/home/PuMengYu/nnUNet_workspace/results_v2/Dataset003_Liver/nnUNetTrainer_MedNeXt__nnUNetPlans__3d_fullres/fold_0/checkpoint_best.pth,MedNeXt_MLA_MoE,MedNeXt,liver_dice,0.9684233819552599,0.9751474291753192,-0.006724047220059259
IRCADb,ircadb_009,MedNeXt_MLA_MoE vs MedNeXt,MedNeXt_MLA_MoE,MedNeXt,0.9695399876316348,0.9706806801524716,/home/PuMengYu/8T/nnUNet_result/results_v2_moe_retrain_after_fix_20260907/Dataset003_Liver/nnUNetTrainer_MedNeXt_MLA_MoE__nnUNetPlans__3d_fullres/fold_0/checkpoint_best.pth,/home/PuMengYu/nnUNet_workspace/results_v2/Dataset003_Liver/nnUNetTrainer_MedNeXt__nnUNetPlans__3d_fullres/fold_0/checkpoint_best.pth,MedNeXt_MLA_MoE,MedNeXt,liver_dice,0.9695399876316348,0.9706806801524716,-0.0011406925208367058
IRCADb,ircadb_010,MedNeXt_MLA_MoE vs MedNeXt,MedNeXt_MLA_MoE,MedNeXt,0.9767893187223214,0.9755823465022471,/home/PuMengYu/8T/nnUNet_result/results_v2_moe_retrain_after_fix_20260907/Dataset003_Liver/nnUNetTrainer_MedNeXt_MLA_MoE__nnUNetPlans__3d_fullres/fold_0/checkpoint_best.pth,/home/PuMengYu/nnUNet_workspace/results_v2/Dataset003_Liver/nnUNetTrainer_MedNeXt__nnUNetPlans__3d_fullres/fold_0/checkpoint_best.pth,MedNeXt_MLA_MoE,MedNeXt,liver_dice,0.9767893187223214,0.9755823465022471,0.001206972220074376
IRCADb,ircadb_011,MedNeXt_MLA_MoE vs MedNeXt,MedNeXt_MLA_MoE,MedNeXt,0.9744878711821617,0.974320984980823,/home/PuMengYu/8T/nnUNet_result/results_v2_moe_retrain_after_fix_20260907/Dataset003_Liver/nnUNetTrainer_MedNeXt_MLA_MoE__nnUNetPlans__3d_fullres/fold_0/checkpoint_best.pth,/home/PuMengYu/nnUNet_workspace/results_v2/Dataset003_Liver/nnUNetTrainer_MedNeXt__nnUNetPlans__3d_fullres/fold_0/checkpoint_best.pth,MedNeXt_MLA_MoE,MedNeXt,liver_dice,0.9744878711821617,0.974320984980823,0.0001668862013387562
IRCADb,ircadb_012,MedNeXt_MLA_MoE vs MedNeXt,MedNeXt_MLA_MoE,MedNeXt,0.9737063496603241,0.9753337478622197,/home/PuMengYu/8T/nnUNet_result/results_v2_moe_retrain_after_fix_20260907/Dataset003_Liver/nnUNetTrainer_MedNeXt_MLA_MoE__nnUNetPlans__3d_fullres/fold_0/checkpoint_best.pth,/home/PuMengYu/nnUNet_workspace/results_v2/Dataset003_Liver/nnUNetTrainer_MedNeXt__nnUNetPlans__3d_fullres/fold_0/checkpoint_best.pth,MedNeXt_MLA_MoE,MedNeXt,liver_dice,0.9737063496603241,0.9753337478622197,-0.0016273982018956135
IRCADb,ircadb_013,MedNeXt_MLA_MoE vs MedNeXt,MedNeXt_MLA_MoE,MedNeXt,0.9638705305822434,0.9650993172219097,/home/PuMengYu/8T/nnUNet_result/results_v2_moe_retrain_after_fix_20260907/Dataset003_Liver/nnUNetTrainer_MedNeXt_MLA_MoE__nnUNetPlans__3d_fullres/fold_0/checkpoint_best.pth,/home/PuMengYu/nnUNet_workspace/results_v2/Dataset003_Liver/nnUNetTrainer_MedNeXt__nnUNetPlans__3d_fullres/fold_0/checkpoint_best.pth,MedNeXt_MLA_MoE,MedNeXt,liver_dice,0.9638705305822434,0.9650993172219097,-0.0012287866396663016
IRCADb,ircadb_014,MedNeXt_MLA_MoE vs MedNeXt,MedNeXt_MLA_MoE,MedNeXt,0.9673080660125356,0.9699147169248366,/home/PuMengYu/8T/nnUNet_result/results_v2_moe_retrain_after_fix_20260907/Dataset003_Liver/nnUNetTrainer_MedNeXt_MLA_MoE__nnUNetPlans__3d_fullres/fold_0/checkpoint_best.pth,/home/PuMengYu/nnUNet_workspace/results_v2/Dataset003_Liver/nnUNetTrainer_MedNeXt__nnUNetPlans__3d_fullres/fold_0/checkpoint_best.pth,MedNeXt_MLA_MoE,MedNeXt,liver_dice,0.9673080660125356,0.9699147169248366,-0.002606650912300945
IRCADb,ircadb_015,MedNeXt_MLA_MoE vs MedNeXt,MedNeXt_MLA_MoE,MedNeXt,0.9474208134974913,0.9708497458593659,/home/PuMengYu/8T/nnUNet_result/results_v2_moe_retrain_after_fix_20260907/Dataset003_Liver/nnUNetTrainer_MedNeXt_MLA_MoE__nnUNetPlans__3d_fullres/fold_0/checkpoint_best.pth,/home/PuMengYu/nnUNet_workspace/results_v2/Dataset003_Liver/nnUNetTrainer_MedNeXt__nnUNetPlans__3d_fullres/fold_0/checkpoint_best.pth,MedNeXt_MLA_MoE,MedNeXt,liver_dice,0.9474208134974913,0.9708497458593659,-0.0234289323618746
IRCADb,ircadb_016,MedNeXt_MLA_MoE vs MedNeXt,MedNeXt_MLA_MoE,MedNeXt,0.9722825563781655,0.9688590803907967,/home/PuMengYu/8T/nnUNet_result/results_v2_moe_retrain_after_fix_20260907/Dataset003_Liver/nnUNetTrainer_MedNeXt_MLA_MoE__nnUNetPlans__3d_fullres/fold_0/checkpoint_best.pth,/home/PuMengYu/nnUNet_workspace/results_v2/Dataset003_Liver/nnUNetTrainer_MedNeXt__nnUNetPlans__3d_fullres/fold_0/checkpoint_best.pth,MedNeXt_MLA_MoE,MedNeXt,liver_dice,0.9722825563781655,0.9688590803907967,0.003423475987368807
IRCADb,ircadb_017,MedNeXt_MLA_MoE vs MedNeXt,MedNeXt_MLA_MoE,MedNeXt,0.9549776081098258,0.953830032709073,/home/PuMengYu/8T/nnUNet_result/results_v2_moe_retrain_after_fix_20260907/Dataset003_Liver/nnUNetTrainer_MedNeXt_MLA_MoE__nnUNetPlans__3d_fullres/fold_0/checkpoint_best.pth,/home/PuMengYu/nnUNet_workspace/results_v2/Dataset003_Liver/nnUNetTrainer_MedNeXt__nnUNetPlans__3d_fullres/fold_0/checkpoint_best.pth,MedNeXt_MLA_MoE,MedNeXt,liver_dice,0.9549776081098258,0.953830032709073,0.0011475754007528316
IRCADb,ircadb_018,MedNeXt_MLA_MoE vs MedNeXt,MedNeXt_MLA_MoE,MedNeXt,0.8978688882676094,0.9368040708115967,/home/PuMengYu/8T/nnUNet_result/results_v2_moe_retrain_after_fix_20260907/Dataset003_Liver/nnUNetTrainer_MedNeXt_MLA_MoE__nnUNetPlans__3d_fullres/fold_0/checkpoint_best.pth,/home/PuMengYu/nnUNet_workspace/results_v2/Dataset003_Liver/nnUNetTrainer_MedNeXt__nnUNetPlans__3d_fullres/fold_0/checkpoint_best.pth,MedNeXt_MLA_MoE,MedNeXt,liver_dice,0.8978688882676094,0.9368040708115967,-0.03893518254398731
IRCADb,ircadb_019,MedNeXt_MLA_MoE vs MedNeXt,MedNeXt_MLA_MoE,MedNeXt,0.9586922719803096,0.9575118503486046,/home/PuMengYu/8T/nnUNet_result/results_v2_moe_retrain_after_fix_20260907/Dataset003_Liver/nnUNetTrainer_MedNeXt_MLA_MoE__nnUNetPlans__3d_fullres/fold_0/checkpoint_best.pth,/home/PuMengYu/nnUNet_workspace/results_v2/Dataset003_Liver/nnUNetTrainer_MedNeXt__nnUNetPlans__3d_fullres/fold_0/checkpoint_best.pth,MedNeXt_MLA_MoE,MedNeXt,liver_dice,0.9586922719803096,0.9575118503486046,0.0011804216317049532
IRCADb,ircadb_020,MedNeXt_MLA_MoE vs MedNeXt,MedNeXt_MLA_MoE,MedNeXt,0.9696497196611421,0.9736924723588216,/home/PuMengYu/8T/nnUNet_result/results_v2_moe_retrain_after_fix_20260907/Dataset003_Liver/nnUNetTrainer_MedNeXt_MLA_MoE__nnUNetPlans__3d_fullres/fold_0/checkpoint_best.pth,/home/PuMengYu/nnUNet_workspace/results_v2/Dataset003_Liver/nnUNetTrainer_MedNeXt__nnUNetPlans__3d_fullres/fold_0/checkpoint_best.pth,MedNeXt_MLA_MoE,MedNeXt,liver_dice,0.9696497196611421,0.9736924723588216,-0.004042752697679508
IRCADb,ircadb_001,MedNeXt_MLA_MoE vs MedNeXt_MHA_MoE,MedNeXt_MLA_MoE,MedNeXt_MHA_MoE,0.867318547193559,0.8731849434797809,/home/PuMengYu/8T/nnUNet_result/results_v2_moe_retrain_after_fix_20260907/Dataset003_Liver/nnUNetTrainer_MedNeXt_MLA_MoE__nnUNetPlans__3d_fullres/fold_0/checkpoint_best.pth,/home/PuMengYu/nnUNet_workspace/results_v2_baseline_retrain_20260902/Dataset003_Liver/nnUNetTrainer_MedNeXt_MHA_MoE__nnUNetPlans__3d_fullres/fold_0/checkpoint_best.pth,MedNeXt_MLA_MoE,MedNeXt_MHA_MoE,tumor_dice,0.867318547193559,0.8731849434797809,-0.0058663962862218755
IRCADb,ircadb_002,MedNeXt_MLA_MoE vs MedNeXt_MHA_MoE,MedNeXt_MLA_MoE,MedNeXt_MHA_MoE,0.8862994076884364,0.909356412722157,/home/PuMengYu/8T/nnUNet_result/results_v2_moe_retrain_after_fix_20260907/Dataset003_Liver/nnUNetTrainer_MedNeXt_MLA_MoE__nnUNetPlans__3d_fullres/fold_0/checkpoint_best.pth,/home/PuMengYu/nnUNet_workspace/results_v2_baseline_retrain_20260902/Dataset003_Liver/nnUNetTrainer_MedNeXt_MHA_MoE__nnUNetPlans__3d_fullres/fold_0/checkpoint_best.pth,MedNeXt_MLA_MoE,MedNeXt_MHA_MoE,tumor_dice,0.8862994076884364,0.909356412722157,-0.023057005033720546
IRCADb,ircadb_003,MedNeXt_MLA_MoE vs MedNeXt_MHA_MoE,MedNeXt_MLA_MoE,MedNeXt_MHA_MoE,0.6753131253242421,0.7897181190737277,/home/PuMengYu/8T/nnUNet_result/results_v2_moe_retrain_after_fix_20260907/Dataset003_Liver/nnUNetTrainer_MedNeXt_MLA_MoE__nnUNetPlans__3d_fullres/fold_0/checkpoint_best.pth,/home/PuMengYu/nnUNet_workspace/results_v2_baseline_retrain_20260902/Dataset003_Liver/nnUNetTrainer_MedNeXt_MHA_MoE__nnUNetPlans__3d_fullres/fold_0/checkpoint_best.pth,MedNeXt_MLA_MoE,MedNeXt_MHA_MoE,tumor_dice,0.6753131253242421,0.7897181190737277,-0.11440499374948554
IRCADb,ircadb_004,MedNeXt_MLA_MoE vs MedNeXt_MHA_MoE,MedNeXt_MLA_MoE,MedNeXt_MHA_MoE,0.8414734418681138,0.8553116487742349,/home/PuMengYu/8T/nnUNet_result/results_v2_moe_retrain_after_fix_20260907/Dataset003_Liver/nnUNetTrainer_MedNeXt_MLA_MoE__nnUNetPlans__3d_fullres/fold_0/checkpoint_best.pth,/home/PuMengYu/nnUNet_workspace/results_v2_baseline_retrain_20260902/Dataset003_Liver/nnUNetTrainer_MedNeXt_MHA_MoE__nnUNetPlans__3d_fullres/fold_0/checkpoint_best.pth,MedNeXt_MLA_MoE,MedNeXt_MHA_MoE,tumor_dice,0.8414734418681138,0.8553116487742349,-0.013838206906121142
IRCADb,ircadb_006,MedNeXt_MLA_MoE vs MedNeXt_MHA_MoE,MedNeXt_MLA_MoE,MedNeXt_MHA_MoE,0.7882058029222353,0.7977931851429371,/home/PuMengYu/8T/nnUNet_result/results_v2_moe_retrain_after_fix_20260907/Dataset003_Liver/nnUNetTrainer_MedNeXt_MLA_MoE__nnUNetPlans__3d_fullres/fold_0/checkpoint_best.pth,/home/PuMengYu/nnUNet_workspace/results_v2_baseline_retrain_20260902/Dataset003_Liver/nnUNetTrainer_MedNeXt_MHA_MoE__nnUNetPlans__3d_fullres/fold_0/checkpoint_best.pth,MedNeXt_MLA_MoE,MedNeXt_MHA_MoE,tumor_dice,0.7882058029222353,0.7977931851429371,-0.009587382220701768
IRCADb,ircadb_008,MedNeXt_MLA_MoE vs MedNeXt_MHA_MoE,MedNeXt_MLA_MoE,MedNeXt_MHA_MoE,0.24582814870370054,0.22790823211875844,/home/PuMengYu/8T/nnUNet_result/results_v2_moe_retrain_after_fix_20260907/Dataset003_Liver/nnUNetTrainer_MedNeXt_MLA_MoE__nnUNetPlans__3d_fullres/fold_0/checkpoint_best.pth,/home/PuMengYu/nnUNet_workspace/results_v2_baseline_retrain_20260902/Dataset003_Liver/nnUNetTrainer_MedNeXt_MHA_MoE__nnUNetPlans__3d_fullres/fold_0/checkpoint_best.pth,MedNeXt_MLA_MoE,MedNeXt_MHA_MoE,tumor_dice,0.24582814870370054,0.22790823211875844,0.017919916584942103
IRCADb,ircadb_009,MedNeXt_MLA_MoE vs MedNeXt_MHA_MoE,MedNeXt_MLA_MoE,MedNeXt_MHA_MoE,0.7985001768659357,0.8027342063606274,/home/PuMengYu/8T/nnUNet_result/results_v2_moe_retrain_after_fix_20260907/Dataset003_Liver/nnUNetTrainer_MedNeXt_MLA_MoE__nnUNetPlans__3d_fullres/fold_0/checkpoint_best.pth,/home/PuMengYu/nnUNet_workspace/results_v2_baseline_retrain_20260902/Dataset003_Liver/nnUNetTrainer_MedNeXt_MHA_MoE__nnUNetPlans__3d_fullres/fold_0/checkpoint_best.pth,MedNeXt_MLA_MoE,MedNeXt_MHA_MoE,tumor_dice,0.7985001768659357,0.8027342063606274,-0.00423402949469176
IRCADb,ircadb_010,MedNeXt_MLA_MoE vs MedNeXt_MHA_MoE,MedNeXt_MLA_MoE,MedNeXt_MHA_MoE,0.8534467095461318,0.863148643205039,/home/PuMengYu/8T/nnUNet_result/results_v2_moe_retrain_after_fix_20260907/Dataset003_Liver/nnUNetTrainer_MedNeXt_MLA_MoE__nnUNetPlans__3d_fullres/fold_0/checkpoint_best.pth,/home/PuMengYu/nnUNet_workspace/results_v2_baseline_retrain_20260902/Dataset003_Liver/nnUNetTrainer_MedNeXt_MHA_MoE__nnUNetPlans__3d_fullres/fold_0/checkpoint_best.pth,MedNeXt_MLA_MoE,MedNeXt_MHA_MoE,tumor_dice,0.8534467095461318,0.863148643205039,-0.009701933658907258
IRCADb,ircadb_012,MedNeXt_MLA_MoE vs MedNeXt_MHA_MoE,MedNeXt_MLA_MoE,MedNeXt_MHA_MoE,0.6825212183878333,0.9596767459469405,/home/PuMengYu/8T/nnUNet_result/results_v2_moe_retrain_after_fix_20260907/Dataset003_Liver/nnUNetTrainer_MedNeXt_MLA_MoE__nnUNetPlans__3d_fullres/fold_0/checkpoint_best.pth,/home/PuMengYu/nnUNet_workspace/results_v2_baseline_retrain_20260902/Dataset003_Liver/nnUNetTrainer_MedNeXt_MHA_MoE__nnUNetPlans__3d_fullres/fold_0/checkpoint_best.pth,MedNeXt_MLA_MoE,MedNeXt_MHA_MoE,tumor_dice,0.6825212183878333,0.9596767459469405,-0.2771555275591072
IRCADb,ircadb_013,MedNeXt_MLA_MoE vs MedNeXt_MHA_MoE,MedNeXt_MLA_MoE,MedNeXt_MHA_MoE,0.7255396054941651,0.719098905323753,/home/PuMengYu/8T/nnUNet_result/results_v2_moe_retrain_after_fix_20260907/Dataset003_Liver/nnUNetTrainer_MedNeXt_MLA_MoE__nnUNetPlans__3d_fullres/fold_0/checkpoint_best.pth,/home/PuMengYu/nnUNet_workspace/results_v2_baseline_retrain_20260902/Dataset003_Liver/nnUNetTrainer_MedNeXt_MHA_MoE__nnUNetPlans__3d_fullres/fold_0/checkpoint_best.pth,MedNeXt_MLA_MoE,MedNeXt_MHA_MoE,tumor_dice,0.7255396054941651,0.719098905323753,0.006440700170412095
IRCADb,ircadb_015,MedNeXt_MLA_MoE vs MedNeXt_MHA_MoE,MedNeXt_MLA_MoE,MedNeXt_MHA_MoE,0.7546892239794042,0.7435995414596867,/home/PuMengYu/8T/nnUNet_result/results_v2_moe_retrain_after_fix_20260907/Dataset003_Liver/nnUNetTrainer_MedNeXt_MLA_MoE__nnUNetPlans__3d_fullres/fold_0/checkpoint_best.pth,/home/PuMengYu/nnUNet_workspace/results_v2_baseline_retrain_20260902/Dataset003_Liver/nnUNetTrainer_MedNeXt_MHA_MoE__nnUNetPlans__3d_fullres/fold_0/checkpoint_best.pth,MedNeXt_MLA_MoE,MedNeXt_MHA_MoE,tumor_dice,0.7546892239794042,0.7435995414596867,0.011089682519717536
IRCADb,ircadb_016,MedNeXt_MLA_MoE vs MedNeXt_MHA_MoE,MedNeXt_MLA_MoE,MedNeXt_MHA_MoE,0.44557139109906446,0.47413990563012504,/home/PuMengYu/8T/nnUNet_result/results_v2_moe_retrain_after_fix_20260907/Dataset003_Liver/nnUNetTrainer_MedNeXt_MLA_MoE__nnUNetPlans__3d_fullres/fold_0/checkpoint_best.pth,/home/PuMengYu/nnUNet_workspace/results_v2_baseline_retrain_20260902/Dataset003_Liver/nnUNetTrainer_MedNeXt_MHA_MoE__nnUNetPlans__3d_fullres/fold_0/checkpoint_best.pth,MedNeXt_MLA_MoE,MedNeXt_MHA_MoE,tumor_dice,0.44557139109906446,0.47413990563012504,-0.028568514531060574
IRCADb,ircadb_017,MedNeXt_MLA_MoE vs MedNeXt_MHA_MoE,MedNeXt_MLA_MoE,MedNeXt_MHA_MoE,0.745063517340745,0.8028779175175099,/home/PuMengYu/8T/nnUNet_result/results_v2_moe_retrain_after_fix_20260907/Dataset003_Liver/nnUNetTrainer_MedNeXt_MLA_MoE__nnUNetPlans__3d_fullres/fold_0/checkpoint_best.pth,/home/PuMengYu/nnUNet_workspace/results_v2_baseline_retrain_20260902/Dataset003_Liver/nnUNetTrainer_MedNeXt_MHA_MoE__nnUNetPlans__3d_fullres/fold_0/checkpoint_best.pth,MedNeXt_MLA_MoE,MedNeXt_MHA_MoE,tumor_dice,0.745063517340745,0.8028779175175099,-0.05781440017676487
IRCADb,ircadb_018,MedNeXt_MLA_MoE vs MedNeXt_MHA_MoE,MedNeXt_MLA_MoE,MedNeXt_MHA_MoE,0.0,0.0,/home/PuMengYu/8T/nnUNet_result/results_v2_moe_retrain_after_fix_20260907/Dataset003_Liver/nnUNetTrainer_MedNeXt_MLA_MoE__nnUNetPlans__3d_fullres/fold_0/checkpoint_best.pth,/home/PuMengYu/nnUNet_workspace/results_v2_baseline_retrain_20260902/Dataset003_Liver/nnUNetTrainer_MedNeXt_MHA_MoE__nnUNetPlans__3d_fullres/fold_0/checkpoint_best.pth,MedNeXt_MLA_MoE,MedNeXt_MHA_MoE,tumor_dice,0.0,0.0,0.0
IRCADb,ircadb_019,MedNeXt_MLA_MoE vs MedNeXt_MHA_MoE,MedNeXt_MLA_MoE,MedNeXt_MHA_MoE,0.784186762293297,0.787115130576161,/home/PuMengYu/8T/nnUNet_result/results_v2_moe_retrain_after_fix_20260907/Dataset003_Liver/nnUNetTrainer_MedNeXt_MLA_MoE__nnUNetPlans__3d_fullres/fold_0/checkpoint_best.pth,/home/PuMengYu/nnUNet_workspace/results_v2_baseline_retrain_20260902/Dataset003_Liver/nnUNetTrainer_MedNeXt_MHA_MoE__nnUNetPlans__3d_fullres/fold_0/checkpoint_best.pth,MedNeXt_MLA_MoE,MedNeXt_MHA_MoE,tumor_dice,0.784186762293297,0.787115130576161,-0.0029283682828640245
IRCADb,ircadb_001,MedNeXt_MLA_MoE vs MedNeXt_MHA_MoE,MedNeXt_MLA_MoE,MedNeXt_MHA_MoE,0.786323669423339,0.7868090428808782,/home/PuMengYu/8T/nnUNet_result/results_v2_moe_retrain_after_fix_20260907/Dataset003_Liver/nnUNetTrainer_MedNeXt_MLA_MoE__nnUNetPlans__3d_fullres/fold_0/checkpoint_best.pth,/home/PuMengYu/nnUNet_workspace/results_v2_baseline_retrain_20260902/Dataset003_Liver/nnUNetTrainer_MedNeXt_MHA_MoE__nnUNetPlans__3d_fullres/fold_0/checkpoint_best.pth,MedNeXt_MLA_MoE,MedNeXt_MHA_MoE,tumor_recall,0.786323669423339,0.7868090428808782,-0.00048537345753918437
IRCADb,ircadb_002,MedNeXt_MLA_MoE vs MedNeXt_MHA_MoE,MedNeXt_MLA_MoE,MedNeXt_MHA_MoE,0.8140378324562652,0.9078367230834874,/home/PuMengYu/8T/nnUNet_result/results_v2_moe_retrain_after_fix_20260907/Dataset003_Liver/nnUNetTrainer_MedNeXt_MLA_MoE__nnUNetPlans__3d_fullres/fold_0/checkpoint_best.pth,/home/PuMengYu/nnUNet_workspace/results_v2_baseline_retrain_20260902/Dataset003_Liver/nnUNetTrainer_MedNeXt_MHA_MoE__nnUNetPlans__3d_fullres/fold_0/checkpoint_best.pth,MedNeXt_MLA_MoE,MedNeXt_MHA_MoE,tumor_recall,0.8140378324562652,0.9078367230834874,-0.09379889062722224
IRCADb,ircadb_003,MedNeXt_MLA_MoE vs MedNeXt_MHA_MoE,MedNeXt_MLA_MoE,MedNeXt_MHA_MoE,0.9590232949761437,0.8590373280943026,/home/PuMengYu/8T/nnUNet_result/results_v2_moe_retrain_after_fix_20260907/Dataset003_Liver/nnUNetTrainer_MedNeXt_MLA_MoE__nnUNetPlans__3d_fullres/fold_0/checkpoint_best.pth,/home/PuMengYu/nnUNet_workspace/results_v2_baseline_retrain_20260902/Dataset003_Liver/nnUNetTrainer_MedNeXt_MHA_MoE__nnUNetPlans__3d_fullres/fold_0/checkpoint_best.pth,MedNeXt_MLA_MoE,MedNeXt_MHA_MoE,tumor_recall,0.9590232949761437,0.8590373280943026,0.09998596688184114
IRCADb,ircadb_004,MedNeXt_MLA_MoE vs MedNeXt_MHA_MoE,MedNeXt_MLA_MoE,MedNeXt_MHA_MoE,0.7596496437054632,0.792458432304038,/home/PuMengYu/8T/nnUNet_result/results_v2_moe_retrain_after_fix_20260907/Dataset003_Liver/nnUNetTrainer_MedNeXt_MLA_MoE__nnUNetPlans__3d_fullres/fold_0/checkpoint_best.pth,/home/PuMengYu/nnUNet_workspace/results_v2_baseline_retrain_20260902/Dataset003_Liver/nnUNetTrainer_MedNeXt_MHA_MoE__nnUNetPlans__3d_fullres/fold_0/checkpoint_best.pth,MedNeXt_MLA_MoE,MedNeXt_MHA_MoE,tumor_recall,0.7596496437054632,0.792458432304038,-0.032808788598574834
IRCADb,ircadb_006,MedNeXt_MLA_MoE vs MedNeXt_MHA_MoE,MedNeXt_MLA_MoE,MedNeXt_MHA_MoE,0.6545853547447673,0.6692706356490715,/home/PuMengYu/8T/nnUNet_result/results_v2_moe_retrain_after_fix_20260907/Dataset003_Liver/nnUNetTrainer_MedNeXt_MLA_MoE__nnUNetPlans__3d_fullres/fold_0/checkpoint_best.pth,/home/PuMengYu/nnUNet_workspace/results_v2_baseline_retrain_20260902/Dataset003_Liver/nnUNetTrainer_MedNeXt_MHA_MoE__nnUNetPlans__3d_fullres/fold_0/checkpoint_best.pth,MedNeXt_MLA_MoE,MedNeXt_MHA_MoE,tumor_recall,0.6545853547447673,0.6692706356490715,-0.01468528090430421
IRCADb,ircadb_008,MedNeXt_MLA_MoE vs MedNeXt_MHA_MoE,MedNeXt_MLA_MoE,MedNeXt_MHA_MoE,0.35490697903336943,0.311694064376415,/home/PuMengYu/8T/nnUNet_result/results_v2_moe_retrain_after_fix_20260907/Dataset003_Liver/nnUNetTrainer_MedNeXt_MLA_MoE__nnUNetPlans__3d_fullres/fold_0/checkpoint_best.pth,/home/PuMengYu/nnUNet_workspace/results_v2_baseline_retrain_20260902/Dataset003_Liver/nnUNetTrainer_MedNeXt_MHA_MoE__nnUNetPlans__3d_fullres/fold_0/checkpoint_best.pth,MedNeXt_MLA_MoE,MedNeXt_MHA_MoE,tumor_recall,0.35490697903336943,0.311694064376415,0.043212914656954426
IRCADb,ircadb_009,MedNeXt_MLA_MoE vs MedNeXt_MHA_MoE,MedNeXt_MLA_MoE,MedNeXt_MHA_MoE,0.7146439063924628,0.7063873974268058,/home/PuMengYu/8T/nnUNet_result/results_v2_moe_retrain_after_fix_20260907/Dataset003_Liver/nnUNetTrainer_MedNeXt_MLA_MoE__nnUNetPlans__3d_fullres/fold_0/checkpoint_best.pth,/home/PuMengYu/nnUNet_workspace/results_v2_baseline_retrain_20260902/Dataset003_Liver/nnUNetTrainer_MedNeXt_MHA_MoE__nnUNetPlans__3d_fullres/fold_0/checkpoint_best.pth,MedNeXt_MLA_MoE,MedNeXt_MHA_MoE,tumor_recall,0.7146439063924628,0.7063873974268058,0.008256508965656995
IRCADb,ircadb_010,MedNeXt_MLA_MoE vs MedNeXt_MHA_MoE,MedNeXt_MLA_MoE,MedNeXt_MHA_MoE,0.7838595554368867,0.7866631066016955,/home/PuMengYu/8T/nnUNet_result/results_v2_moe_retrain_after_fix_20260907/Dataset003_Liver/nnUNetTrainer_MedNeXt_MLA_MoE__nnUNetPlans__3d_fullres/fold_0/checkpoint_best.pth,/home/PuMengYu/nnUNet_workspace/results_v2_baseline_retrain_20260902/Dataset003_Liver/nnUNetTrainer_MedNeXt_MHA_MoE__nnUNetPlans__3d_fullres/fold_0/checkpoint_best.pth,MedNeXt_MLA_MoE,MedNeXt_MHA_MoE,tumor_recall,0.7838595554368867,0.7866631066016955,-0.002803551164808793
IRCADb,ircadb_012,MedNeXt_MLA_MoE vs MedNeXt_MHA_MoE,MedNeXt_MLA_MoE,MedNeXt_MHA_MoE,0.5220352678904024,0.9714916930765131,/home/PuMengYu/8T/nnUNet_result/results_v2_moe_retrain_after_fix_20260907/Dataset003_Liver/nnUNetTrainer_MedNeXt_MLA_MoE__nnUNetPlans__3d_fullres/fold_0/checkpoint_best.pth,/home/PuMengYu/nnUNet_workspace/results_v2_baseline_retrain_20260902/Dataset003_Liver/nnUNetTrainer_MedNeXt_MHA_MoE__nnUNetPlans__3d_fullres/fold_0/checkpoint_best.pth,MedNeXt_MLA_MoE,MedNeXt_MHA_MoE,tumor_recall,0.5220352678904024,0.9714916930765131,-0.4494564251861106
IRCADb,ircadb_013,MedNeXt_MLA_MoE vs MedNeXt_MHA_MoE,MedNeXt_MLA_MoE,MedNeXt_MHA_MoE,0.5735956890920967,0.5650310254735467,/home/PuMengYu/8T/nnUNet_result/results_v2_moe_retrain_after_fix_20260907/Dataset003_Liver/nnUNetTrainer_MedNeXt_MLA_MoE__nnUNetPlans__3d_fullres/fold_0/checkpoint_best.pth,/home/PuMengYu/nnUNet_workspace/results_v2_baseline_retrain_20260902/Dataset003_Liver/nnUNetTrainer_MedNeXt_MHA_MoE__nnUNetPlans__3d_fullres/fold_0/checkpoint_best.pth,MedNeXt_MLA_MoE,MedNeXt_MHA_MoE,tumor_recall,0.5735956890920967,0.5650310254735467,0.008564663618550017
IRCADb,ircadb_015,MedNeXt_MLA_MoE vs MedNeXt_MHA_MoE,MedNeXt_MLA_MoE,MedNeXt_MHA_MoE,0.6263736263736264,0.594017094017094,/home/PuMengYu/8T/nnUNet_result/results_v2_moe_retrain_after_fix_20260907/Dataset003_Liver/nnUNetTrainer_MedNeXt_MLA_MoE__nnUNetPlans__3d_fullres/fold_0/checkpoint_best.pth,/home/PuMengYu/nnUNet_workspace/results_v2_baseline_retrain_20260902/Dataset003_Liver/nnUNetTrainer_MedNeXt_MHA_MoE__nnUNetPlans__3d_fullres/fold_0/checkpoint_best.pth,MedNeXt_MLA_MoE,MedNeXt_MHA_MoE,tumor_recall,0.6263736263736264,0.594017094017094,0.03235653235653235
IRCADb,ircadb_016,MedNeXt_MLA_MoE vs MedNeXt_MHA_MoE,MedNeXt_MLA_MoE,MedNeXt_MHA_MoE,0.6945618100040889,0.7053291536050157,/home/PuMengYu/8T/nnUNet_result/results_v2_moe_retrain_after_fix_20260907/Dataset003_Liver/nnUNetTrainer_MedNeXt_MLA_MoE__nnUNetPlans__3d_fullres/fold_0/checkpoint_best.pth,/home/PuMengYu/nnUNet_workspace/results_v2_baseline_retrain_20260902/Dataset003_Liver/nnUNetTrainer_MedNeXt_MHA_MoE__nnUNetPlans__3d_fullres/fold_0/checkpoint_best.pth,MedNeXt_MLA_MoE,MedNeXt_MHA_MoE,tumor_recall,0.6945618100040889,0.7053291536050157,-0.010767343600926793
IRCADb,ircadb_017,MedNeXt_MLA_MoE vs MedNeXt_MHA_MoE,MedNeXt_MLA_MoE,MedNeXt_MHA_MoE,0.6075057798806387,0.6785848701543093,/home/PuMengYu/8T/nnUNet_result/results_v2_moe_retrain_after_fix_20260907/Dataset003_Liver/nnUNetTrainer_MedNeXt_MLA_MoE__nnUNetPlans__3d_fullres/fold_0/checkpoint_best.pth,/home/PuMengYu/nnUNet_workspace/results_v2_baseline_retrain_20260902/Dataset003_Liver/nnUNetTrainer_MedNeXt_MHA_MoE__nnUNetPlans__3d_fullres/fold_0/checkpoint_best.pth,MedNeXt_MLA_MoE,MedNeXt_MHA_MoE,tumor_recall,0.6075057798806387,0.6785848701543093,-0.07107909027367065
IRCADb,ircadb_018,MedNeXt_MLA_MoE vs MedNeXt_MHA_MoE,MedNeXt_MLA_MoE,MedNeXt_MHA_MoE,0.0,0.0,/home/PuMengYu/8T/nnUNet_result/results_v2_moe_retrain_after_fix_20260907/Dataset003_Liver/nnUNetTrainer_MedNeXt_MLA_MoE__nnUNetPlans__3d_fullres/fold_0/checkpoint_best.pth,/home/PuMengYu/nnUNet_workspace/results_v2_baseline_retrain_20260902/Dataset003_Liver/nnUNetTrainer_MedNeXt_MHA_MoE__nnUNetPlans__3d_fullres/fold_0/checkpoint_best.pth,MedNeXt_MLA_MoE,MedNeXt_MHA_MoE,tumor_recall,0.0,0.0,0.0
IRCADb,ircadb_019,MedNeXt_MLA_MoE vs MedNeXt_MHA_MoE,MedNeXt_MLA_MoE,MedNeXt_MHA_MoE,0.6520909793316593,0.65460208615028,/home/PuMengYu/8T/nnUNet_result/results_v2_moe_retrain_after_fix_20260907/Dataset003_Liver/nnUNetTrainer_MedNeXt_MLA_MoE__nnUNetPlans__3d_fullres/fold_0/checkpoint_best.pth,/home/PuMengYu/nnUNet_workspace/results_v2_baseline_retrain_20260902/Dataset003_Liver/nnUNetTrainer_MedNeXt_MHA_MoE__nnUNetPlans__3d_fullres/fold_0/checkpoint_best.pth,MedNeXt_MLA_MoE,MedNeXt_MHA_MoE,tumor_recall,0.6520909793316593,0.65460208615028,-0.0025111068186207675
IRCADb,ircadb_001,MedNeXt_MLA_MoE vs MedNeXt_MHA_MoE,MedNeXt_MLA_MoE,MedNeXt_MHA_MoE,0.9669151616365087,0.9808642226708635,/home/PuMengYu/8T/nnUNet_result/results_v2_moe_retrain_after_fix_20260907/Dataset003_Liver/nnUNetTrainer_MedNeXt_MLA_MoE__nnUNetPlans__3d_fullres/fold_0/checkpoint_best.pth,/home/PuMengYu/nnUNet_workspace/results_v2_baseline_retrain_20260902/Dataset003_Liver/nnUNetTrainer_MedNeXt_MHA_MoE__nnUNetPlans__3d_fullres/fold_0/checkpoint_best.pth,MedNeXt_MLA_MoE,MedNeXt_MHA_MoE,tumor_precision,0.9669151616365087,0.9808642226708635,-0.013949061034354782
IRCADb,ircadb_002,MedNeXt_MLA_MoE vs MedNeXt_MHA_MoE,MedNeXt_MLA_MoE,MedNeXt_MHA_MoE,0.9726399864049622,0.9108811987156618,/home/PuMengYu/8T/nnUNet_result/results_v2_moe_retrain_after_fix_20260907/Dataset003_Liver/nnUNetTrainer_MedNeXt_MLA_MoE__nnUNetPlans__3d_fullres/fold_0/checkpoint_best.pth,/home/PuMengYu/nnUNet_workspace/results_v2_baseline_retrain_20260902/Dataset003_Liver/nnUNetTrainer_MedNeXt_MHA_MoE__nnUNetPlans__3d_fullres/fold_0/checkpoint_best.pth,MedNeXt_MLA_MoE,MedNeXt_MHA_MoE,tumor_precision,0.9726399864049622,0.9108811987156618,0.06175878768930043
IRCADb,ircadb_003,MedNeXt_MLA_MoE vs MedNeXt_MHA_MoE,MedNeXt_MLA_MoE,MedNeXt_MHA_MoE,0.5211423342357113,0.7307508654649636,/home/PuMengYu/8T/nnUNet_result/results_v2_moe_retrain_after_fix_20260907/Dataset003_Liver/nnUNetTrainer_MedNeXt_MLA_MoE__nnUNetPlans__3d_fullres/fold_0/checkpoint_best.pth,/home/PuMengYu/nnUNet_workspace/results_v2_baseline_retrain_20260902/Dataset003_Liver/nnUNetTrainer_MedNeXt_MHA_MoE__nnUNetPlans__3d_fullres/fold_0/checkpoint_best.pth,MedNeXt_MLA_MoE,MedNeXt_MHA_MoE,tumor_precision,0.5211423342357113,0.7307508654649636,-0.20960853122925227
IRCADb,ircadb_004,MedNeXt_MLA_MoE vs MedNeXt_MHA_MoE,MedNeXt_MLA_MoE,MedNeXt_MHA_MoE,0.9430519719867305,0.9289940828402367,/home/PuMengYu/8T/nnUNet_result/results_v2_moe_retrain_after_fix_20260907/Dataset003_Liver/nnUNetTrainer_MedNeXt_MLA_MoE__nnUNetPlans__3d_fullres/fold_0/checkpoint_best.pth,/home/PuMengYu/nnUNet_workspace/results_v2_baseline_retrain_20260902/Dataset003_Liver/nnUNetTrainer_MedNeXt_MHA_MoE__nnUNetPlans__3d_fullres/fold_0/checkpoint_best.pth,MedNeXt_MLA_MoE,MedNeXt_MHA_MoE,tumor_precision,0.9430519719867305,0.9289940828402367,0.014057889146493863
IRCADb,ircadb_006,MedNeXt_MLA_MoE vs MedNeXt_MHA_MoE,MedNeXt_MLA_MoE,MedNeXt_MHA_MoE,0.9903699243724093,0.9874090464813206,/home/PuMengYu/8T/nnUNet_result/results_v2_moe_retrain_after_fix_20260907/Dataset003_Liver/nnUNetTrainer_MedNeXt_MLA_MoE__nnUNetPlans__3d_fullres/fold_0/checkpoint_best.pth,/home/PuMengYu/nnUNet_workspace/results_v2_baseline_retrain_20260902/Dataset003_Liver/nnUNetTrainer_MedNeXt_MHA_MoE__nnUNetPlans__3d_fullres/fold_0/checkpoint_best.pth,MedNeXt_MLA_MoE,MedNeXt_MHA_MoE,tumor_precision,0.9903699243724093,0.9874090464813206,0.0029608778910887867
IRCADb,ircadb_008,MedNeXt_MLA_MoE vs MedNeXt_MHA_MoE,MedNeXt_MLA_MoE,MedNeXt_MHA_MoE,0.18803619390336124,0.17962390447287063,/home/PuMengYu/8T/nnUNet_result/results_v2_moe_retrain_after_fix_20260907/Dataset003_Liver/nnUNetTrainer_MedNeXt_MLA_MoE__nnUNetPlans__3d_fullres/fold_0/checkpoint_best.pth,/home/PuMengYu/nnUNet_workspace/results_v2_baseline_retrain_20260902/Dataset003_Liver/nnUNetTrainer_MedNeXt_MHA_MoE__nnUNetPlans__3d_fullres/fold_0/checkpoint_best.pth,MedNeXt_MLA_MoE,MedNeXt_MHA_MoE,tumor_precision,0.18803619390336124,0.17962390447287063,0.008412289430490605
IRCADb,ircadb_009,MedNeXt_MLA_MoE vs MedNeXt_MHA_MoE,MedNeXt_MLA_MoE,MedNeXt_MHA_MoE,0.9046519829437979,0.9295140971805639,/home/PuMengYu/8T/nnUNet_result/results_v2_moe_retrain_after_fix_20260907/Dataset003_Liver/nnUNetTrainer_MedNeXt_MLA_MoE__nnUNetPlans__3d_fullres/fold_0/checkpoint_best.pth,/home/PuMengYu/nnUNet_workspace/results_v2_baseline_retrain_20260902/Dataset003_Liver/nnUNetTrainer_MedNeXt_MHA_MoE__nnUNetPlans__3d_fullres/fold_0/checkpoint_best.pth,MedNeXt_MLA_MoE,MedNeXt_MHA_MoE,tumor_precision,0.9046519829437979,0.9295140971805639,-0.024862114236765986
IRCADb,ircadb_010,MedNeXt_MLA_MoE vs MedNeXt_MHA_MoE,MedNeXt_MLA_MoE,MedNeXt_MHA_MoE,0.9365927580156325,0.9561090378062632,/home/PuMengYu/8T/nnUNet_result/results_v2_moe_retrain_after_fix_20260907/Dataset003_Liver/nnUNetTrainer_MedNeXt_MLA_MoE__nnUNetPlans__3d_fullres/fold_0/checkpoint_best.pth,/home/PuMengYu/nnUNet_workspace/results_v2_baseline_retrain_20260902/Dataset003_Liver/nnUNetTrainer_MedNeXt_MHA_MoE__nnUNetPlans__3d_fullres/fold_0/checkpoint_best.pth,MedNeXt_MLA_MoE,MedNeXt_MHA_MoE,tumor_precision,0.9365927580156325,0.9561090378062632,-0.019516279790630753
IRCADb,ircadb_012,MedNeXt_MLA_MoE vs MedNeXt_MHA_MoE,MedNeXt_MLA_MoE,MedNeXt_MHA_MoE,0.985481454234666,0.9481457244413123,/home/PuMengYu/8T/nnUNet_result/results_v2_moe_retrain_after_fix_20260907/Dataset003_Liver/nnUNetTrainer_MedNeXt_MLA_MoE__nnUNetPlans__3d_fullres/fold_0/checkpoint_best.pth,/home/PuMengYu/nnUNet_workspace/results_v2_baseline_retrain_20260902/Dataset003_Liver/nnUNetTrainer_MedNeXt_MHA_MoE__nnUNetPlans__3d_fullres/fold_0/checkpoint_best.pth,MedNeXt_MLA_MoE,MedNeXt_MHA_MoE,tumor_precision,0.985481454234666,0.9481457244413123,0.037335729793353756
IRCADb,ircadb_013,MedNeXt_MLA_MoE vs MedNeXt_MHA_MoE,MedNeXt_MLA_MoE,MedNeXt_MHA_MoE,0.9869907277325092,0.9886852293669729,/home/PuMengYu/8T/nnUNet_result/results_v2_moe_retrain_after_fix_20260907/Dataset003_Liver/nnUNetTrainer_MedNeXt_MLA_MoE__nnUNetPlans__3d_fullres/fold_0/checkpoint_best.pth,/home/PuMengYu/nnUNet_workspace/results_v2_baseline_retrain_20260902/Dataset003_Liver/nnUNetTrainer_MedNeXt_MHA_MoE__nnUNetPlans__3d_fullres/fold_0/checkpoint_best.pth,MedNeXt_MLA_MoE,MedNeXt_MHA_MoE,tumor_precision,0.9869907277325092,0.9886852293669729,-0.0016945016344637187
IRCADb,ircadb_015,MedNeXt_MLA_MoE vs MedNeXt_MHA_MoE,MedNeXt_MLA_MoE,MedNeXt_MHA_MoE,0.9491211840888066,0.9938712972420838,/home/PuMengYu/8T/nnUNet_result/results_v2_moe_retrain_after_fix_20260907/Dataset003_Liver/nnUNetTrainer_MedNeXt_MLA_MoE__nnUNetPlans__3d_fullres/fold_0/checkpoint_best.pth,/home/PuMengYu/nnUNet_workspace/results_v2_baseline_retrain_20260902/Dataset003_Liver/nnUNetTrainer_MedNeXt_MHA_MoE__nnUNetPlans__3d_fullres/fold_0/checkpoint_best.pth,MedNeXt_MLA_MoE,MedNeXt_MHA_MoE,tumor_precision,0.9491211840888066,0.9938712972420838,-0.04475011315327715
IRCADb,ircadb_016,MedNeXt_MLA_MoE vs MedNeXt_MHA_MoE,MedNeXt_MLA_MoE,MedNeXt_MHA_MoE,0.32799124670142243,0.357093568865581,/home/PuMengYu/8T/nnUNet_result/results_v2_moe_retrain_after_fix_20260907/Dataset003_Liver/nnUNetTrainer_MedNeXt_MLA_MoE__nnUNetPlans__3d_fullres/fold_0/checkpoint_best.pth,/home/PuMengYu/nnUNet_workspace/results_v2_baseline_retrain_20260902/Dataset003_Liver/nnUNetTrainer_MedNeXt_MHA_MoE__nnUNetPlans__3d_fullres/fold_0/checkpoint_best.pth,MedNeXt_MLA_MoE,MedNeXt_MHA_MoE,tumor_precision,0.32799124670142243,0.357093568865581,-0.02910232216415859
IRCADb,ircadb_017,MedNeXt_MLA_MoE vs MedNeXt_MHA_MoE,MedNeXt_MLA_MoE,MedNeXt_MHA_MoE,0.9631498640389385,0.9829133048814679,/home/PuMengYu/8T/nnUNet_result/results_v2_moe_retrain_after_fix_20260907/Dataset003_Liver/nnUNetTrainer_MedNeXt_MLA_MoE__nnUNetPlans__3d_fullres/fold_0/checkpoint_best.pth,/home/PuMengYu/nnUNet_workspace/results_v2_baseline_retrain_20260902/Dataset003_Liver/nnUNetTrainer_MedNeXt_MHA_MoE__nnUNetPlans__3d_fullres/fold_0/checkpoint_best.pth,MedNeXt_MLA_MoE,MedNeXt_MHA_MoE,tumor_precision,0.9631498640389385,0.9829133048814679,-0.019763440842529345
IRCADb,ircadb_018,MedNeXt_MLA_MoE vs MedNeXt_MHA_MoE,MedNeXt_MLA_MoE,MedNeXt_MHA_MoE,0.0,0.0,/home/PuMengYu/8T/nnUNet_result/results_v2_moe_retrain_after_fix_20260907/Dataset003_Liver/nnUNetTrainer_MedNeXt_MLA_MoE__nnUNetPlans__3d_fullres/fold_0/checkpoint_best.pth,/home/PuMengYu/nnUNet_workspace/results_v2_baseline_retrain_20260902/Dataset003_Liver/nnUNetTrainer_MedNeXt_MHA_MoE__nnUNetPlans__3d_fullres/fold_0/checkpoint_best.pth,MedNeXt_MLA_MoE,MedNeXt_MHA_MoE,tumor_precision,0.0,0.0,0.0
IRCADb,ircadb_019,MedNeXt_MLA_MoE vs MedNeXt_MHA_MoE,MedNeXt_MLA_MoE,MedNeXt_MHA_MoE,0.9833958416778938,0.9868952713770885,/home/PuMengYu/8T/nnUNet_result/results_v2_moe_retrain_after_fix_20260907/Dataset003_Liver/nnUNetTrainer_MedNeXt_MLA_MoE__nnUNetPlans__3d_fullres/fold_0/checkpoint_best.pth,/home/PuMengYu/nnUNet_workspace/results_v2_baseline_retrain_20260902/Dataset003_Liver/nnUNetTrainer_MedNeXt_MHA_MoE__nnUNetPlans__3d_fullres/fold_0/checkpoint_best.pth,MedNeXt_MLA_MoE,MedNeXt_MHA_MoE,tumor_precision,0.9833958416778938,0.9868952713770885,-0.0034994296991947005
IRCADb,ircadb_001,MedNeXt_MLA_MoE vs MedNeXt_MHA_MoE,MedNeXt_MLA_MoE,MedNeXt_MHA_MoE,0.9678968382733625,0.9704414369051458,/home/PuMengYu/8T/nnUNet_result/results_v2_moe_retrain_after_fix_20260907/Dataset003_Liver/nnUNetTrainer_MedNeXt_MLA_MoE__nnUNetPlans__3d_fullres/fold_0/checkpoint_best.pth,/home/PuMengYu/nnUNet_workspace/results_v2_baseline_retrain_20260902/Dataset003_Liver/nnUNetTrainer_MedNeXt_MHA_MoE__nnUNetPlans__3d_fullres/fold_0/checkpoint_best.pth,MedNeXt_MLA_MoE,MedNeXt_MHA_MoE,liver_dice,0.9678968382733625,0.9704414369051458,-0.002544598631783357
IRCADb,ircadb_002,MedNeXt_MLA_MoE vs MedNeXt_MHA_MoE,MedNeXt_MLA_MoE,MedNeXt_MHA_MoE,0.9733077037686535,0.974651698708502,/home/PuMengYu/8T/nnUNet_result/results_v2_moe_retrain_after_fix_20260907/Dataset003_Liver/nnUNetTrainer_MedNeXt_MLA_MoE__nnUNetPlans__3d_fullres/fold_0/checkpoint_best.pth,/home/PuMengYu/nnUNet_workspace/results_v2_baseline_retrain_20260902/Dataset003_Liver/nnUNetTrainer_MedNeXt_MHA_MoE__nnUNetPlans__3d_fullres/fold_0/checkpoint_best.pth,MedNeXt_MLA_MoE,MedNeXt_MHA_MoE,liver_dice,0.9733077037686535,0.974651698708502,-0.0013439949398484918
IRCADb,ircadb_003,MedNeXt_MLA_MoE vs MedNeXt_MHA_MoE,MedNeXt_MLA_MoE,MedNeXt_MHA_MoE,0.9748976154463,0.9826549734030715,/home/PuMengYu/8T/nnUNet_result/results_v2_moe_retrain_after_fix_20260907/Dataset003_Liver/nnUNetTrainer_MedNeXt_MLA_MoE__nnUNetPlans__3d_fullres/fold_0/checkpoint_best.pth,/home/PuMengYu/nnUNet_workspace/results_v2_baseline_retrain_20260902/Dataset003_Liver/nnUNetTrainer_MedNeXt_MHA_MoE__nnUNetPlans__3d_fullres/fold_0/checkpoint_best.pth,MedNeXt_MLA_MoE,MedNeXt_MHA_MoE,liver_dice,0.9748976154463,0.9826549734030715,-0.00775735795677146
IRCADb,ircadb_004,MedNeXt_MLA_MoE vs MedNeXt_MHA_MoE,MedNeXt_MLA_MoE,MedNeXt_MHA_MoE,0.9643682331150107,0.966775736873467,/home/PuMengYu/8T/nnUNet_result/results_v2_moe_retrain_after_fix_20260907/Dataset003_Liver/nnUNetTrainer_MedNeXt_MLA_MoE__nnUNetPlans__3d_fullres/fold_0/checkpoint_best.pth,/home/PuMengYu/nnUNet_workspace/results_v2_baseline_retrain_20260902/Dataset003_Liver/nnUNetTrainer_MedNeXt_MHA_MoE__nnUNetPlans__3d_fullres/fold_0/checkpoint_best.pth,MedNeXt_MLA_MoE,MedNeXt_MHA_MoE,liver_dice,0.9643682331150107,0.966775736873467,-0.0024075037584562198
IRCADb,ircadb_005,MedNeXt_MLA_MoE vs MedNeXt_MHA_MoE,MedNeXt_MLA_MoE,MedNeXt_MHA_MoE,0.9777199351031859,0.9776024403962449,/home/PuMengYu/8T/nnUNet_result/results_v2_moe_retrain_after_fix_20260907/Dataset003_Liver/nnUNetTrainer_MedNeXt_MLA_MoE__nnUNetPlans__3d_fullres/fold_0/checkpoint_best.pth,/home/PuMengYu/nnUNet_workspace/results_v2_baseline_retrain_20260902/Dataset003_Liver/nnUNetTrainer_MedNeXt_MHA_MoE__nnUNetPlans__3d_fullres/fold_0/checkpoint_best.pth,MedNeXt_MLA_MoE,MedNeXt_MHA_MoE,liver_dice,0.9777199351031859,0.9776024403962449,0.0001174947069410015
IRCADb,ircadb_006,MedNeXt_MLA_MoE vs MedNeXt_MHA_MoE,MedNeXt_MLA_MoE,MedNeXt_MHA_MoE,0.9213126573226693,0.925288624802529,/home/PuMengYu/8T/nnUNet_result/results_v2_moe_retrain_after_fix_20260907/Dataset003_Liver/nnUNetTrainer_MedNeXt_MLA_MoE__nnUNetPlans__3d_fullres/fold_0/checkpoint_best.pth,/home/PuMengYu/nnUNet_workspace/results_v2_baseline_retrain_20260902/Dataset003_Liver/nnUNetTrainer_MedNeXt_MHA_MoE__nnUNetPlans__3d_fullres/fold_0/checkpoint_best.pth,MedNeXt_MLA_MoE,MedNeXt_MHA_MoE,liver_dice,0.9213126573226693,0.925288624802529,-0.003975967479859732
IRCADb,ircadb_007,MedNeXt_MLA_MoE vs MedNeXt_MHA_MoE,MedNeXt_MLA_MoE,MedNeXt_MHA_MoE,0.9621635432184577,0.9627279767078656,/home/PuMengYu/8T/nnUNet_result/results_v2_moe_retrain_after_fix_20260907/Dataset003_Liver/nnUNetTrainer_MedNeXt_MLA_MoE__nnUNetPlans__3d_fullres/fold_0/checkpoint_best.pth,/home/PuMengYu/nnUNet_workspace/results_v2_baseline_retrain_20260902/Dataset003_Liver/nnUNetTrainer_MedNeXt_MHA_MoE__nnUNetPlans__3d_fullres/fold_0/checkpoint_best.pth,MedNeXt_MLA_MoE,MedNeXt_MHA_MoE,liver_dice,0.9621635432184577,0.9627279767078656,-0.0005644334894079339
IRCADb,ircadb_008,MedNeXt_MLA_MoE vs MedNeXt_MHA_MoE,MedNeXt_MLA_MoE,MedNeXt_MHA_MoE,0.9684233819552599,0.9748407713291082,/home/PuMengYu/8T/nnUNet_result/results_v2_moe_retrain_after_fix_20260907/Dataset003_Liver/nnUNetTrainer_MedNeXt_MLA_MoE__nnUNetPlans__3d_fullres/fold_0/checkpoint_best.pth,/home/PuMengYu/nnUNet_workspace/results_v2_baseline_retrain_20260902/Dataset003_Liver/nnUNetTrainer_MedNeXt_MHA_MoE__nnUNetPlans__3d_fullres/fold_0/checkpoint_best.pth,MedNeXt_MLA_MoE,MedNeXt_MHA_MoE,liver_dice,0.9684233819552599,0.9748407713291082,-0.006417389373848281
IRCADb,ircadb_009,MedNeXt_MLA_MoE vs MedNeXt_MHA_MoE,MedNeXt_MLA_MoE,MedNeXt_MHA_MoE,0.9695399876316348,0.9714979200879508,/home/PuMengYu/8T/nnUNet_result/results_v2_moe_retrain_after_fix_20260907/Dataset003_Liver/nnUNetTrainer_MedNeXt_MLA_MoE__nnUNetPlans__3d_fullres/fold_0/checkpoint_best.pth,/home/PuMengYu/nnUNet_workspace/results_v2_baseline_retrain_20260902/Dataset003_Liver/nnUNetTrainer_MedNeXt_MHA_MoE__nnUNetPlans__3d_fullres/fold_0/checkpoint_best.pth,MedNeXt_MLA_MoE,MedNeXt_MHA_MoE,liver_dice,0.9695399876316348,0.9714979200879508,-0.001957932456315925
IRCADb,ircadb_010,MedNeXt_MLA_MoE vs MedNeXt_MHA_MoE,MedNeXt_MLA_MoE,MedNeXt_MHA_MoE,0.9767893187223214,0.9756774362245553,/home/PuMengYu/8T/nnUNet_result/results_v2_moe_retrain_after_fix_20260907/Dataset003_Liver/nnUNetTrainer_MedNeXt_MLA_MoE__nnUNetPlans__3d_fullres/fold_0/checkpoint_best.pth,/home/PuMengYu/nnUNet_workspace/results_v2_baseline_retrain_20260902/Dataset003_Liver/nnUNetTrainer_MedNeXt_MHA_MoE__nnUNetPlans__3d_fullres/fold_0/checkpoint_best.pth,MedNeXt_MLA_MoE,MedNeXt_MHA_MoE,liver_dice,0.9767893187223214,0.9756774362245553,0.00111188249776617
IRCADb,ircadb_011,MedNeXt_MLA_MoE vs MedNeXt_MHA_MoE,MedNeXt_MLA_MoE,MedNeXt_MHA_MoE,0.9744878711821617,0.9746021443338622,/home/PuMengYu/8T/nnUNet_result/results_v2_moe_retrain_after_fix_20260907/Dataset003_Liver/nnUNetTrainer_MedNeXt_MLA_MoE__nnUNetPlans__3d_fullres/fold_0/checkpoint_best.pth,/home/PuMengYu/nnUNet_workspace/results_v2_baseline_retrain_20260902/Dataset003_Liver/nnUNetTrainer_MedNeXt_MHA_MoE__nnUNetPlans__3d_fullres/fold_0/checkpoint_best.pth,MedNeXt_MLA_MoE,MedNeXt_MHA_MoE,liver_dice,0.9744878711821617,0.9746021443338622,-0.00011427315170042807
IRCADb,ircadb_012,MedNeXt_MLA_MoE vs MedNeXt_MHA_MoE,MedNeXt_MLA_MoE,MedNeXt_MHA_MoE,0.9737063496603241,0.9741548129795554,/home/PuMengYu/8T/nnUNet_result/results_v2_moe_retrain_after_fix_20260907/Dataset003_Liver/nnUNetTrainer_MedNeXt_MLA_MoE__nnUNetPlans__3d_fullres/fold_0/checkpoint_best.pth,/home/PuMengYu/nnUNet_workspace/results_v2_baseline_retrain_20260902/Dataset003_Liver/nnUNetTrainer_MedNeXt_MHA_MoE__nnUNetPlans__3d_fullres/fold_0/checkpoint_best.pth,MedNeXt_MLA_MoE,MedNeXt_MHA_MoE,liver_dice,0.9737063496603241,0.9741548129795554,-0.0004484633192313181
IRCADb,ircadb_013,MedNeXt_MLA_MoE vs MedNeXt_MHA_MoE,MedNeXt_MLA_MoE,MedNeXt_MHA_MoE,0.9638705305822434,0.9649873494214917,/home/PuMengYu/8T/nnUNet_result/results_v2_moe_retrain_after_fix_20260907/Dataset003_Liver/nnUNetTrainer_MedNeXt_MLA_MoE__nnUNetPlans__3d_fullres/fold_0/checkpoint_best.pth,/home/PuMengYu/nnUNet_workspace/results_v2_baseline_retrain_20260902/Dataset003_Liver/nnUNetTrainer_MedNeXt_MHA_MoE__nnUNetPlans__3d_fullres/fold_0/checkpoint_best.pth,MedNeXt_MLA_MoE,MedNeXt_MHA_MoE,liver_dice,0.9638705305822434,0.9649873494214917,-0.0011168188392483014
IRCADb,ircadb_014,MedNeXt_MLA_MoE vs MedNeXt_MHA_MoE,MedNeXt_MLA_MoE,MedNeXt_MHA_MoE,0.9673080660125356,0.9702297218983228,/home/PuMengYu/8T/nnUNet_result/results_v2_moe_retrain_after_fix_20260907/Dataset003_Liver/nnUNetTrainer_MedNeXt_MLA_MoE__nnUNetPlans__3d_fullres/fold_0/checkpoint_best.pth,/home/PuMengYu/nnUNet_workspace/results_v2_baseline_retrain_20260902/Dataset003_Liver/nnUNetTrainer_MedNeXt_MHA_MoE__nnUNetPlans__3d_fullres/fold_0/checkpoint_best.pth,MedNeXt_MLA_MoE,MedNeXt_MHA_MoE,liver_dice,0.9673080660125356,0.9702297218983228,-0.002921655885787189
IRCADb,ircadb_015,MedNeXt_MLA_MoE vs MedNeXt_MHA_MoE,MedNeXt_MLA_MoE,MedNeXt_MHA_MoE,0.9474208134974913,0.9690388308781374,/home/PuMengYu/8T/nnUNet_result/results_v2_moe_retrain_after_fix_20260907/Dataset003_Liver/nnUNetTrainer_MedNeXt_MLA_MoE__nnUNetPlans__3d_fullres/fold_0/checkpoint_best.pth,/home/PuMengYu/nnUNet_workspace/results_v2_baseline_retrain_20260902/Dataset003_Liver/nnUNetTrainer_MedNeXt_MHA_MoE__nnUNetPlans__3d_fullres/fold_0/checkpoint_best.pth,MedNeXt_MLA_MoE,MedNeXt_MHA_MoE,liver_dice,0.9474208134974913,0.9690388308781374,-0.02161801738064606
IRCADb,ircadb_016,MedNeXt_MLA_MoE vs MedNeXt_MHA_MoE,MedNeXt_MLA_MoE,MedNeXt_MHA_MoE,0.9722825563781655,0.9719014363437678,/home/PuMengYu/8T/nnUNet_result/results_v2_moe_retrain_after_fix_20260907/Dataset003_Liver/nnUNetTrainer_MedNeXt_MLA_MoE__nnUNetPlans__3d_fullres/fold_0/checkpoint_best.pth,/home/PuMengYu/nnUNet_workspace/results_v2_baseline_retrain_20260902/Dataset003_Liver/nnUNetTrainer_MedNeXt_MHA_MoE__nnUNetPlans__3d_fullres/fold_0/checkpoint_best.pth,MedNeXt_MLA_MoE,MedNeXt_MHA_MoE,liver_dice,0.9722825563781655,0.9719014363437678,0.00038112003439771946
IRCADb,ircadb_017,MedNeXt_MLA_MoE vs MedNeXt_MHA_MoE,MedNeXt_MLA_MoE,MedNeXt_MHA_MoE,0.9549776081098258,0.9591566605815957,/home/PuMengYu/8T/nnUNet_result/results_v2_moe_retrain_after_fix_20260907/Dataset003_Liver/nnUNetTrainer_MedNeXt_MLA_MoE__nnUNetPlans__3d_fullres/fold_0/checkpoint_best.pth,/home/PuMengYu/nnUNet_workspace/results_v2_baseline_retrain_20260902/Dataset003_Liver/nnUNetTrainer_MedNeXt_MHA_MoE__nnUNetPlans__3d_fullres/fold_0/checkpoint_best.pth,MedNeXt_MLA_MoE,MedNeXt_MHA_MoE,liver_dice,0.9549776081098258,0.9591566605815957,-0.004179052471769862
IRCADb,ircadb_018,MedNeXt_MLA_MoE vs MedNeXt_MHA_MoE,MedNeXt_MLA_MoE,MedNeXt_MHA_MoE,0.8978688882676094,0.903302759439933,/home/PuMengYu/8T/nnUNet_result/results_v2_moe_retrain_after_fix_20260907/Dataset003_Liver/nnUNetTrainer_MedNeXt_MLA_MoE__nnUNetPlans__3d_fullres/fold_0/checkpoint_best.pth,/home/PuMengYu/nnUNet_workspace/results_v2_baseline_retrain_20260902/Dataset003_Liver/nnUNetTrainer_MedNeXt_MHA_MoE__nnUNetPlans__3d_fullres/fold_0/checkpoint_best.pth,MedNeXt_MLA_MoE,MedNeXt_MHA_MoE,liver_dice,0.8978688882676094,0.903302759439933,-0.005433871172323634
IRCADb,ircadb_019,MedNeXt_MLA_MoE vs MedNeXt_MHA_MoE,MedNeXt_MLA_MoE,MedNeXt_MHA_MoE,0.9586922719803096,0.9568742905134144,/home/PuMengYu/8T/nnUNet_result/results_v2_moe_retrain_after_fix_20260907/Dataset003_Liver/nnUNetTrainer_MedNeXt_MLA_MoE__nnUNetPlans__3d_fullres/fold_0/checkpoint_best.pth,/home/PuMengYu/nnUNet_workspace/results_v2_baseline_retrain_20260902/Dataset003_Liver/nnUNetTrainer_MedNeXt_MHA_MoE__nnUNetPlans__3d_fullres/fold_0/checkpoint_best.pth,MedNeXt_MLA_MoE,MedNeXt_MHA_MoE,liver_dice,0.9586922719803096,0.9568742905134144,0.0018179814668951577
IRCADb,ircadb_020,MedNeXt_MLA_MoE vs MedNeXt_MHA_MoE,MedNeXt_MLA_MoE,MedNeXt_MHA_MoE,0.9696497196611421,0.9726572563769479,/home/PuMengYu/8T/nnUNet_result/results_v2_moe_retrain_after_fix_20260907/Dataset003_Liver/nnUNetTrainer_MedNeXt_MLA_MoE__nnUNetPlans__3d_fullres/fold_0/checkpoint_best.pth,/home/PuMengYu/nnUNet_workspace/results_v2_baseline_retrain_20260902/Dataset003_Liver/nnUNetTrainer_MedNeXt_MHA_MoE__nnUNetPlans__3d_fullres/fold_0/checkpoint_best.pth,MedNeXt_MLA_MoE,MedNeXt_MHA_MoE,liver_dice,0.9696497196611421,0.9726572563769479,-0.003007536715805781
IRCADb,ircadb_001,MedNeXt_MLA_MoE vs MedNeXt_MLA,MedNeXt_MLA_MoE,MedNeXt_MLA,0.867318547193559,0.8716691730101747,/home/PuMengYu/8T/nnUNet_result/results_v2_moe_retrain_after_fix_20260907/Dataset003_Liver/nnUNetTrainer_MedNeXt_MLA_MoE__nnUNetPlans__3d_fullres/fold_0/checkpoint_best.pth,/home/PuMengYu/nnUNet_workspace/results_v2/Dataset003_Liver/nnUNetTrainer_MedNeXt_MLA__nnUNetPlans__3d_fullres/fold_0/checkpoint_best.pth,MedNeXt_MLA_MoE,MedNeXt_MLA,tumor_dice,0.867318547193559,0.8716691730101747,-0.004350625816615605
IRCADb,ircadb_002,MedNeXt_MLA_MoE vs MedNeXt_MLA,MedNeXt_MLA_MoE,MedNeXt_MLA,0.8862994076884364,0.9122001776724904,/home/PuMengYu/8T/nnUNet_result/results_v2_moe_retrain_after_fix_20260907/Dataset003_Liver/nnUNetTrainer_MedNeXt_MLA_MoE__nnUNetPlans__3d_fullres/fold_0/checkpoint_best.pth,/home/PuMengYu/nnUNet_workspace/results_v2/Dataset003_Liver/nnUNetTrainer_MedNeXt_MLA__nnUNetPlans__3d_fullres/fold_0/checkpoint_best.pth,MedNeXt_MLA_MoE,MedNeXt_MLA,tumor_dice,0.8862994076884364,0.9122001776724904,-0.025900769984053995
IRCADb,ircadb_003,MedNeXt_MLA_MoE vs MedNeXt_MLA,MedNeXt_MLA_MoE,MedNeXt_MLA,0.6753131253242421,0.5294996853366898,/home/PuMengYu/8T/nnUNet_result/results_v2_moe_retrain_after_fix_20260907/Dataset003_Liver/nnUNetTrainer_MedNeXt_MLA_MoE__nnUNetPlans__3d_fullres/fold_0/checkpoint_best.pth,/home/PuMengYu/nnUNet_workspace/results_v2/Dataset003_Liver/nnUNetTrainer_MedNeXt_MLA__nnUNetPlans__3d_fullres/fold_0/checkpoint_best.pth,MedNeXt_MLA_MoE,MedNeXt_MLA,tumor_dice,0.6753131253242421,0.5294996853366898,0.14581343998755236
IRCADb,ircadb_004,MedNeXt_MLA_MoE vs MedNeXt_MLA,MedNeXt_MLA_MoE,MedNeXt_MLA,0.8414734418681138,0.875890920359467,/home/PuMengYu/8T/nnUNet_result/results_v2_moe_retrain_after_fix_20260907/Dataset003_Liver/nnUNetTrainer_MedNeXt_MLA_MoE__nnUNetPlans__3d_fullres/fold_0/checkpoint_best.pth,/home/PuMengYu/nnUNet_workspace/results_v2/Dataset003_Liver/nnUNetTrainer_MedNeXt_MLA__nnUNetPlans__3d_fullres/fold_0/checkpoint_best.pth,MedNeXt_MLA_MoE,MedNeXt_MLA,tumor_dice,0.8414734418681138,0.875890920359467,-0.03441747849135324
IRCADb,ircadb_006,MedNeXt_MLA_MoE vs MedNeXt_MLA,MedNeXt_MLA_MoE,MedNeXt_MLA,0.7882058029222353,0.7811939283843573,/home/PuMengYu/8T/nnUNet_result/results_v2_moe_retrain_after_fix_20260907/Dataset003_Liver/nnUNetTrainer_MedNeXt_MLA_MoE__nnUNetPlans__3d_fullres/fold_0/checkpoint_best.pth,/home/PuMengYu/nnUNet_workspace/results_v2/Dataset003_Liver/nnUNetTrainer_MedNeXt_MLA__nnUNetPlans__3d_fullres/fold_0/checkpoint_best.pth,MedNeXt_MLA_MoE,MedNeXt_MLA,tumor_dice,0.7882058029222353,0.7811939283843573,0.007011874537877993
IRCADb,ircadb_008,MedNeXt_MLA_MoE vs MedNeXt_MLA,MedNeXt_MLA_MoE,MedNeXt_MLA,0.24582814870370054,0.30850885991307253,/home/PuMengYu/8T/nnUNet_result/results_v2_moe_retrain_after_fix_20260907/Dataset003_Liver/nnUNetTrainer_MedNeXt_MLA_MoE__nnUNetPlans__3d_fullres/fold_0/checkpoint_best.pth,/home/PuMengYu/nnUNet_workspace/results_v2/Dataset003_Liver/nnUNetTrainer_MedNeXt_MLA__nnUNetPlans__3d_fullres/fold_0/checkpoint_best.pth,MedNeXt_MLA_MoE,MedNeXt_MLA,tumor_dice,0.24582814870370054,0.30850885991307253,-0.06268071120937199
IRCADb,ircadb_009,MedNeXt_MLA_MoE vs MedNeXt_MLA,MedNeXt_MLA_MoE,MedNeXt_MLA,0.7985001768659357,0.824115151936583,/home/PuMengYu/8T/nnUNet_result/results_v2_moe_retrain_after_fix_20260907/Dataset003_Liver/nnUNetTrainer_MedNeXt_MLA_MoE__nnUNetPlans__3d_fullres/fold_0/checkpoint_best.pth,/home/PuMengYu/nnUNet_workspace/results_v2/Dataset003_Liver/nnUNetTrainer_MedNeXt_MLA__nnUNetPlans__3d_fullres/fold_0/checkpoint_best.pth,MedNeXt_MLA_MoE,MedNeXt_MLA,tumor_dice,0.7985001768659357,0.824115151936583,-0.02561497507064736
IRCADb,ircadb_010,MedNeXt_MLA_MoE vs MedNeXt_MLA,MedNeXt_MLA_MoE,MedNeXt_MLA,0.8534467095461318,0.8768353528153956,/home/PuMengYu/8T/nnUNet_result/results_v2_moe_retrain_after_fix_20260907/Dataset003_Liver/nnUNetTrainer_MedNeXt_MLA_MoE__nnUNetPlans__3d_fullres/fold_0/checkpoint_best.pth,/home/PuMengYu/nnUNet_workspace/results_v2/Dataset003_Liver/nnUNetTrainer_MedNeXt_MLA__nnUNetPlans__3d_fullres/fold_0/checkpoint_best.pth,MedNeXt_MLA_MoE,MedNeXt_MLA,tumor_dice,0.8534467095461318,0.8768353528153956,-0.02338864326926382
IRCADb,ircadb_012,MedNeXt_MLA_MoE vs MedNeXt_MLA,MedNeXt_MLA_MoE,MedNeXt_MLA,0.6825212183878333,0.9667382111966001,/home/PuMengYu/8T/nnUNet_result/results_v2_moe_retrain_after_fix_20260907/Dataset003_Liver/nnUNetTrainer_MedNeXt_MLA_MoE__nnUNetPlans__3d_fullres/fold_0/checkpoint_best.pth,/home/PuMengYu/nnUNet_workspace/results_v2/Dataset003_Liver/nnUNetTrainer_MedNeXt_MLA__nnUNetPlans__3d_fullres/fold_0/checkpoint_best.pth,MedNeXt_MLA_MoE,MedNeXt_MLA,tumor_dice,0.6825212183878333,0.9667382111966001,-0.2842169928087668
IRCADb,ircadb_013,MedNeXt_MLA_MoE vs MedNeXt_MLA,MedNeXt_MLA_MoE,MedNeXt_MLA,0.7255396054941651,0.7368630695223213,/home/PuMengYu/8T/nnUNet_result/results_v2_moe_retrain_after_fix_20260907/Dataset003_Liver/nnUNetTrainer_MedNeXt_MLA_MoE__nnUNetPlans__3d_fullres/fold_0/checkpoint_best.pth,/home/PuMengYu/nnUNet_workspace/results_v2/Dataset003_Liver/nnUNetTrainer_MedNeXt_MLA__nnUNetPlans__3d_fullres/fold_0/checkpoint_best.pth,MedNeXt_MLA_MoE,MedNeXt_MLA,tumor_dice,0.7255396054941651,0.7368630695223213,-0.011323464028156205
IRCADb,ircadb_015,MedNeXt_MLA_MoE vs MedNeXt_MLA,MedNeXt_MLA_MoE,MedNeXt_MLA,0.7546892239794042,0.7473282442748092,/home/PuMengYu/8T/nnUNet_result/results_v2_moe_retrain_after_fix_20260907/Dataset003_Liver/nnUNetTrainer_MedNeXt_MLA_MoE__nnUNetPlans__3d_fullres/fold_0/checkpoint_best.pth,/home/PuMengYu/nnUNet_workspace/results_v2/Dataset003_Liver/nnUNetTrainer_MedNeXt_MLA__nnUNetPlans__3d_fullres/fold_0/checkpoint_best.pth,MedNeXt_MLA_MoE,MedNeXt_MLA,tumor_dice,0.7546892239794042,0.7473282442748092,0.007360979704595039
IRCADb,ircadb_016,MedNeXt_MLA_MoE vs MedNeXt_MLA,MedNeXt_MLA_MoE,MedNeXt_MLA,0.44557139109906446,0.20601945099844624,/home/PuMengYu/8T/nnUNet_result/results_v2_moe_retrain_after_fix_20260907/Dataset003_Liver/nnUNetTrainer_MedNeXt_MLA_MoE__nnUNetPlans__3d_fullres/fold_0/checkpoint_best.pth,/home/PuMengYu/nnUNet_workspace/results_v2/Dataset003_Liver/nnUNetTrainer_MedNeXt_MLA__nnUNetPlans__3d_fullres/fold_0/checkpoint_best.pth,MedNeXt_MLA_MoE,MedNeXt_MLA,tumor_dice,0.44557139109906446,0.20601945099844624,0.23955194010061823
IRCADb,ircadb_017,MedNeXt_MLA_MoE vs MedNeXt_MLA,MedNeXt_MLA_MoE,MedNeXt_MLA,0.745063517340745,0.7414116763656843,/home/PuMengYu/8T/nnUNet_result/results_v2_moe_retrain_after_fix_20260907/Dataset003_Liver/nnUNetTrainer_MedNeXt_MLA_MoE__nnUNetPlans__3d_fullres/fold_0/checkpoint_best.pth,/home/PuMengYu/nnUNet_workspace/results_v2/Dataset003_Liver/nnUNetTrainer_MedNeXt_MLA__nnUNetPlans__3d_fullres/fold_0/checkpoint_best.pth,MedNeXt_MLA_MoE,MedNeXt_MLA,tumor_dice,0.745063517340745,0.7414116763656843,0.0036518409750607717
IRCADb,ircadb_018,MedNeXt_MLA_MoE vs MedNeXt_MLA,MedNeXt_MLA_MoE,MedNeXt_MLA,0.0,0.0,/home/PuMengYu/8T/nnUNet_result/results_v2_moe_retrain_after_fix_20260907/Dataset003_Liver/nnUNetTrainer_MedNeXt_MLA_MoE__nnUNetPlans__3d_fullres/fold_0/checkpoint_best.pth,/home/PuMengYu/nnUNet_workspace/results_v2/Dataset003_Liver/nnUNetTrainer_MedNeXt_MLA__nnUNetPlans__3d_fullres/fold_0/checkpoint_best.pth,MedNeXt_MLA_MoE,MedNeXt_MLA,tumor_dice,0.0,0.0,0.0
IRCADb,ircadb_019,MedNeXt_MLA_MoE vs MedNeXt_MLA,MedNeXt_MLA_MoE,MedNeXt_MLA,0.784186762293297,0.7891158430737183,/home/PuMengYu/8T/nnUNet_result/results_v2_moe_retrain_after_fix_20260907/Dataset003_Liver/nnUNetTrainer_MedNeXt_MLA_MoE__nnUNetPlans__3d_fullres/fold_0/checkpoint_best.pth,/home/PuMengYu/nnUNet_workspace/results_v2/Dataset003_Liver/nnUNetTrainer_MedNeXt_MLA__nnUNetPlans__3d_fullres/fold_0/checkpoint_best.pth,MedNeXt_MLA_MoE,MedNeXt_MLA,tumor_dice,0.784186762293297,0.7891158430737183,-0.004929080780421313
IRCADb,ircadb_001,MedNeXt_MLA_MoE vs MedNeXt_MLA,MedNeXt_MLA_MoE,MedNeXt_MLA,0.786323669423339,0.7858662982806579,/home/PuMengYu/8T/nnUNet_result/results_v2_moe_retrain_after_fix_20260907/Dataset003_Liver/nnUNetTrainer_MedNeXt_MLA_MoE__nnUNetPlans__3d_fullres/fold_0/checkpoint_best.pth,/home/PuMengYu/nnUNet_workspace/results_v2/Dataset003_Liver/nnUNetTrainer_MedNeXt_MLA__nnUNetPlans__3d_fullres/fold_0/checkpoint_best.pth,MedNeXt_MLA_MoE,MedNeXt_MLA,tumor_recall,0.786323669423339,0.7858662982806579,0.00045737114268107337
IRCADb,ircadb_002,MedNeXt_MLA_MoE vs MedNeXt_MLA,MedNeXt_MLA_MoE,MedNeXt_MLA,0.8140378324562652,0.8762622671028303,/home/PuMengYu/8T/nnUNet_result/results_v2_moe_retrain_after_fix_20260907/Dataset003_Liver/nnUNetTrainer_MedNeXt_MLA_MoE__nnUNetPlans__3d_fullres/fold_0/checkpoint_best.pth,/home/PuMengYu/nnUNet_workspace/results_v2/Dataset003_Liver/nnUNetTrainer_MedNeXt_MLA__nnUNetPlans__3d_fullres/fold_0/checkpoint_best.pth,MedNeXt_MLA_MoE,MedNeXt_MLA,tumor_recall,0.8140378324562652,0.8762622671028303,-0.06222443464656513
IRCADb,ircadb_003,MedNeXt_MLA_MoE vs MedNeXt_MLA,MedNeXt_MLA_MoE,MedNeXt_MLA,0.9590232949761437,0.9445691832725231,/home/PuMengYu/8T/nnUNet_result/results_v2_moe_retrain_after_fix_20260907/Dataset003_Liver/nnUNetTrainer_MedNeXt_MLA_MoE__nnUNetPlans__3d_fullres/fold_0/checkpoint_best.pth,/home/PuMengYu/nnUNet_workspace/results_v2/Dataset003_Liver/nnUNetTrainer_MedNeXt_MLA__nnUNetPlans__3d_fullres/fold_0/checkpoint_best.pth,MedNeXt_MLA_MoE,MedNeXt_MLA,tumor_recall,0.9590232949761437,0.9445691832725231,0.014454111703620542
IRCADb,ircadb_004,MedNeXt_MLA_MoE vs MedNeXt_MLA,MedNeXt_MLA_MoE,MedNeXt_MLA,0.7596496437054632,0.8392220902612827,/home/PuMengYu/8T/nnUNet_result/results_v2_moe_retrain_after_fix_20260907/Dataset003_Liver/nnUNetTrainer_MedNeXt_MLA_MoE__nnUNetPlans__3d_fullres/fold_0/checkpoint_best.pth,/home/PuMengYu/nnUNet_workspace/results_v2/Dataset003_Liver/nnUNetTrainer_MedNeXt_MLA__nnUNetPlans__3d_fullres/fold_0/checkpoint_best.pth,MedNeXt_MLA_MoE,MedNeXt_MLA,tumor_recall,0.7596496437054632,0.8392220902612827,-0.07957244655581952
IRCADb,ircadb_006,MedNeXt_MLA_MoE vs MedNeXt_MLA,MedNeXt_MLA_MoE,MedNeXt_MLA,0.6545853547447673,0.6449722925738577,/home/PuMengYu/8T/nnUNet_result/results_v2_moe_retrain_after_fix_20260907/Dataset003_Liver/nnUNetTrainer_MedNeXt_MLA_MoE__nnUNetPlans__3d_fullres/fold_0/checkpoint_best.pth,/home/PuMengYu/nnUNet_workspace/results_v2/Dataset003_Liver/nnUNetTrainer_MedNeXt_MLA__nnUNetPlans__3d_fullres/fold_0/checkpoint_best.pth,MedNeXt_MLA_MoE,MedNeXt_MLA,tumor_recall,0.6545853547447673,0.6449722925738577,0.009613062170909625
IRCADb,ircadb_008,MedNeXt_MLA_MoE vs MedNeXt_MLA,MedNeXt_MLA_MoE,MedNeXt_MLA,0.35490697903336943,0.3633231617285166,/home/PuMengYu/8T/nnUNet_result/results_v2_moe_retrain_after_fix_20260907/Dataset003_Liver/nnUNetTrainer_MedNeXt_MLA_MoE__nnUNetPlans__3d_fullres/fold_0/checkpoint_best.pth,/home/PuMengYu/nnUNet_workspace/results_v2/Dataset003_Liver/nnUNetTrainer_MedNeXt_MLA__nnUNetPlans__3d_fullres/fold_0/checkpoint_best.pth,MedNeXt_MLA_MoE,MedNeXt_MLA,tumor_recall,0.35490697903336943,0.3633231617285166,-0.008416182695147156
IRCADb,ircadb_009,MedNeXt_MLA_MoE vs MedNeXt_MLA,MedNeXt_MLA_MoE,MedNeXt_MLA,0.7146439063924628,0.7504052274338973,/home/PuMengYu/8T/nnUNet_result/results_v2_moe_retrain_after_fix_20260907/Dataset003_Liver/nnUNetTrainer_MedNeXt_MLA_MoE__nnUNetPlans__3d_fullres/fold_0/checkpoint_best.pth,/home/PuMengYu/nnUNet_workspace/results_v2/Dataset003_Liver/nnUNetTrainer_MedNeXt_MLA__nnUNetPlans__3d_fullres/fold_0/checkpoint_best.pth,MedNeXt_MLA_MoE,MedNeXt_MLA,tumor_recall,0.7146439063924628,0.7504052274338973,-0.03576132104143448
IRCADb,ircadb_010,MedNeXt_MLA_MoE vs MedNeXt_MLA,MedNeXt_MLA_MoE,MedNeXt_MLA,0.7838595554368867,0.8211734864161271,/home/PuMengYu/8T/nnUNet_result/results_v2_moe_retrain_after_fix_20260907/Dataset003_Liver/nnUNetTrainer_MedNeXt_MLA_MoE__nnUNetPlans__3d_fullres/fold_0/checkpoint_best.pth,/home/PuMengYu/nnUNet_workspace/results_v2/Dataset003_Liver/nnUNetTrainer_MedNeXt_MLA__nnUNetPlans__3d_fullres/fold_0/checkpoint_best.pth,MedNeXt_MLA_MoE,MedNeXt_MLA,tumor_recall,0.7838595554368867,0.8211734864161271,-0.037313930979240406
IRCADb,ircadb_012,MedNeXt_MLA_MoE vs MedNeXt_MLA,MedNeXt_MLA_MoE,MedNeXt_MLA,0.5220352678904024,0.971202283186145,/home/PuMengYu/8T/nnUNet_result/results_v2_moe_retrain_after_fix_20260907/Dataset003_Liver/nnUNetTrainer_MedNeXt_MLA_MoE__nnUNetPlans__3d_fullres/fold_0/checkpoint_best.pth,/home/PuMengYu/nnUNet_workspace/results_v2/Dataset003_Liver/nnUNetTrainer_MedNeXt_MLA__nnUNetPlans__3d_fullres/fold_0/checkpoint_best.pth,MedNeXt_MLA_MoE,MedNeXt_MLA,tumor_recall,0.5220352678904024,0.971202283186145,-0.44916701529574254
IRCADb,ircadb_013,MedNeXt_MLA_MoE vs MedNeXt_MLA,MedNeXt_MLA_MoE,MedNeXt_MLA,0.5735956890920967,0.5890512736773351,/home/PuMengYu/8T/nnUNet_result/results_v2_moe_retrain_after_fix_20260907/Dataset003_Liver/nnUNetTrainer_MedNeXt_MLA_MoE__nnUNetPlans__3d_fullres/fold_0/checkpoint_best.pth,/home/PuMengYu/nnUNet_workspace/results_v2/Dataset003_Liver/nnUNetTrainer_MedNeXt_MLA__nnUNetPlans__3d_fullres/fold_0/checkpoint_best.pth,MedNeXt_MLA_MoE,MedNeXt_MLA,tumor_recall,0.5735956890920967,0.5890512736773351,-0.015455584585238435
IRCADb,ircadb_015,MedNeXt_MLA_MoE vs MedNeXt_MLA,MedNeXt_MLA_MoE,MedNeXt_MLA,0.6263736263736264,0.5976800976800977,/home/PuMengYu/8T/nnUNet_result/results_v2_moe_retrain_after_fix_20260907/Dataset003_Liver/nnUNetTrainer_MedNeXt_MLA_MoE__nnUNetPlans__3d_fullres/fold_0/checkpoint_best.pth,/home/PuMengYu/nnUNet_workspace/results_v2/Dataset003_Liver/nnUNetTrainer_MedNeXt_MLA__nnUNetPlans__3d_fullres/fold_0/checkpoint_best.pth,MedNeXt_MLA_MoE,MedNeXt_MLA,tumor_recall,0.6263736263736264,0.5976800976800977,0.028693528693528703
IRCADb,ircadb_016,MedNeXt_MLA_MoE vs MedNeXt_MLA,MedNeXt_MLA_MoE,MedNeXt_MLA,0.6945618100040889,0.7319067738857844,/home/PuMengYu/8T/nnUNet_result/results_v2_moe_retrain_after_fix_20260907/Dataset003_Liver/nnUNetTrainer_MedNeXt_MLA_MoE__nnUNetPlans__3d_fullres/fold_0/checkpoint_best.pth,/home/PuMengYu/nnUNet_workspace/results_v2/Dataset003_Liver/nnUNetTrainer_MedNeXt_MLA__nnUNetPlans__3d_fullres/fold_0/checkpoint_best.pth,MedNeXt_MLA_MoE,MedNeXt_MLA,tumor_recall,0.6945618100040889,0.7319067738857844,-0.0373449638816955
IRCADb,ircadb_017,MedNeXt_MLA_MoE vs MedNeXt_MLA,MedNeXt_MLA_MoE,MedNeXt_MLA,0.6075057798806387,0.5945803537824614,/home/PuMengYu/8T/nnUNet_result/results_v2_moe_retrain_after_fix_20260907/Dataset003_Liver/nnUNetTrainer_MedNeXt_MLA_MoE__nnUNetPlans__3d_fullres/fold_0/checkpoint_best.pth,/home/PuMengYu/nnUNet_workspace/results_v2/Dataset003_Liver/nnUNetTrainer_MedNeXt_MLA__nnUNetPlans__3d_fullres/fold_0/checkpoint_best.pth,MedNeXt_MLA_MoE,MedNeXt_MLA,tumor_recall,0.6075057798806387,0.5945803537824614,0.012925426098177262
IRCADb,ircadb_018,MedNeXt_MLA_MoE vs MedNeXt_MLA,MedNeXt_MLA_MoE,MedNeXt_MLA,0.0,0.0,/home/PuMengYu/8T/nnUNet_result/results_v2_moe_retrain_after_fix_20260907/Dataset003_Liver/nnUNetTrainer_MedNeXt_MLA_MoE__nnUNetPlans__3d_fullres/fold_0/checkpoint_best.pth,/home/PuMengYu/nnUNet_workspace/results_v2/Dataset003_Liver/nnUNetTrainer_MedNeXt_MLA__nnUNetPlans__3d_fullres/fold_0/checkpoint_best.pth,MedNeXt_MLA_MoE,MedNeXt_MLA,tumor_recall,0.0,0.0,0.0
IRCADb,ircadb_019,MedNeXt_MLA_MoE vs MedNeXt_MLA,MedNeXt_MLA_MoE,MedNeXt_MLA,0.6520909793316593,0.6585619084411821,/home/PuMengYu/8T/nnUNet_result/results_v2_moe_retrain_after_fix_20260907/Dataset003_Liver/nnUNetTrainer_MedNeXt_MLA_MoE__nnUNetPlans__3d_fullres/fold_0/checkpoint_best.pth,/home/PuMengYu/nnUNet_workspace/results_v2/Dataset003_Liver/nnUNetTrainer_MedNeXt_MLA__nnUNetPlans__3d_fullres/fold_0/checkpoint_best.pth,MedNeXt_MLA_MoE,MedNeXt_MLA,tumor_recall,0.6520909793316593,0.6585619084411821,-0.006470929109522849
IRCADb,ircadb_001,MedNeXt_MLA_MoE vs MedNeXt_MLA,MedNeXt_MLA_MoE,MedNeXt_MLA,0.9669151616365087,0.9785048086701339,/home/PuMengYu/8T/nnUNet_result/results_v2_moe_retrain_after_fix_20260907/Dataset003_Liver/nnUNetTrainer_MedNeXt_MLA_MoE__nnUNetPlans__3d_fullres/fold_0/checkpoint_best.pth,/home/PuMengYu/nnUNet_workspace/results_v2/Dataset003_Liver/nnUNetTrainer_MedNeXt_MLA__nnUNetPlans__3d_fullres/fold_0/checkpoint_best.pth,MedNeXt_MLA_MoE,MedNeXt_MLA,tumor_precision,0.9669151616365087,0.9785048086701339,-0.011589647033625194
IRCADb,ircadb_002,MedNeXt_MLA_MoE vs MedNeXt_MLA,MedNeXt_MLA_MoE,MedNeXt_MLA,0.9726399864049622,0.9512119808553342,/home/PuMengYu/8T/nnUNet_result/results_v2_moe_retrain_after_fix_20260907/Dataset003_Liver/nnUNetTrainer_MedNeXt_MLA_MoE__nnUNetPlans__3d_fullres/fold_0/checkpoint_best.pth,/home/PuMengYu/nnUNet_workspace/results_v2/Dataset003_Liver/nnUNetTrainer_MedNeXt_MLA__nnUNetPlans__3d_fullres/fold_0/checkpoint_best.pth,MedNeXt_MLA_MoE,MedNeXt_MLA,tumor_precision,0.9726399864049622,0.9512119808553342,0.021428005549627982
IRCADb,ircadb_003,MedNeXt_MLA_MoE vs MedNeXt_MLA,MedNeXt_MLA_MoE,MedNeXt_MLA,0.5211423342357113,0.36785441031806754,/home/PuMengYu/8T/nnUNet_result/results_v2_moe_retrain_after_fix_20260907/Dataset003_Liver/nnUNetTrainer_MedNeXt_MLA_MoE__nnUNetPlans__3d_fullres/fold_0/checkpoint_best.pth,/home/PuMengYu/nnUNet_workspace/results_v2/Dataset003_Liver/nnUNetTrainer_MedNeXt_MLA__nnUNetPlans__3d_fullres/fold_0/checkpoint_best.pth,MedNeXt_MLA_MoE,MedNeXt_MLA,tumor_precision,0.5211423342357113,0.36785441031806754,0.1532879239176438
IRCADb,ircadb_004,MedNeXt_MLA_MoE vs MedNeXt_MLA,MedNeXt_MLA_MoE,MedNeXt_MLA,0.9430519719867305,0.9159105638366818,/home/PuMengYu/8T/nnUNet_result/results_v2_moe_retrain_after_fix_20260907/Dataset003_Liver/nnUNetTrainer_MedNeXt_MLA_MoE__nnUNetPlans__3d_fullres/fold_0/checkpoint_best.pth,/home/PuMengYu/nnUNet_workspace/results_v2/Dataset003_Liver/nnUNetTrainer_MedNeXt_MLA__nnUNetPlans__3d_fullres/fold_0/checkpoint_best.pth,MedNeXt_MLA_MoE,MedNeXt_MLA,tumor_precision,0.9430519719867305,0.9159105638366818,0.02714140815004873
IRCADb,ircadb_006,MedNeXt_MLA_MoE vs MedNeXt_MLA,MedNeXt_MLA_MoE,MedNeXt_MLA,0.9903699243724093,0.9903642034396403,/home/PuMengYu/8T/nnUNet_result/results_v2_moe_retrain_after_fix_20260907/Dataset003_Liver/nnUNetTrainer_MedNeXt_MLA_MoE__nnUNetPlans__3d_fullres/fold_0/checkpoint_best.pth,/home/PuMengYu/nnUNet_workspace/results_v2/Dataset003_Liver/nnUNetTrainer_MedNeXt_MLA__nnUNetPlans__3d_fullres/fold_0/checkpoint_best.pth,MedNeXt_MLA_MoE,MedNeXt_MLA,tumor_precision,0.9903699243724093,0.9903642034396403,5.720932769071041e-06
IRCADb,ircadb_008,MedNeXt_MLA_MoE vs MedNeXt_MLA,MedNeXt_MLA_MoE,MedNeXt_MLA,0.18803619390336124,0.2680659452393057,/home/PuMengYu/8T/nnUNet_result/results_v2_moe_retrain_after_fix_20260907/Dataset003_Liver/nnUNetTrainer_MedNeXt_MLA_MoE__nnUNetPlans__3d_fullres/fold_0/checkpoint_best.pth,/home/PuMengYu/nnUNet_workspace/results_v2/Dataset003_Liver/nnUNetTrainer_MedNeXt_MLA__nnUNetPlans__3d_fullres/fold_0/checkpoint_best.pth,MedNeXt_MLA_MoE,MedNeXt_MLA,tumor_precision,0.18803619390336124,0.2680659452393057,-0.08002975133594448
IRCADb,ircadb_009,MedNeXt_MLA_MoE vs MedNeXt_MLA,MedNeXt_MLA_MoE,MedNeXt_MLA,0.9046519829437979,0.913882977082755,/home/PuMengYu/8T/nnUNet_result/results_v2_moe_retrain_after_fix_20260907/Dataset003_Liver/nnUNetTrainer_MedNeXt_MLA_MoE__nnUNetPlans__3d_fullres/fold_0/checkpoint_best.pth,/home/PuMengYu/nnUNet_workspace/results_v2/Dataset003_Liver/nnUNetTrainer_MedNeXt_MLA__nnUNetPlans__3d_fullres/fold_0/checkpoint_best.pth,MedNeXt_MLA_MoE,MedNeXt_MLA,tumor_precision,0.9046519829437979,0.913882977082755,-0.009230994138957116
IRCADb,ircadb_010,MedNeXt_MLA_MoE vs MedNeXt_MLA,MedNeXt_MLA_MoE,MedNeXt_MLA,0.9365927580156325,0.9405917883630247,/home/PuMengYu/8T/nnUNet_result/results_v2_moe_retrain_after_fix_20260907/Dataset003_Liver/nnUNetTrainer_MedNeXt_MLA_MoE__nnUNetPlans__3d_fullres/fold_0/checkpoint_best.pth,/home/PuMengYu/nnUNet_workspace/results_v2/Dataset003_Liver/nnUNetTrainer_MedNeXt_MLA__nnUNetPlans__3d_fullres/fold_0/checkpoint_best.pth,MedNeXt_MLA_MoE,MedNeXt_MLA,tumor_precision,0.9365927580156325,0.9405917883630247,-0.003999030347392241
IRCADb,ircadb_012,MedNeXt_MLA_MoE vs MedNeXt_MLA,MedNeXt_MLA_MoE,MedNeXt_MLA,0.985481454234666,0.9623149891115786,/home/PuMengYu/8T/nnUNet_result/results_v2_moe_retrain_after_fix_20260907/Dataset003_Liver/nnUNetTrainer_MedNeXt_MLA_MoE__nnUNetPlans__3d_fullres/fold_0/checkpoint_best.pth,/home/PuMengYu/nnUNet_workspace/results_v2/Dataset003_Liver/nnUNetTrainer_MedNeXt_MLA__nnUNetPlans__3d_fullres/fold_0/checkpoint_best.pth,MedNeXt_MLA_MoE,MedNeXt_MLA,tumor_precision,0.985481454234666,0.9623149891115786,0.0231664651230874
IRCADb,ircadb_013,MedNeXt_MLA_MoE vs MedNeXt_MLA,MedNeXt_MLA_MoE,MedNeXt_MLA,0.9869907277325092,0.9837064710534209,/home/PuMengYu/8T/nnUNet_result/results_v2_moe_retrain_after_fix_20260907/Dataset003_Liver/nnUNetTrainer_MedNeXt_MLA_MoE__nnUNetPlans__3d_fullres/fold_0/checkpoint_best.pth,/home/PuMengYu/nnUNet_workspace/results_v2/Dataset003_Liver/nnUNetTrainer_MedNeXt_MLA__nnUNetPlans__3d_fullres/fold_0/checkpoint_best.pth,MedNeXt_MLA_MoE,MedNeXt_MLA,tumor_precision,0.9869907277325092,0.9837064710534209,0.003284256679088271
IRCADb,ircadb_015,MedNeXt_MLA_MoE vs MedNeXt_MLA,MedNeXt_MLA_MoE,MedNeXt_MLA,0.9491211840888066,0.9969450101832994,/home/PuMengYu/8T/nnUNet_result/results_v2_moe_retrain_after_fix_20260907/Dataset003_Liver/nnUNetTrainer_MedNeXt_MLA_MoE__nnUNetPlans__3d_fullres/fold_0/checkpoint_best.pth,/home/PuMengYu/nnUNet_workspace/results_v2/Dataset003_Liver/nnUNetTrainer_MedNeXt_MLA__nnUNetPlans__3d_fullres/fold_0/checkpoint_best.pth,MedNeXt_MLA_MoE,MedNeXt_MLA,tumor_precision,0.9491211840888066,0.9969450101832994,-0.04782382609449276
IRCADb,ircadb_016,MedNeXt_MLA_MoE vs MedNeXt_MLA,MedNeXt_MLA_MoE,MedNeXt_MLA,0.32799124670142243,0.11988212707058982,/home/PuMengYu/8T/nnUNet_result/results_v2_moe_retrain_after_fix_20260907/Dataset003_Liver/nnUNetTrainer_MedNeXt_MLA_MoE__nnUNetPlans__3d_fullres/fold_0/checkpoint_best.pth,/home/PuMengYu/nnUNet_workspace/results_v2/Dataset003_Liver/nnUNetTrainer_MedNeXt_MLA__nnUNetPlans__3d_fullres/fold_0/checkpoint_best.pth,MedNeXt_MLA_MoE,MedNeXt_MLA,tumor_precision,0.32799124670142243,0.11988212707058982,0.20810911963083262
IRCADb,ircadb_017,MedNeXt_MLA_MoE vs MedNeXt_MLA,MedNeXt_MLA_MoE,MedNeXt_MLA,0.9631498640389385,0.9845444347500935,/home/PuMengYu/8T/nnUNet_result/results_v2_moe_retrain_after_fix_20260907/Dataset003_Liver/nnUNetTrainer_MedNeXt_MLA_MoE__nnUNetPlans__3d_fullres/fold_0/checkpoint_best.pth,/home/PuMengYu/nnUNet_workspace/results_v2/Dataset003_Liver/nnUNetTrainer_MedNeXt_MLA__nnUNetPlans__3d_fullres/fold_0/checkpoint_best.pth,MedNeXt_MLA_MoE,MedNeXt_MLA,tumor_precision,0.9631498640389385,0.9845444347500935,-0.021394570711154914
IRCADb,ircadb_018,MedNeXt_MLA_MoE vs MedNeXt_MLA,MedNeXt_MLA_MoE,MedNeXt_MLA,0.0,0.0,/home/PuMengYu/8T/nnUNet_result/results_v2_moe_retrain_after_fix_20260907/Dataset003_Liver/nnUNetTrainer_MedNeXt_MLA_MoE__nnUNetPlans__3d_fullres/fold_0/checkpoint_best.pth,/home/PuMengYu/nnUNet_workspace/results_v2/Dataset003_Liver/nnUNetTrainer_MedNeXt_MLA__nnUNetPlans__3d_fullres/fold_0/checkpoint_best.pth,MedNeXt_MLA_MoE,MedNeXt_MLA,tumor_precision,0.0,0.0,0.0
IRCADb,ircadb_019,MedNeXt_MLA_MoE vs MedNeXt_MLA,MedNeXt_MLA_MoE,MedNeXt_MLA,0.9833958416778938,0.9842306581986143,/home/PuMengYu/8T/nnUNet_result/results_v2_moe_retrain_after_fix_20260907/Dataset003_Liver/nnUNetTrainer_MedNeXt_MLA_MoE__nnUNetPlans__3d_fullres/fold_0/checkpoint_best.pth,/home/PuMengYu/nnUNet_workspace/results_v2/Dataset003_Liver/nnUNetTrainer_MedNeXt_MLA__nnUNetPlans__3d_fullres/fold_0/checkpoint_best.pth,MedNeXt_MLA_MoE,MedNeXt_MLA,tumor_precision,0.9833958416778938,0.9842306581986143,-0.0008348165207204827
IRCADb,ircadb_001,MedNeXt_MLA_MoE vs MedNeXt_MLA,MedNeXt_MLA_MoE,MedNeXt_MLA,0.9678968382733625,0.9685023726493266,/home/PuMengYu/8T/nnUNet_result/results_v2_moe_retrain_after_fix_20260907/Dataset003_Liver/nnUNetTrainer_MedNeXt_MLA_MoE__nnUNetPlans__3d_fullres/fold_0/checkpoint_best.pth,/home/PuMengYu/nnUNet_workspace/results_v2/Dataset003_Liver/nnUNetTrainer_MedNeXt_MLA__nnUNetPlans__3d_fullres/fold_0/checkpoint_best.pth,MedNeXt_MLA_MoE,MedNeXt_MLA,liver_dice,0.9678968382733625,0.9685023726493266,-0.0006055343759641119
IRCADb,ircadb_002,MedNeXt_MLA_MoE vs MedNeXt_MLA,MedNeXt_MLA_MoE,MedNeXt_MLA,0.9733077037686535,0.9753050072255686,/home/PuMengYu/8T/nnUNet_result/results_v2_moe_retrain_after_fix_20260907/Dataset003_Liver/nnUNetTrainer_MedNeXt_MLA_MoE__nnUNetPlans__3d_fullres/fold_0/checkpoint_best.pth,/home/PuMengYu/nnUNet_workspace/results_v2/Dataset003_Liver/nnUNetTrainer_MedNeXt_MLA__nnUNetPlans__3d_fullres/fold_0/checkpoint_best.pth,MedNeXt_MLA_MoE,MedNeXt_MLA,liver_dice,0.9733077037686535,0.9753050072255686,-0.001997303456915067
IRCADb,ircadb_003,MedNeXt_MLA_MoE vs MedNeXt_MLA,MedNeXt_MLA_MoE,MedNeXt_MLA,0.9748976154463,0.9774874015548634,/home/PuMengYu/8T/nnUNet_result/results_v2_moe_retrain_after_fix_20260907/Dataset003_Liver/nnUNetTrainer_MedNeXt_MLA_MoE__nnUNetPlans__3d_fullres/fold_0/checkpoint_best.pth,/home/PuMengYu/nnUNet_workspace/results_v2/Dataset003_Liver/nnUNetTrainer_MedNeXt_MLA__nnUNetPlans__3d_fullres/fold_0/checkpoint_best.pth,MedNeXt_MLA_MoE,MedNeXt_MLA,liver_dice,0.9748976154463,0.9774874015548634,-0.002589786108563308
IRCADb,ircadb_004,MedNeXt_MLA_MoE vs MedNeXt_MLA,MedNeXt_MLA_MoE,MedNeXt_MLA,0.9643682331150107,0.9721230996990244,/home/PuMengYu/8T/nnUNet_result/results_v2_moe_retrain_after_fix_20260907/Dataset003_Liver/nnUNetTrainer_MedNeXt_MLA_MoE__nnUNetPlans__3d_fullres/fold_0/checkpoint_best.pth,/home/PuMengYu/nnUNet_workspace/results_v2/Dataset003_Liver/nnUNetTrainer_MedNeXt_MLA__nnUNetPlans__3d_fullres/fold_0/checkpoint_best.pth,MedNeXt_MLA_MoE,MedNeXt_MLA,liver_dice,0.9643682331150107,0.9721230996990244,-0.007754866584013698
IRCADb,ircadb_005,MedNeXt_MLA_MoE vs MedNeXt_MLA,MedNeXt_MLA_MoE,MedNeXt_MLA,0.9777199351031859,0.9758166597830908,/home/PuMengYu/8T/nnUNet_result/results_v2_moe_retrain_after_fix_20260907/Dataset003_Liver/nnUNetTrainer_MedNeXt_MLA_MoE__nnUNetPlans__3d_fullres/fold_0/checkpoint_best.pth,/home/PuMengYu/nnUNet_workspace/results_v2/Dataset003_Liver/nnUNetTrainer_MedNeXt_MLA__nnUNetPlans__3d_fullres/fold_0/checkpoint_best.pth,MedNeXt_MLA_MoE,MedNeXt_MLA,liver_dice,0.9777199351031859,0.9758166597830908,0.0019032753200950436
IRCADb,ircadb_006,MedNeXt_MLA_MoE vs MedNeXt_MLA,MedNeXt_MLA_MoE,MedNeXt_MLA,0.9213126573226693,0.9159081427147742,/home/PuMengYu/8T/nnUNet_result/results_v2_moe_retrain_after_fix_20260907/Dataset003_Liver/nnUNetTrainer_MedNeXt_MLA_MoE__nnUNetPlans__3d_fullres/fold_0/checkpoint_best.pth,/home/PuMengYu/nnUNet_workspace/results_v2/Dataset003_Liver/nnUNetTrainer_MedNeXt_MLA__nnUNetPlans__3d_fullres/fold_0/checkpoint_best.pth,MedNeXt_MLA_MoE,MedNeXt_MLA,liver_dice,0.9213126573226693,0.9159081427147742,0.00540451460789515
IRCADb,ircadb_007,MedNeXt_MLA_MoE vs MedNeXt_MLA,MedNeXt_MLA_MoE,MedNeXt_MLA,0.9621635432184577,0.9624809017411878,/home/PuMengYu/8T/nnUNet_result/results_v2_moe_retrain_after_fix_20260907/Dataset003_Liver/nnUNetTrainer_MedNeXt_MLA_MoE__nnUNetPlans__3d_fullres/fold_0/checkpoint_best.pth,/home/PuMengYu/nnUNet_workspace/results_v2/Dataset003_Liver/nnUNetTrainer_MedNeXt_MLA__nnUNetPlans__3d_fullres/fold_0/checkpoint_best.pth,MedNeXt_MLA_MoE,MedNeXt_MLA,liver_dice,0.9621635432184577,0.9624809017411878,-0.0003173585227301823
IRCADb,ircadb_008,MedNeXt_MLA_MoE vs MedNeXt_MLA,MedNeXt_MLA_MoE,MedNeXt_MLA,0.9684233819552599,0.973662801355778,/home/PuMengYu/8T/nnUNet_result/results_v2_moe_retrain_after_fix_20260907/Dataset003_Liver/nnUNetTrainer_MedNeXt_MLA_MoE__nnUNetPlans__3d_fullres/fold_0/checkpoint_best.pth,/home/PuMengYu/nnUNet_workspace/results_v2/Dataset003_Liver/nnUNetTrainer_MedNeXt_MLA__nnUNetPlans__3d_fullres/fold_0/checkpoint_best.pth,MedNeXt_MLA_MoE,MedNeXt_MLA,liver_dice,0.9684233819552599,0.973662801355778,-0.005239419400518086
IRCADb,ircadb_009,MedNeXt_MLA_MoE vs MedNeXt_MLA,MedNeXt_MLA_MoE,MedNeXt_MLA,0.9695399876316348,0.9723401204357593,/home/PuMengYu/8T/nnUNet_result/results_v2_moe_retrain_after_fix_20260907/Dataset003_Liver/nnUNetTrainer_MedNeXt_MLA_MoE__nnUNetPlans__3d_fullres/fold_0/checkpoint_best.pth,/home/PuMengYu/nnUNet_workspace/results_v2/Dataset003_Liver/nnUNetTrainer_MedNeXt_MLA__nnUNetPlans__3d_fullres/fold_0/checkpoint_best.pth,MedNeXt_MLA_MoE,MedNeXt_MLA,liver_dice,0.9695399876316348,0.9723401204357593,-0.0028001328041245
IRCADb,ircadb_010,MedNeXt_MLA_MoE vs MedNeXt_MLA,MedNeXt_MLA_MoE,MedNeXt_MLA,0.9767893187223214,0.9739004473216603,/home/PuMengYu/8T/nnUNet_result/results_v2_moe_retrain_after_fix_20260907/Dataset003_Liver/nnUNetTrainer_MedNeXt_MLA_MoE__nnUNetPlans__3d_fullres/fold_0/checkpoint_best.pth,/home/PuMengYu/nnUNet_workspace/results_v2/Dataset003_Liver/nnUNetTrainer_MedNeXt_MLA__nnUNetPlans__3d_fullres/fold_0/checkpoint_best.pth,MedNeXt_MLA_MoE,MedNeXt_MLA,liver_dice,0.9767893187223214,0.9739004473216603,0.002888871400661186
IRCADb,ircadb_011,MedNeXt_MLA_MoE vs MedNeXt_MLA,MedNeXt_MLA_MoE,MedNeXt_MLA,0.9744878711821617,0.9699206018231638,/home/PuMengYu/8T/nnUNet_result/results_v2_moe_retrain_after_fix_20260907/Dataset003_Liver/nnUNetTrainer_MedNeXt_MLA_MoE__nnUNetPlans__3d_fullres/fold_0/checkpoint_best.pth,/home/PuMengYu/nnUNet_workspace/results_v2/Dataset003_Liver/nnUNetTrainer_MedNeXt_MLA__nnUNetPlans__3d_fullres/fold_0/checkpoint_best.pth,MedNeXt_MLA_MoE,MedNeXt_MLA,liver_dice,0.9744878711821617,0.9699206018231638,0.004567269358997983
IRCADb,ircadb_012,MedNeXt_MLA_MoE vs MedNeXt_MLA,MedNeXt_MLA_MoE,MedNeXt_MLA,0.9737063496603241,0.9745420729983094,/home/PuMengYu/8T/nnUNet_result/results_v2_moe_retrain_after_fix_20260907/Dataset003_Liver/nnUNetTrainer_MedNeXt_MLA_MoE__nnUNetPlans__3d_fullres/fold_0/checkpoint_best.pth,/home/PuMengYu/nnUNet_workspace/results_v2/Dataset003_Liver/nnUNetTrainer_MedNeXt_MLA__nnUNetPlans__3d_fullres/fold_0/checkpoint_best.pth,MedNeXt_MLA_MoE,MedNeXt_MLA,liver_dice,0.9737063496603241,0.9745420729983094,-0.0008357233379853168
IRCADb,ircadb_013,MedNeXt_MLA_MoE vs MedNeXt_MLA,MedNeXt_MLA_MoE,MedNeXt_MLA,0.9638705305822434,0.9652596891860695,/home/PuMengYu/8T/nnUNet_result/results_v2_moe_retrain_after_fix_20260907/Dataset003_Liver/nnUNetTrainer_MedNeXt_MLA_MoE__nnUNetPlans__3d_fullres/fold_0/checkpoint_best.pth,/home/PuMengYu/nnUNet_workspace/results_v2/Dataset003_Liver/nnUNetTrainer_MedNeXt_MLA__nnUNetPlans__3d_fullres/fold_0/checkpoint_best.pth,MedNeXt_MLA_MoE,MedNeXt_MLA,liver_dice,0.9638705305822434,0.9652596891860695,-0.0013891586038261572
IRCADb,ircadb_014,MedNeXt_MLA_MoE vs MedNeXt_MLA,MedNeXt_MLA_MoE,MedNeXt_MLA,0.9673080660125356,0.9683754294816782,/home/PuMengYu/8T/nnUNet_result/results_v2_moe_retrain_after_fix_20260907/Dataset003_Liver/nnUNetTrainer_MedNeXt_MLA_MoE__nnUNetPlans__3d_fullres/fold_0/checkpoint_best.pth,/home/PuMengYu/nnUNet_workspace/results_v2/Dataset003_Liver/nnUNetTrainer_MedNeXt_MLA__nnUNetPlans__3d_fullres/fold_0/checkpoint_best.pth,MedNeXt_MLA_MoE,MedNeXt_MLA,liver_dice,0.9673080660125356,0.9683754294816782,-0.0010673634691426015
IRCADb,ircadb_015,MedNeXt_MLA_MoE vs MedNeXt_MLA,MedNeXt_MLA_MoE,MedNeXt_MLA,0.9474208134974913,0.9698323907786366,/home/PuMengYu/8T/nnUNet_result/results_v2_moe_retrain_after_fix_20260907/Dataset003_Liver/nnUNetTrainer_MedNeXt_MLA_MoE__nnUNetPlans__3d_fullres/fold_0/checkpoint_best.pth,/home/PuMengYu/nnUNet_workspace/results_v2/Dataset003_Liver/nnUNetTrainer_MedNeXt_MLA__nnUNetPlans__3d_fullres/fold_0/checkpoint_best.pth,MedNeXt_MLA_MoE,MedNeXt_MLA,liver_dice,0.9474208134974913,0.9698323907786366,-0.02241157728114529
IRCADb,ircadb_016,MedNeXt_MLA_MoE vs MedNeXt_MLA,MedNeXt_MLA_MoE,MedNeXt_MLA,0.9722825563781655,0.9670101956217987,/home/PuMengYu/8T/nnUNet_result/results_v2_moe_retrain_after_fix_20260907/Dataset003_Liver/nnUNetTrainer_MedNeXt_MLA_MoE__nnUNetPlans__3d_fullres/fold_0/checkpoint_best.pth,/home/PuMengYu/nnUNet_workspace/results_v2/Dataset003_Liver/nnUNetTrainer_MedNeXt_MLA__nnUNetPlans__3d_fullres/fold_0/checkpoint_best.pth,MedNeXt_MLA_MoE,MedNeXt_MLA,liver_dice,0.9722825563781655,0.9670101956217987,0.005272360756366834
IRCADb,ircadb_017,MedNeXt_MLA_MoE vs MedNeXt_MLA,MedNeXt_MLA_MoE,MedNeXt_MLA,0.9549776081098258,0.9554108903089628,/home/PuMengYu/8T/nnUNet_result/results_v2_moe_retrain_after_fix_20260907/Dataset003_Liver/nnUNetTrainer_MedNeXt_MLA_MoE__nnUNetPlans__3d_fullres/fold_0/checkpoint_best.pth,/home/PuMengYu/nnUNet_workspace/results_v2/Dataset003_Liver/nnUNetTrainer_MedNeXt_MLA__nnUNetPlans__3d_fullres/fold_0/checkpoint_best.pth,MedNeXt_MLA_MoE,MedNeXt_MLA,liver_dice,0.9549776081098258,0.9554108903089628,-0.000433282199136964
IRCADb,ircadb_018,MedNeXt_MLA_MoE vs MedNeXt_MLA,MedNeXt_MLA_MoE,MedNeXt_MLA,0.8978688882676094,0.9520514317728768,/home/PuMengYu/8T/nnUNet_result/results_v2_moe_retrain_after_fix_20260907/Dataset003_Liver/nnUNetTrainer_MedNeXt_MLA_MoE__nnUNetPlans__3d_fullres/fold_0/checkpoint_best.pth,/home/PuMengYu/nnUNet_workspace/results_v2/Dataset003_Liver/nnUNetTrainer_MedNeXt_MLA__nnUNetPlans__3d_fullres/fold_0/checkpoint_best.pth,MedNeXt_MLA_MoE,MedNeXt_MLA,liver_dice,0.8978688882676094,0.9520514317728768,-0.05418254350526741
IRCADb,ircadb_019,MedNeXt_MLA_MoE vs MedNeXt_MLA,MedNeXt_MLA_MoE,MedNeXt_MLA,0.9586922719803096,0.9550467017092064,/home/PuMengYu/8T/nnUNet_result/results_v2_moe_retrain_after_fix_20260907/Dataset003_Liver/nnUNetTrainer_MedNeXt_MLA_MoE__nnUNetPlans__3d_fullres/fold_0/checkpoint_best.pth,/home/PuMengYu/nnUNet_workspace/results_v2/Dataset003_Liver/nnUNetTrainer_MedNeXt_MLA__nnUNetPlans__3d_fullres/fold_0/checkpoint_best.pth,MedNeXt_MLA_MoE,MedNeXt_MLA,liver_dice,0.9586922719803096,0.9550467017092064,0.003645570271103238
IRCADb,ircadb_020,MedNeXt_MLA_MoE vs MedNeXt_MLA,MedNeXt_MLA_MoE,MedNeXt_MLA,0.9696497196611421,0.9743195476203977,/home/PuMengYu/8T/nnUNet_result/results_v2_moe_retrain_after_fix_20260907/Dataset003_Liver/nnUNetTrainer_MedNeXt_MLA_MoE__nnUNetPlans__3d_fullres/fold_0/checkpoint_best.pth,/home/PuMengYu/nnUNet_workspace/results_v2/Dataset003_Liver/nnUNetTrainer_MedNeXt_MLA__nnUNetPlans__3d_fullres/fold_0/checkpoint_best.pth,MedNeXt_MLA_MoE,MedNeXt_MLA,liver_dice,0.9696497196611421,0.9743195476203977,-0.004669827959255635
HCC,HCC_003,MedNeXt_MLA_MoE vs MedNeXt,MedNeXt_MLA_MoE,MedNeXt,0.0,0.0,/home/PuMengYu/8T/nnUNet_result/results_v2_moe_retrain_after_fix_20260907/Dataset003_Liver/nnUNetTrainer_MedNeXt_MLA_MoE__nnUNetPlans__3d_fullres/fold_0/checkpoint_best.pth,/home/PuMengYu/nnUNet_workspace/results_v2/Dataset003_Liver/nnUNetTrainer_MedNeXt__nnUNetPlans__3d_fullres/fold_0/checkpoint_best.pth,MedNeXt_MLA_MoE,MedNeXt,tumor_dice,0.0,0.0,0.0
HCC,HCC_011,MedNeXt_MLA_MoE vs MedNeXt,MedNeXt_MLA_MoE,MedNeXt,0.37727102501037457,0.1516059755032686,/home/PuMengYu/8T/nnUNet_result/results_v2_moe_retrain_after_fix_20260907/Dataset003_Liver/nnUNetTrainer_MedNeXt_MLA_MoE__nnUNetPlans__3d_fullres/fold_0/checkpoint_best.pth,/home/PuMengYu/nnUNet_workspace/results_v2/Dataset003_Liver/nnUNetTrainer_MedNeXt__nnUNetPlans__3d_fullres/fold_0/checkpoint_best.pth,MedNeXt_MLA_MoE,MedNeXt,tumor_dice,0.37727102501037457,0.1516059755032686,0.22566504950710597
HCC,HCC_020,MedNeXt_MLA_MoE vs MedNeXt,MedNeXt_MLA_MoE,MedNeXt,0.07555385379715392,0.05961871750433276,/home/PuMengYu/8T/nnUNet_result/results_v2_moe_retrain_after_fix_20260907/Dataset003_Liver/nnUNetTrainer_MedNeXt_MLA_MoE__nnUNetPlans__3d_fullres/fold_0/checkpoint_best.pth,/home/PuMengYu/nnUNet_workspace/results_v2/Dataset003_Liver/nnUNetTrainer_MedNeXt__nnUNetPlans__3d_fullres/fold_0/checkpoint_best.pth,MedNeXt_MLA_MoE,MedNeXt,tumor_dice,0.07555385379715392,0.05961871750433276,0.01593513629282116
HCC,HCC_021,MedNeXt_MLA_MoE vs MedNeXt,MedNeXt_MLA_MoE,MedNeXt,0.7847120129637432,0.7616648459849401,/home/PuMengYu/8T/nnUNet_result/results_v2_moe_retrain_after_fix_20260907/Dataset003_Liver/nnUNetTrainer_MedNeXt_MLA_MoE__nnUNetPlans__3d_fullres/fold_0/checkpoint_best.pth,/home/PuMengYu/nnUNet_workspace/results_v2/Dataset003_Liver/nnUNetTrainer_MedNeXt__nnUNetPlans__3d_fullres/fold_0/checkpoint_best.pth,MedNeXt_MLA_MoE,MedNeXt,tumor_dice,0.7847120129637432,0.7616648459849401,0.023047166978803046
HCC,HCC_025,MedNeXt_MLA_MoE vs MedNeXt,MedNeXt_MLA_MoE,MedNeXt,0.7829429001859814,0.5985960595617812,/home/PuMengYu/8T/nnUNet_result/results_v2_moe_retrain_after_fix_20260907/Dataset003_Liver/nnUNetTrainer_MedNeXt_MLA_MoE__nnUNetPlans__3d_fullres/fold_0/checkpoint_best.pth,/home/PuMengYu/nnUNet_workspace/results_v2/Dataset003_Liver/nnUNetTrainer_MedNeXt__nnUNetPlans__3d_fullres/fold_0/checkpoint_best.pth,MedNeXt_MLA_MoE,MedNeXt,tumor_dice,0.7829429001859814,0.5985960595617812,0.18434684062420026
HCC,HCC_026,MedNeXt_MLA_MoE vs MedNeXt,MedNeXt_MLA_MoE,MedNeXt,0.09044596626023049,0.018200728029121163,/home/PuMengYu/8T/nnUNet_result/results_v2_moe_retrain_after_fix_20260907/Dataset003_Liver/nnUNetTrainer_MedNeXt_MLA_MoE__nnUNetPlans__3d_fullres/fold_0/checkpoint_best.pth,/home/PuMengYu/nnUNet_workspace/results_v2/Dataset003_Liver/nnUNetTrainer_MedNeXt__nnUNetPlans__3d_fullres/fold_0/checkpoint_best.pth,MedNeXt_MLA_MoE,MedNeXt,tumor_dice,0.09044596626023049,0.018200728029121163,0.07224523823110933
HCC,HCC_028,MedNeXt_MLA_MoE vs MedNeXt,MedNeXt_MLA_MoE,MedNeXt,0.47762624274884924,0.4435600082344061,/home/PuMengYu/8T/nnUNet_result/results_v2_moe_retrain_after_fix_20260907/Dataset003_Liver/nnUNetTrainer_MedNeXt_MLA_MoE__nnUNetPlans__3d_fullres/fold_0/checkpoint_best.pth,/home/PuMengYu/nnUNet_workspace/results_v2/Dataset003_Liver/nnUNetTrainer_MedNeXt__nnUNetPlans__3d_fullres/fold_0/checkpoint_best.pth,MedNeXt_MLA_MoE,MedNeXt,tumor_dice,0.47762624274884924,0.4435600082344061,0.03406623451444313
HCC,HCC_047,MedNeXt_MLA_MoE vs MedNeXt,MedNeXt_MLA_MoE,MedNeXt,0.47056500424976605,0.22528941243431685,/home/PuMengYu/8T/nnUNet_result/results_v2_moe_retrain_after_fix_20260907/Dataset003_Liver/nnUNetTrainer_MedNeXt_MLA_MoE__nnUNetPlans__3d_fullres/fold_0/checkpoint_best.pth,/home/PuMengYu/nnUNet_workspace/results_v2/Dataset003_Liver/nnUNetTrainer_MedNeXt__nnUNetPlans__3d_fullres/fold_0/checkpoint_best.pth,MedNeXt_MLA_MoE,MedNeXt,tumor_dice,0.47056500424976605,0.22528941243431685,0.2452755918154492
HCC,HCC_052,MedNeXt_MLA_MoE vs MedNeXt,MedNeXt_MLA_MoE,MedNeXt,0.15157549619328434,0.12104703319957452,/home/PuMengYu/8T/nnUNet_result/results_v2_moe_retrain_after_fix_20260907/Dataset003_Liver/nnUNetTrainer_MedNeXt_MLA_MoE__nnUNetPlans__3d_fullres/fold_0/checkpoint_best.pth,/home/PuMengYu/nnUNet_workspace/results_v2/Dataset003_Liver/nnUNetTrainer_MedNeXt__nnUNetPlans__3d_fullres/fold_0/checkpoint_best.pth,MedNeXt_MLA_MoE,MedNeXt,tumor_dice,0.15157549619328434,0.12104703319957452,0.030528462993709815
HCC,HCC_055,MedNeXt_MLA_MoE vs MedNeXt,MedNeXt_MLA_MoE,MedNeXt,0.11126198083067093,0.03203943314849045,/home/PuMengYu/8T/nnUNet_result/results_v2_moe_retrain_after_fix_20260907/Dataset003_Liver/nnUNetTrainer_MedNeXt_MLA_MoE__nnUNetPlans__3d_fullres/fold_0/checkpoint_best.pth,/home/PuMengYu/nnUNet_workspace/results_v2/Dataset003_Liver/nnUNetTrainer_MedNeXt__nnUNetPlans__3d_fullres/fold_0/checkpoint_best.pth,MedNeXt_MLA_MoE,MedNeXt,tumor_dice,0.11126198083067093,0.03203943314849045,0.07922254768218048
HCC,HCC_058,MedNeXt_MLA_MoE vs MedNeXt,MedNeXt_MLA_MoE,MedNeXt,0.9298013607817862,0.8705035773328309,/home/PuMengYu/8T/nnUNet_result/results_v2_moe_retrain_after_fix_20260907/Dataset003_Liver/nnUNetTrainer_MedNeXt_MLA_MoE__nnUNetPlans__3d_fullres/fold_0/checkpoint_best.pth,/home/PuMengYu/nnUNet_workspace/results_v2/Dataset003_Liver/nnUNetTrainer_MedNeXt__nnUNetPlans__3d_fullres/fold_0/checkpoint_best.pth,MedNeXt_MLA_MoE,MedNeXt,tumor_dice,0.9298013607817862,0.8705035773328309,0.05929778344895531
HCC,HCC_059,MedNeXt_MLA_MoE vs MedNeXt,MedNeXt_MLA_MoE,MedNeXt,0.8819105379091773,0.8720815109094783,/home/PuMengYu/8T/nnUNet_result/results_v2_moe_retrain_after_fix_20260907/Dataset003_Liver/nnUNetTrainer_MedNeXt_MLA_MoE__nnUNetPlans__3d_fullres/fold_0/checkpoint_best.pth,/home/PuMengYu/nnUNet_workspace/results_v2/Dataset003_Liver/nnUNetTrainer_MedNeXt__nnUNetPlans__3d_fullres/fold_0/checkpoint_best.pth,MedNeXt_MLA_MoE,MedNeXt,tumor_dice,0.8819105379091773,0.8720815109094783,0.009829026999699009
HCC,HCC_060,MedNeXt_MLA_MoE vs MedNeXt,MedNeXt_MLA_MoE,MedNeXt,0.6294809688581315,0.819911670738583,/home/PuMengYu/8T/nnUNet_result/results_v2_moe_retrain_after_fix_20260907/Dataset003_Liver/nnUNetTrainer_MedNeXt_MLA_MoE__nnUNetPlans__3d_fullres/fold_0/checkpoint_best.pth,/home/PuMengYu/nnUNet_workspace/results_v2/Dataset003_Liver/nnUNetTrainer_MedNeXt__nnUNetPlans__3d_fullres/fold_0/checkpoint_best.pth,MedNeXt_MLA_MoE,MedNeXt,tumor_dice,0.6294809688581315,0.819911670738583,-0.19043070188045141
HCC,HCC_068,MedNeXt_MLA_MoE vs MedNeXt,MedNeXt_MLA_MoE,MedNeXt,0.0,0.0,/home/PuMengYu/8T/nnUNet_result/results_v2_moe_retrain_after_fix_20260907/Dataset003_Liver/nnUNetTrainer_MedNeXt_MLA_MoE__nnUNetPlans__3d_fullres/fold_0/checkpoint_best.pth,/home/PuMengYu/nnUNet_workspace/results_v2/Dataset003_Liver/nnUNetTrainer_MedNeXt__nnUNetPlans__3d_fullres/fold_0/checkpoint_best.pth,MedNeXt_MLA_MoE,MedNeXt,tumor_dice,0.0,0.0,0.0
HCC,HCC_071,MedNeXt_MLA_MoE vs MedNeXt,MedNeXt_MLA_MoE,MedNeXt,0.4027627886898338,0.47420475808607326,/home/PuMengYu/8T/nnUNet_result/results_v2_moe_retrain_after_fix_20260907/Dataset003_Liver/nnUNetTrainer_MedNeXt_MLA_MoE__nnUNetPlans__3d_fullres/fold_0/checkpoint_best.pth,/home/PuMengYu/nnUNet_workspace/results_v2/Dataset003_Liver/nnUNetTrainer_MedNeXt__nnUNetPlans__3d_fullres/fold_0/checkpoint_best.pth,MedNeXt_MLA_MoE,MedNeXt,tumor_dice,0.4027627886898338,0.47420475808607326,-0.07144196939623948
HCC,HCC_078,MedNeXt_MLA_MoE vs MedNeXt,MedNeXt_MLA_MoE,MedNeXt,0.0,0.0,/home/PuMengYu/8T/nnUNet_result/results_v2_moe_retrain_after_fix_20260907/Dataset003_Liver/nnUNetTrainer_MedNeXt_MLA_MoE__nnUNetPlans__3d_fullres/fold_0/checkpoint_best.pth,/home/PuMengYu/nnUNet_workspace/results_v2/Dataset003_Liver/nnUNetTrainer_MedNeXt__nnUNetPlans__3d_fullres/fold_0/checkpoint_best.pth,MedNeXt_MLA_MoE,MedNeXt,tumor_dice,0.0,0.0,0.0
HCC,HCC_081,MedNeXt_MLA_MoE vs MedNeXt,MedNeXt_MLA_MoE,MedNeXt,0.7938143077539814,0.759255616319786,/home/PuMengYu/8T/nnUNet_result/results_v2_moe_retrain_after_fix_20260907/Dataset003_Liver/nnUNetTrainer_MedNeXt_MLA_MoE__nnUNetPlans__3d_fullres/fold_0/checkpoint_best.pth,/home/PuMengYu/nnUNet_workspace/results_v2/Dataset003_Liver/nnUNetTrainer_MedNeXt__nnUNetPlans__3d_fullres/fold_0/checkpoint_best.pth,MedNeXt_MLA_MoE,MedNeXt,tumor_dice,0.7938143077539814,0.759255616319786,0.03455869143419543
HCC,HCC_082,MedNeXt_MLA_MoE vs MedNeXt,MedNeXt_MLA_MoE,MedNeXt,0.0,0.0,/home/PuMengYu/8T/nnUNet_result/results_v2_moe_retrain_after_fix_20260907/Dataset003_Liver/nnUNetTrainer_MedNeXt_MLA_MoE__nnUNetPlans__3d_fullres/fold_0/checkpoint_best.pth,/home/PuMengYu/nnUNet_workspace/results_v2/Dataset003_Liver/nnUNetTrainer_MedNeXt__nnUNetPlans__3d_fullres/fold_0/checkpoint_best.pth,MedNeXt_MLA_MoE,MedNeXt,tumor_dice,0.0,0.0,0.0
HCC,HCC_083,MedNeXt_MLA_MoE vs MedNeXt,MedNeXt_MLA_MoE,MedNeXt,0.8124576050091312,0.806543019062339,/home/PuMengYu/8T/nnUNet_result/results_v2_moe_retrain_after_fix_20260907/Dataset003_Liver/nnUNetTrainer_MedNeXt_MLA_MoE__nnUNetPlans__3d_fullres/fold_0/checkpoint_best.pth,/home/PuMengYu/nnUNet_workspace/results_v2/Dataset003_Liver/nnUNetTrainer_MedNeXt__nnUNetPlans__3d_fullres/fold_0/checkpoint_best.pth,MedNeXt_MLA_MoE,MedNeXt,tumor_dice,0.8124576050091312,0.806543019062339,0.005914585946792172
HCC,HCC_093,MedNeXt_MLA_MoE vs MedNeXt,MedNeXt_MLA_MoE,MedNeXt,0.8722667041251112,0.9113936575471231,/home/PuMengYu/8T/nnUNet_result/results_v2_moe_retrain_after_fix_20260907/Dataset003_Liver/nnUNetTrainer_MedNeXt_MLA_MoE__nnUNetPlans__3d_fullres/fold_0/checkpoint_best.pth,/home/PuMengYu/nnUNet_workspace/results_v2/Dataset003_Liver/nnUNetTrainer_MedNeXt__nnUNetPlans__3d_fullres/fold_0/checkpoint_best.pth,MedNeXt_MLA_MoE,MedNeXt,tumor_dice,0.8722667041251112,0.9113936575471231,-0.03912695342201189
HCC,HCC_102,MedNeXt_MLA_MoE vs MedNeXt,MedNeXt_MLA_MoE,MedNeXt,0.8290235151676719,0.8411348267117498,/home/PuMengYu/8T/nnUNet_result/results_v2_moe_retrain_after_fix_20260907/Dataset003_Liver/nnUNetTrainer_MedNeXt_MLA_MoE__nnUNetPlans__3d_fullres/fold_0/checkpoint_best.pth,/home/PuMengYu/nnUNet_workspace/results_v2/Dataset003_Liver/nnUNetTrainer_MedNeXt__nnUNetPlans__3d_fullres/fold_0/checkpoint_best.pth,MedNeXt_MLA_MoE,MedNeXt,tumor_dice,0.8290235151676719,0.8411348267117498,-0.012111311544077852
HCC,HCC_003,MedNeXt_MLA_MoE vs MedNeXt,MedNeXt_MLA_MoE,MedNeXt,0.0,0.0,/home/PuMengYu/8T/nnUNet_result/results_v2_moe_retrain_after_fix_20260907/Dataset003_Liver/nnUNetTrainer_MedNeXt_MLA_MoE__nnUNetPlans__3d_fullres/fold_0/checkpoint_best.pth,/home/PuMengYu/nnUNet_workspace/results_v2/Dataset003_Liver/nnUNetTrainer_MedNeXt__nnUNetPlans__3d_fullres/fold_0/checkpoint_best.pth,MedNeXt_MLA_MoE,MedNeXt,tumor_recall,0.0,0.0,0.0
HCC,HCC_011,MedNeXt_MLA_MoE vs MedNeXt,MedNeXt_MLA_MoE,MedNeXt,0.23807820543937866,0.08206333593081336,/home/PuMengYu/8T/nnUNet_result/results_v2_moe_retrain_after_fix_20260907/Dataset003_Liver/nnUNetTrainer_MedNeXt_MLA_MoE__nnUNetPlans__3d_fullres/fold_0/checkpoint_best.pth,/home/PuMengYu/nnUNet_workspace/results_v2/Dataset003_Liver/nnUNetTrainer_MedNeXt__nnUNetPlans__3d_fullres/fold_0/checkpoint_best.pth,MedNeXt_MLA_MoE,MedNeXt,tumor_recall,0.23807820543937866,0.08206333593081336,0.1560148695085653
HCC,HCC_020,MedNeXt_MLA_MoE vs MedNeXt,MedNeXt_MLA_MoE,MedNeXt,0.06339411833427148,0.04658177299616598,/home/PuMengYu/8T/nnUNet_result/results_v2_moe_retrain_after_fix_20260907/Dataset003_Liver/nnUNetTrainer_MedNeXt_MLA_MoE__nnUNetPlans__3d_fullres/fold_0/checkpoint_best.pth,/home/PuMengYu/nnUNet_workspace/results_v2/Dataset003_Liver/nnUNetTrainer_MedNeXt__nnUNetPlans__3d_fullres/fold_0/checkpoint_best.pth,MedNeXt_MLA_MoE,MedNeXt,tumor_recall,0.06339411833427148,0.04658177299616598,0.016812345338105508
HCC,HCC_021,MedNeXt_MLA_MoE vs MedNeXt,MedNeXt_MLA_MoE,MedNeXt,0.6774724196737145,0.6292479739213112,/home/PuMengYu/8T/nnUNet_result/results_v2_moe_retrain_after_fix_20260907/Dataset003_Liver/nnUNetTrainer_MedNeXt_MLA_MoE__nnUNetPlans__3d_fullres/fold_0/checkpoint_best.pth,/home/PuMengYu/nnUNet_workspace/results_v2/Dataset003_Liver/nnUNetTrainer_MedNeXt__nnUNetPlans__3d_fullres/fold_0/checkpoint_best.pth,MedNeXt_MLA_MoE,MedNeXt,tumor_recall,0.6774724196737145,0.6292479739213112,0.048224445752403367
HCC,HCC_025,MedNeXt_MLA_MoE vs MedNeXt,MedNeXt_MLA_MoE,MedNeXt,0.6755432046189661,0.43164201870831986,/home/PuMengYu/8T/nnUNet_result/results_v2_moe_retrain_after_fix_20260907/Dataset003_Liver/nnUNetTrainer_MedNeXt_MLA_MoE__nnUNetPlans__3d_fullres/fold_0/checkpoint_best.pth,/home/PuMengYu/nnUNet_workspace/results_v2/Dataset003_Liver/nnUNetTrainer_MedNeXt__nnUNetPlans__3d_fullres/fold_0/checkpoint_best.pth,MedNeXt_MLA_MoE,MedNeXt,tumor_recall,0.6755432046189661,0.43164201870831986,0.24390118591064625
HCC,HCC_026,MedNeXt_MLA_MoE vs MedNeXt,MedNeXt_MLA_MoE,MedNeXt,0.04877279891916235,0.009457329430308489,/home/PuMengYu/8T/nnUNet_result/results_v2_moe_retrain_after_fix_20260907/Dataset003_Liver/nnUNetTrainer_MedNeXt_MLA_MoE__nnUNetPlans__3d_fullres/fold_0/checkpoint_best.pth,/home/PuMengYu/nnUNet_workspace/results_v2/Dataset003_Liver/nnUNetTrainer_MedNeXt__nnUNetPlans__3d_fullres/fold_0/checkpoint_best.pth,MedNeXt_MLA_MoE,MedNeXt,tumor_recall,0.04877279891916235,0.009457329430308489,0.03931546948885386
HCC,HCC_028,MedNeXt_MLA_MoE vs MedNeXt,MedNeXt_MLA_MoE,MedNeXt,0.3172322869547428,0.29386493305753186,/home/PuMengYu/8T/nnUNet_result/results_v2_moe_retrain_after_fix_20260907/Dataset003_Liver/nnUNetTrainer_MedNeXt_MLA_MoE__nnUNetPlans__3d_fullres/fold_0/checkpoint_best.pth,/home/PuMengYu/nnUNet_workspace/results_v2/Dataset003_Liver/nnUNetTrainer_MedNeXt__nnUNetPlans__3d_fullres/fold_0/checkpoint_best.pth,MedNeXt_MLA_MoE,MedNeXt,tumor_recall,0.3172322869547428,0.29386493305753186,0.023367353897210952
HCC,HCC_047,MedNeXt_MLA_MoE vs MedNeXt,MedNeXt_MLA_MoE,MedNeXt,0.31489865330698164,0.12734981844923474,/home/PuMengYu/8T/nnUNet_result/results_v2_moe_retrain_after_fix_20260907/Dataset003_Liver/nnUNetTrainer_MedNeXt_MLA_MoE__nnUNetPlans__3d_fullres/fold_0/checkpoint_best.pth,/home/PuMengYu/nnUNet_workspace/results_v2/Dataset003_Liver/nnUNetTrainer_MedNeXt__nnUNetPlans__3d_fullres/fold_0/checkpoint_best.pth,MedNeXt_MLA_MoE,MedNeXt,tumor_recall,0.31489865330698164,0.12734981844923474,0.1875488348577469
HCC,HCC_052,MedNeXt_MLA_MoE vs MedNeXt,MedNeXt_MLA_MoE,MedNeXt,0.08288063912601443,0.064694664525017,/home/PuMengYu/8T/nnUNet_result/results_v2_moe_retrain_after_fix_20260907/Dataset003_Liver/nnUNetTrainer_MedNeXt_MLA_MoE__nnUNetPlans__3d_fullres/fold_0/checkpoint_best.pth,/home/PuMengYu/nnUNet_workspace/results_v2/Dataset003_Liver/nnUNetTrainer_MedNeXt__nnUNetPlans__3d_fullres/fold_0/checkpoint_best.pth,MedNeXt_MLA_MoE,MedNeXt,tumor_recall,0.08288063912601443,0.064694664525017,0.018185974600997426
HCC,HCC_055,MedNeXt_MLA_MoE vs MedNeXt,MedNeXt_MLA_MoE,MedNeXt,0.059022922757510275,0.08372526587856446,/home/PuMengYu/8T/nnUNet_result/results_v2_moe_retrain_after_fix_20260907/Dataset003_Liver/nnUNetTrainer_MedNeXt_MLA_MoE__nnUNetPlans__3d_fullres/fold_0/checkpoint_best.pth,/home/PuMengYu/nnUNet_workspace/results_v2/Dataset003_Liver/nnUNetTrainer_MedNeXt__nnUNetPlans__3d_fullres/fold_0/checkpoint_best.pth,MedNeXt_MLA_MoE,MedNeXt,tumor_recall,0.059022922757510275,0.08372526587856446,-0.02470234312105419
HCC,HCC_058,MedNeXt_MLA_MoE vs MedNeXt,MedNeXt_MLA_MoE,MedNeXt,0.8969905056340285,0.7839466109126582,/home/PuMengYu/8T/nnUNet_result/results_v2_moe_retrain_after_fix_20260907/Dataset003_Liver/nnUNetTrainer_MedNeXt_MLA_MoE__nnUNetPlans__3d_fullres/fold_0/checkpoint_best.pth,/home/PuMengYu/nnUNet_workspace/results_v2/Dataset003_Liver/nnUNetTrainer_MedNeXt__nnUNetPlans__3d_fullres/fold_0/checkpoint_best.pth,MedNeXt_MLA_MoE,MedNeXt,tumor_recall,0.8969905056340285,0.7839466109126582,0.11304389472137033
HCC,HCC_059,MedNeXt_MLA_MoE vs MedNeXt,MedNeXt_MLA_MoE,MedNeXt,0.8066383869964107,0.7920761274558161,/home/PuMengYu/8T/nnUNet_result/results_v2_moe_retrain_after_fix_20260907/Dataset003_Liver/nnUNetTrainer_MedNeXt_MLA_MoE__nnUNetPlans__3d_fullres/fold_0/checkpoint_best.pth,/home/PuMengYu/nnUNet_workspace/results_v2/Dataset003_Liver/nnUNetTrainer_MedNeXt__nnUNetPlans__3d_fullres/fold_0/checkpoint_best.pth,MedNeXt_MLA_MoE,MedNeXt,tumor_recall,0.8066383869964107,0.7920761274558161,0.014562259540594535
HCC,HCC_060,MedNeXt_MLA_MoE vs MedNeXt,MedNeXt_MLA_MoE,MedNeXt,0.46283481234226165,0.710372058943255,/home/PuMengYu/8T/nnUNet_result/results_v2_moe_retrain_after_fix_20260907/Dataset003_Liver/nnUNetTrainer_MedNeXt_MLA_MoE__nnUNetPlans__3d_fullres/fold_0/checkpoint_best.pth,/home/PuMengYu/nnUNet_workspace/results_v2/Dataset003_Liver/nnUNetTrainer_MedNeXt__nnUNetPlans__3d_fullres/fold_0/checkpoint_best.pth,MedNeXt_MLA_MoE,MedNeXt,tumor_recall,0.46283481234226165,0.710372058943255,-0.2475372466009933
HCC,HCC_068,MedNeXt_MLA_MoE vs MedNeXt,MedNeXt_MLA_MoE,MedNeXt,0.0,0.0,/home/PuMengYu/8T/nnUNet_result/results_v2_moe_retrain_after_fix_20260907/Dataset003_Liver/nnUNetTrainer_MedNeXt_MLA_MoE__nnUNetPlans__3d_fullres/fold_0/checkpoint_best.pth,/home/PuMengYu/nnUNet_workspace/results_v2/Dataset003_Liver/nnUNetTrainer_MedNeXt__nnUNetPlans__3d_fullres/fold_0/checkpoint_best.pth,MedNeXt_MLA_MoE,MedNeXt,tumor_recall,0.0,0.0,0.0
HCC,HCC_071,MedNeXt_MLA_MoE vs MedNeXt,MedNeXt_MLA_MoE,MedNeXt,0.45612319726228306,0.4336348081153752,/home/PuMengYu/8T/nnUNet_result/results_v2_moe_retrain_after_fix_20260907/Dataset003_Liver/nnUNetTrainer_MedNeXt_MLA_MoE__nnUNetPlans__3d_fullres/fold_0/checkpoint_best.pth,/home/PuMengYu/nnUNet_workspace/results_v2/Dataset003_Liver/nnUNetTrainer_MedNeXt__nnUNetPlans__3d_fullres/fold_0/checkpoint_best.pth,MedNeXt_MLA_MoE,MedNeXt,tumor_recall,0.45612319726228306,0.4336348081153752,0.022488389146907872
HCC,HCC_078,MedNeXt_MLA_MoE vs MedNeXt,MedNeXt_MLA_MoE,MedNeXt,0.0,0.0,/home/PuMengYu/8T/nnUNet_result/results_v2_moe_retrain_after_fix_20260907/Dataset003_Liver/nnUNetTrainer_MedNeXt_MLA_MoE__nnUNetPlans__3d_fullres/fold_0/checkpoint_best.pth,/home/PuMengYu/nnUNet_workspace/results_v2/Dataset003_Liver/nnUNetTrainer_MedNeXt__nnUNetPlans__3d_fullres/fold_0/checkpoint_best.pth,MedNeXt_MLA_MoE,MedNeXt,tumor_recall,0.0,0.0,0.0
HCC,HCC_081,MedNeXt_MLA_MoE vs MedNeXt,MedNeXt_MLA_MoE,MedNeXt,0.7798782670963122,0.6909416398138203,/home/PuMengYu/8T/nnUNet_result/results_v2_moe_retrain_after_fix_20260907/Dataset003_Liver/nnUNetTrainer_MedNeXt_MLA_MoE__nnUNetPlans__3d_fullres/fold_0/checkpoint_best.pth,/home/PuMengYu/nnUNet_workspace/results_v2/Dataset003_Liver/nnUNetTrainer_MedNeXt__nnUNetPlans__3d_fullres/fold_0/checkpoint_best.pth,MedNeXt_MLA_MoE,MedNeXt,tumor_recall,0.7798782670963122,0.6909416398138203,0.08893662728249196
HCC,HCC_082,MedNeXt_MLA_MoE vs MedNeXt,MedNeXt_MLA_MoE,MedNeXt,0.0,0.0,/home/PuMengYu/8T/nnUNet_result/results_v2_moe_retrain_after_fix_20260907/Dataset003_Liver/nnUNetTrainer_MedNeXt_MLA_MoE__nnUNetPlans__3d_fullres/fold_0/checkpoint_best.pth,/home/PuMengYu/nnUNet_workspace/results_v2/Dataset003_Liver/nnUNetTrainer_MedNeXt__nnUNetPlans__3d_fullres/fold_0/checkpoint_best.pth,MedNeXt_MLA_MoE,MedNeXt,tumor_recall,0.0,0.0,0.0
HCC,HCC_083,MedNeXt_MLA_MoE vs MedNeXt,MedNeXt_MLA_MoE,MedNeXt,0.7504699248120301,0.7168040293040293,/home/PuMengYu/8T/nnUNet_result/results_v2_moe_retrain_after_fix_20260907/Dataset003_Liver/nnUNetTrainer_MedNeXt_MLA_MoE__nnUNetPlans__3d_fullres/fold_0/checkpoint_best.pth,/home/PuMengYu/nnUNet_workspace/results_v2/Dataset003_Liver/nnUNetTrainer_MedNeXt__nnUNetPlans__3d_fullres/fold_0/checkpoint_best.pth,MedNeXt_MLA_MoE,MedNeXt,tumor_recall,0.7504699248120301,0.7168040293040293,0.03366589550800081
HCC,HCC_093,MedNeXt_MLA_MoE vs MedNeXt,MedNeXt_MLA_MoE,MedNeXt,0.9026552960558194,0.8926252543851149,/home/PuMengYu/8T/nnUNet_result/results_v2_moe_retrain_after_fix_20260907/Dataset003_Liver/nnUNetTrainer_MedNeXt_MLA_MoE__nnUNetPlans__3d_fullres/fold_0/checkpoint_best.pth,/home/PuMengYu/nnUNet_workspace/results_v2/Dataset003_Liver/nnUNetTrainer_MedNeXt__nnUNetPlans__3d_fullres/fold_0/checkpoint_best.pth,MedNeXt_MLA_MoE,MedNeXt,tumor_recall,0.9026552960558194,0.8926252543851149,0.010030041670704537
HCC,HCC_102,MedNeXt_MLA_MoE vs MedNeXt,MedNeXt_MLA_MoE,MedNeXt,0.7635399189753242,0.732951057822155,/home/PuMengYu/8T/nnUNet_result/results_v2_moe_retrain_after_fix_20260907/Dataset003_Liver/nnUNetTrainer_MedNeXt_MLA_MoE__nnUNetPlans__3d_fullres/fold_0/checkpoint_best.pth,/home/PuMengYu/nnUNet_workspace/results_v2/Dataset003_Liver/nnUNetTrainer_MedNeXt__nnUNetPlans__3d_fullres/fold_0/checkpoint_best.pth,MedNeXt_MLA_MoE,MedNeXt,tumor_recall,0.7635399189753242,0.732951057822155,0.030588861153169278
HCC,HCC_003,MedNeXt_MLA_MoE vs MedNeXt,MedNeXt_MLA_MoE,MedNeXt,0.0,0.0,/home/PuMengYu/8T/nnUNet_result/results_v2_moe_retrain_after_fix_20260907/Dataset003_Liver/nnUNetTrainer_MedNeXt_MLA_MoE__nnUNetPlans__3d_fullres/fold_0/checkpoint_best.pth,/home/PuMengYu/nnUNet_workspace/results_v2/Dataset003_Liver/nnUNetTrainer_MedNeXt__nnUNetPlans__3d_fullres/fold_0/checkpoint_best.pth,MedNeXt_MLA_MoE,MedNeXt,tumor_precision,0.0,0.0,0.0
HCC,HCC_011,MedNeXt_MLA_MoE vs MedNeXt,MedNeXt_MLA_MoE,MedNeXt,0.9083243980894824,0.9936581593194123,/home/PuMengYu/8T/nnUNet_result/results_v2_moe_retrain_after_fix_20260907/Dataset003_Liver/nnUNetTrainer_MedNeXt_MLA_MoE__nnUNetPlans__3d_fullres/fold_0/checkpoint_best.pth,/home/PuMengYu/nnUNet_workspace/results_v2/Dataset003_Liver/nnUNetTrainer_MedNeXt__nnUNetPlans__3d_fullres/fold_0/checkpoint_best.pth,MedNeXt_MLA_MoE,MedNeXt,tumor_precision,0.9083243980894824,0.9936581593194123,-0.08533376122992986
HCC,HCC_020,MedNeXt_MLA_MoE vs MedNeXt,MedNeXt_MLA_MoE,MedNeXt,0.09348546190651454,0.08278908226056099,/home/PuMengYu/8T/nnUNet_result/results_v2_moe_retrain_after_fix_20260907/Dataset003_Liver/nnUNetTrainer_MedNeXt_MLA_MoE__nnUNetPlans__3d_fullres/fold_0/checkpoint_best.pth,/home/PuMengYu/nnUNet_workspace/results_v2/Dataset003_Liver/nnUNetTrainer_MedNeXt__nnUNetPlans__3d_fullres/fold_0/checkpoint_best.pth,MedNeXt_MLA_MoE,MedNeXt,tumor_precision,0.09348546190651454,0.08278908226056099,0.010696379645953547
HCC,HCC_021,MedNeXt_MLA_MoE vs MedNeXt,MedNeXt_MLA_MoE,MedNeXt,0.9322871668771183,0.9646659787422088,/home/PuMengYu/8T/nnUNet_result/results_v2_moe_retrain_after_fix_20260907/Dataset003_Liver/nnUNetTrainer_MedNeXt_MLA_MoE__nnUNetPlans__3d_fullres/fold_0/checkpoint_best.pth,/home/PuMengYu/nnUNet_workspace/results_v2/Dataset003_Liver/nnUNetTrainer_MedNeXt__nnUNetPlans__3d_fullres/fold_0/checkpoint_best.pth,MedNeXt_MLA_MoE,MedNeXt,tumor_precision,0.9322871668771183,0.9646659787422088,-0.03237881186509051
HCC,HCC_025,MedNeXt_MLA_MoE vs MedNeXt,MedNeXt_MLA_MoE,MedNeXt,0.9309474585178122,0.9761652706485029,/home/PuMengYu/8T/nnUNet_result/results_v2_moe_retrain_after_fix_20260907/Dataset003_Liver/nnUNetTrainer_MedNeXt_MLA_MoE__nnUNetPlans__3d_fullres/fold_0/checkpoint_best.pth,/home/PuMengYu/nnUNet_workspace/results_v2/Dataset003_Liver/nnUNetTrainer_MedNeXt__nnUNetPlans__3d_fullres/fold_0/checkpoint_best.pth,MedNeXt_MLA_MoE,MedNeXt,tumor_precision,0.9309474585178122,0.9761652706485029,-0.04521781213069065
HCC,HCC_026,MedNeXt_MLA_MoE vs MedNeXt,MedNeXt_MLA_MoE,MedNeXt,0.621342512908778,0.24110218140068887,/home/PuMengYu/8T/nnUNet_result/results_v2_moe_retrain_after_fix_20260907/Dataset003_Liver/nnUNetTrainer_MedNeXt_MLA_MoE__nnUNetPlans__3d_fullres/fold_0/checkpoint_best.pth,/home/PuMengYu/nnUNet_workspace/results_v2/Dataset003_Liver/nnUNetTrainer_MedNeXt__nnUNetPlans__3d_fullres/fold_0/checkpoint_best.pth,MedNeXt_MLA_MoE,MedNeXt,tumor_precision,0.621342512908778,0.24110218140068887,0.3802403315080891
HCC,HCC_028,MedNeXt_MLA_MoE vs MedNeXt,MedNeXt_MLA_MoE,MedNeXt,0.9660805759379759,0.9041191691726694,/home/PuMengYu/8T/nnUNet_result/results_v2_moe_retrain_after_fix_20260907/Dataset003_Liver/nnUNetTrainer_MedNeXt_MLA_MoE__nnUNetPlans__3d_fullres/fold_0/checkpoint_best.pth,/home/PuMengYu/nnUNet_workspace/results_v2/Dataset003_Liver/nnUNetTrainer_MedNeXt__nnUNetPlans__3d_fullres/fold_0/checkpoint_best.pth,MedNeXt_MLA_MoE,MedNeXt,tumor_precision,0.9660805759379759,0.9041191691726694,0.06196140676530648
HCC,HCC_047,MedNeXt_MLA_MoE vs MedNeXt,MedNeXt_MLA_MoE,MedNeXt,0.9305918706917043,0.9755303230349441,/home/PuMengYu/8T/nnUNet_result/results_v2_moe_retrain_after_fix_20260907/Dataset003_Liver/nnUNetTrainer_MedNeXt_MLA_MoE__nnUNetPlans__3d_fullres/fold_0/checkpoint_best.pth,/home/PuMengYu/nnUNet_workspace/results_v2/Dataset003_Liver/nnUNetTrainer_MedNeXt__nnUNetPlans__3d_fullres/fold_0/checkpoint_best.pth,MedNeXt_MLA_MoE,MedNeXt,tumor_precision,0.9305918706917043,0.9755303230349441,-0.04493845234323979
HCC,HCC_052,MedNeXt_MLA_MoE vs MedNeXt,MedNeXt_MLA_MoE,MedNeXt,0.8855820530950698,0.9387220670391061,/home/PuMengYu/8T/nnUNet_result/results_v2_moe_retrain_after_fix_20260907/Dataset003_Liver/nnUNetTrainer_MedNeXt_MLA_MoE__nnUNetPlans__3d_fullres/fold_0/checkpoint_best.pth,/home/PuMengYu/nnUNet_workspace/results_v2/Dataset003_Liver/nnUNetTrainer_MedNeXt__nnUNetPlans__3d_fullres/fold_0/checkpoint_best.pth,MedNeXt_MLA_MoE,MedNeXt,tumor_precision,0.8855820530950698,0.9387220670391061,-0.053140013944036335
HCC,HCC_055,MedNeXt_MLA_MoE vs MedNeXt,MedNeXt_MLA_MoE,MedNeXt,0.9680333564975677,0.019810119602594566,/home/PuMengYu/8T/nnUNet_result/results_v2_moe_retrain_after_fix_20260907/Dataset003_Liver/nnUNetTrainer_MedNeXt_MLA_MoE__nnUNetPlans__3d_fullres/fold_0/checkpoint_best.pth,/home/PuMengYu/nnUNet_workspace/results_v2/Dataset003_Liver/nnUNetTrainer_MedNeXt__nnUNetPlans__3d_fullres/fold_0/checkpoint_best.pth,MedNeXt_MLA_MoE,MedNeXt,tumor_precision,0.9680333564975677,0.019810119602594566,0.9482232368949731
HCC,HCC_058,MedNeXt_MLA_MoE vs MedNeXt,MedNeXt_MLA_MoE,MedNeXt,0.9651037168921536,0.9785466914038342,/home/PuMengYu/8T/nnUNet_result/results_v2_moe_retrain_after_fix_20260907/Dataset003_Liver/nnUNetTrainer_MedNeXt_MLA_MoE__nnUNetPlans__3d_fullres/fold_0/checkpoint_best.pth,/home/PuMengYu/nnUNet_workspace/results_v2/Dataset003_Liver/nnUNetTrainer_MedNeXt__nnUNetPlans__3d_fullres/fold_0/checkpoint_best.pth,MedNeXt_MLA_MoE,MedNeXt,tumor_precision,0.9651037168921536,0.9785466914038342,-0.013442974511680639
HCC,HCC_059,MedNeXt_MLA_MoE vs MedNeXt,MedNeXt_MLA_MoE,MedNeXt,0.972676695582153,0.9700650557620818,/home/PuMengYu/8T/nnUNet_result/results_v2_moe_retrain_after_fix_20260907/Dataset003_Liver/nnUNetTrainer_MedNeXt_MLA_MoE__nnUNetPlans__3d_fullres/fold_0/checkpoint_best.pth,/home/PuMengYu/nnUNet_workspace/results_v2/Dataset003_Liver/nnUNetTrainer_MedNeXt__nnUNetPlans__3d_fullres/fold_0/checkpoint_best.pth,MedNeXt_MLA_MoE,MedNeXt,tumor_precision,0.972676695582153,0.9700650557620818,0.0026116398200711766
HCC,HCC_060,MedNeXt_MLA_MoE vs MedNeXt,MedNeXt_MLA_MoE,MedNeXt,0.983649104593823,0.9693922897455838,/home/PuMengYu/8T/nnUNet_result/results_v2_moe_retrain_after_fix_20260907/Dataset003_Liver/nnUNetTrainer_MedNeXt_MLA_MoE__nnUNetPlans__3d_fullres/fold_0/checkpoint_best.pth,/home/PuMengYu/nnUNet_workspace/results_v2/Dataset003_Liver/nnUNetTrainer_MedNeXt__nnUNetPlans__3d_fullres/fold_0/checkpoint_best.pth,MedNeXt_MLA_MoE,MedNeXt,tumor_precision,0.983649104593823,0.9693922897455838,0.014256814848239263
HCC,HCC_068,MedNeXt_MLA_MoE vs MedNeXt,MedNeXt_MLA_MoE,MedNeXt,0.0,0.0,/home/PuMengYu/8T/nnUNet_result/results_v2_moe_retrain_after_fix_20260907/Dataset003_Liver/nnUNetTrainer_MedNeXt_MLA_MoE__nnUNetPlans__3d_fullres/fold_0/checkpoint_best.pth,/home/PuMengYu/nnUNet_workspace/results_v2/Dataset003_Liver/nnUNetTrainer_MedNeXt__nnUNetPlans__3d_fullres/fold_0/checkpoint_best.pth,MedNeXt_MLA_MoE,MedNeXt,tumor_precision,0.0,0.0,0.0
HCC,HCC_071,MedNeXt_MLA_MoE vs MedNeXt,MedNeXt_MLA_MoE,MedNeXt,0.3605797101449275,0.5231495134178709,/home/PuMengYu/8T/nnUNet_result/results_v2_moe_retrain_after_fix_20260907/Dataset003_Liver/nnUNetTrainer_MedNeXt_MLA_MoE__nnUNetPlans__3d_fullres/fold_0/checkpoint_best.pth,/home/PuMengYu/nnUNet_workspace/results_v2/Dataset003_Liver/nnUNetTrainer_MedNeXt__nnUNetPlans__3d_fullres/fold_0/checkpoint_best.pth,MedNeXt_MLA_MoE,MedNeXt,tumor_precision,0.3605797101449275,0.5231495134178709,-0.16256980327294335
HCC,HCC_078,MedNeXt_MLA_MoE vs MedNeXt,MedNeXt_MLA_MoE,MedNeXt,0.0,0.0,/home/PuMengYu/8T/nnUNet_result/results_v2_moe_retrain_after_fix_20260907/Dataset003_Liver/nnUNetTrainer_MedNeXt_MLA_MoE__nnUNetPlans__3d_fullres/fold_0/checkpoint_best.pth,/home/PuMengYu/nnUNet_workspace/results_v2/Dataset003_Liver/nnUNetTrainer_MedNeXt__nnUNetPlans__3d_fullres/fold_0/checkpoint_best.pth,MedNeXt_MLA_MoE,MedNeXt,tumor_precision,0.0,0.0,0.0
HCC,HCC_081,MedNeXt_MLA_MoE vs MedNeXt,MedNeXt_MLA_MoE,MedNeXt,0.8082574708094201,0.8425602514844569,/home/PuMengYu/8T/nnUNet_result/results_v2_moe_retrain_after_fix_20260907/Dataset003_Liver/nnUNetTrainer_MedNeXt_MLA_MoE__nnUNetPlans__3d_fullres/fold_0/checkpoint_best.pth,/home/PuMengYu/nnUNet_workspace/results_v2/Dataset003_Liver/nnUNetTrainer_MedNeXt__nnUNetPlans__3d_fullres/fold_0/checkpoint_best.pth,MedNeXt_MLA_MoE,MedNeXt,tumor_precision,0.8082574708094201,0.8425602514844569,-0.03430278067503678
HCC,HCC_082,MedNeXt_MLA_MoE vs MedNeXt,MedNeXt_MLA_MoE,MedNeXt,0.0,0.0,/home/PuMengYu/8T/nnUNet_result/results_v2_moe_retrain_after_fix_20260907/Dataset003_Liver/nnUNetTrainer_MedNeXt_MLA_MoE__nnUNetPlans__3d_fullres/fold_0/checkpoint_best.pth,/home/PuMengYu/nnUNet_workspace/results_v2/Dataset003_Liver/nnUNetTrainer_MedNeXt__nnUNetPlans__3d_fullres/fold_0/checkpoint_best.pth,MedNeXt_MLA_MoE,MedNeXt,tumor_precision,0.0,0.0,0.0
HCC,HCC_083,MedNeXt_MLA_MoE vs MedNeXt,MedNeXt_MLA_MoE,MedNeXt,0.8856074394266864,0.9219670200235571,/home/PuMengYu/8T/nnUNet_result/results_v2_moe_retrain_after_fix_20260907/Dataset003_Liver/nnUNetTrainer_MedNeXt_MLA_MoE__nnUNetPlans__3d_fullres/fold_0/checkpoint_best.pth,/home/PuMengYu/nnUNet_workspace/results_v2/Dataset003_Liver/nnUNetTrainer_MedNeXt__nnUNetPlans__3d_fullres/fold_0/checkpoint_best.pth,MedNeXt_MLA_MoE,MedNeXt,tumor_precision,0.8856074394266864,0.9219670200235571,-0.03635958059687072
HCC,HCC_093,MedNeXt_MLA_MoE vs MedNeXt,MedNeXt_MLA_MoE,MedNeXt,0.8438575828954521,0.9309682635940975,/home/PuMengYu/8T/nnUNet_result/results_v2_moe_retrain_after_fix_20260907/Dataset003_Liver/nnUNetTrainer_MedNeXt_MLA_MoE__nnUNetPlans__3d_fullres/fold_0/checkpoint_best.pth,/home/PuMengYu/nnUNet_workspace/results_v2/Dataset003_Liver/nnUNetTrainer_MedNeXt__nnUNetPlans__3d_fullres/fold_0/checkpoint_best.pth,MedNeXt_MLA_MoE,MedNeXt,tumor_precision,0.8438575828954521,0.9309682635940975,-0.08711068069864536
HCC,HCC_102,MedNeXt_MLA_MoE vs MedNeXt,MedNeXt_MLA_MoE,MedNeXt,0.906792943406313,0.9867844746845904,/home/PuMengYu/8T/nnUNet_result/results_v2_moe_retrain_after_fix_20260907/Dataset003_Liver/nnUNetTrainer_MedNeXt_MLA_MoE__nnUNetPlans__3d_fullres/fold_0/checkpoint_best.pth,/home/PuMengYu/nnUNet_workspace/results_v2/Dataset003_Liver/nnUNetTrainer_MedNeXt__nnUNetPlans__3d_fullres/fold_0/checkpoint_best.pth,MedNeXt_MLA_MoE,MedNeXt,tumor_precision,0.906792943406313,0.9867844746845904,-0.0799915312782774
HCC,HCC_003,MedNeXt_MLA_MoE vs MedNeXt,MedNeXt_MLA_MoE,MedNeXt,0.16782558250706817,0.17485398878415165,/home/PuMengYu/8T/nnUNet_result/results_v2_moe_retrain_after_fix_20260907/Dataset003_Liver/nnUNetTrainer_MedNeXt_MLA_MoE__nnUNetPlans__3d_fullres/fold_0/checkpoint_best.pth,/home/PuMengYu/nnUNet_workspace/results_v2/Dataset003_Liver/nnUNetTrainer_MedNeXt__nnUNetPlans__3d_fullres/fold_0/checkpoint_best.pth,MedNeXt_MLA_MoE,MedNeXt,liver_dice,0.16782558250706817,0.17485398878415165,-0.007028406277083482
HCC,HCC_011,MedNeXt_MLA_MoE vs MedNeXt,MedNeXt_MLA_MoE,MedNeXt,0.9374101708809388,0.9343389268130566,/home/PuMengYu/8T/nnUNet_result/results_v2_moe_retrain_after_fix_20260907/Dataset003_Liver/nnUNetTrainer_MedNeXt_MLA_MoE__nnUNetPlans__3d_fullres/fold_0/checkpoint_best.pth,/home/PuMengYu/nnUNet_workspace/results_v2/Dataset003_Liver/nnUNetTrainer_MedNeXt__nnUNetPlans__3d_fullres/fold_0/checkpoint_best.pth,MedNeXt_MLA_MoE,MedNeXt,liver_dice,0.9374101708809388,0.9343389268130566,0.003071244067882173
HCC,HCC_020,MedNeXt_MLA_MoE vs MedNeXt,MedNeXt_MLA_MoE,MedNeXt,0.753407395802824,0.8702990867947623,/home/PuMengYu/8T/nnUNet_result/results_v2_moe_retrain_after_fix_20260907/Dataset003_Liver/nnUNetTrainer_MedNeXt_MLA_MoE__nnUNetPlans__3d_fullres/fold_0/checkpoint_best.pth,/home/PuMengYu/nnUNet_workspace/results_v2/Dataset003_Liver/nnUNetTrainer_MedNeXt__nnUNetPlans__3d_fullres/fold_0/checkpoint_best.pth,MedNeXt_MLA_MoE,MedNeXt,liver_dice,0.753407395802824,0.8702990867947623,-0.1168916909919383
HCC,HCC_021,MedNeXt_MLA_MoE vs MedNeXt,MedNeXt_MLA_MoE,MedNeXt,0.825825262320295,0.8390519352006014,/home/PuMengYu/8T/nnUNet_result/results_v2_moe_retrain_after_fix_20260907/Dataset003_Liver/nnUNetTrainer_MedNeXt_MLA_MoE__nnUNetPlans__3d_fullres/fold_0/checkpoint_best.pth,/home/PuMengYu/nnUNet_workspace/results_v2/Dataset003_Liver/nnUNetTrainer_MedNeXt__nnUNetPlans__3d_fullres/fold_0/checkpoint_best.pth,MedNeXt_MLA_MoE,MedNeXt,liver_dice,0.825825262320295,0.8390519352006014,-0.013226672880306434
HCC,HCC_025,MedNeXt_MLA_MoE vs MedNeXt,MedNeXt_MLA_MoE,MedNeXt,0.8514030002081149,0.7791103044947876,/home/PuMengYu/8T/nnUNet_result/results_v2_moe_retrain_after_fix_20260907/Dataset003_Liver/nnUNetTrainer_MedNeXt_MLA_MoE__nnUNetPlans__3d_fullres/fold_0/checkpoint_best.pth,/home/PuMengYu/nnUNet_workspace/results_v2/Dataset003_Liver/nnUNetTrainer_MedNeXt__nnUNetPlans__3d_fullres/fold_0/checkpoint_best.pth,MedNeXt_MLA_MoE,MedNeXt,liver_dice,0.8514030002081149,0.7791103044947876,0.0722926957133273
HCC,HCC_026,MedNeXt_MLA_MoE vs MedNeXt,MedNeXt_MLA_MoE,MedNeXt,0.9104082132457576,0.9132162122165683,/home/PuMengYu/8T/nnUNet_result/results_v2_moe_retrain_after_fix_20260907/Dataset003_Liver/nnUNetTrainer_MedNeXt_MLA_MoE__nnUNetPlans__3d_fullres/fold_0/checkpoint_best.pth,/home/PuMengYu/nnUNet_workspace/results_v2/Dataset003_Liver/nnUNetTrainer_MedNeXt__nnUNetPlans__3d_fullres/fold_0/checkpoint_best.pth,MedNeXt_MLA_MoE,MedNeXt,liver_dice,0.9104082132457576,0.9132162122165683,-0.0028079989708107433
HCC,HCC_028,MedNeXt_MLA_MoE vs MedNeXt,MedNeXt_MLA_MoE,MedNeXt,0.8959522390013015,0.7425210177140427,/home/PuMengYu/8T/nnUNet_result/results_v2_moe_retrain_after_fix_20260907/Dataset003_Liver/nnUNetTrainer_MedNeXt_MLA_MoE__nnUNetPlans__3d_fullres/fold_0/checkpoint_best.pth,/home/PuMengYu/nnUNet_workspace/results_v2/Dataset003_Liver/nnUNetTrainer_MedNeXt__nnUNetPlans__3d_fullres/fold_0/checkpoint_best.pth,MedNeXt_MLA_MoE,MedNeXt,liver_dice,0.8959522390013015,0.7425210177140427,0.15343122128725883
HCC,HCC_047,MedNeXt_MLA_MoE vs MedNeXt,MedNeXt_MLA_MoE,MedNeXt,0.8820970192455969,0.924351940981279,/home/PuMengYu/8T/nnUNet_result/results_v2_moe_retrain_after_fix_20260907/Dataset003_Liver/nnUNetTrainer_MedNeXt_MLA_MoE__nnUNetPlans__3d_fullres/fold_0/checkpoint_best.pth,/home/PuMengYu/nnUNet_workspace/results_v2/Dataset003_Liver/nnUNetTrainer_MedNeXt__nnUNetPlans__3d_fullres/fold_0/checkpoint_best.pth,MedNeXt_MLA_MoE,MedNeXt,liver_dice,0.8820970192455969,0.924351940981279,-0.04225492173568213
HCC,HCC_052,MedNeXt_MLA_MoE vs MedNeXt,MedNeXt_MLA_MoE,MedNeXt,0.9020626895544797,0.817887199770733,/home/PuMengYu/8T/nnUNet_result/results_v2_moe_retrain_after_fix_20260907/Dataset003_Liver/nnUNetTrainer_MedNeXt_MLA_MoE__nnUNetPlans__3d_fullres/fold_0/checkpoint_best.pth,/home/PuMengYu/nnUNet_workspace/results_v2/Dataset003_Liver/nnUNetTrainer_MedNeXt__nnUNetPlans__3d_fullres/fold_0/checkpoint_best.pth,MedNeXt_MLA_MoE,MedNeXt,liver_dice,0.9020626895544797,0.817887199770733,0.08417548978374667
HCC,HCC_055,MedNeXt_MLA_MoE vs MedNeXt,MedNeXt_MLA_MoE,MedNeXt,0.9262143585615649,0.877423491749381,/home/PuMengYu/8T/nnUNet_result/results_v2_moe_retrain_after_fix_20260907/Dataset003_Liver/nnUNetTrainer_MedNeXt_MLA_MoE__nnUNetPlans__3d_fullres/fold_0/checkpoint_best.pth,/home/PuMengYu/nnUNet_workspace/results_v2/Dataset003_Liver/nnUNetTrainer_MedNeXt__nnUNetPlans__3d_fullres/fold_0/checkpoint_best.pth,MedNeXt_MLA_MoE,MedNeXt,liver_dice,0.9262143585615649,0.877423491749381,0.04879086681218392
HCC,HCC_058,MedNeXt_MLA_MoE vs MedNeXt,MedNeXt_MLA_MoE,MedNeXt,0.8829054842473746,0.8823831837776063,/home/PuMengYu/8T/nnUNet_result/results_v2_moe_retrain_after_fix_20260907/Dataset003_Liver/nnUNetTrainer_MedNeXt_MLA_MoE__nnUNetPlans__3d_fullres/fold_0/checkpoint_best.pth,/home/PuMengYu/nnUNet_workspace/results_v2/Dataset003_Liver/nnUNetTrainer_MedNeXt__nnUNetPlans__3d_fullres/fold_0/checkpoint_best.pth,MedNeXt_MLA_MoE,MedNeXt,liver_dice,0.8829054842473746,0.8823831837776063,0.0005223004697683109
HCC,HCC_059,MedNeXt_MLA_MoE vs MedNeXt,MedNeXt_MLA_MoE,MedNeXt,0.9342027577836262,0.9352126488301156,/home/PuMengYu/8T/nnUNet_result/results_v2_moe_retrain_after_fix_20260907/Dataset003_Liver/nnUNetTrainer_MedNeXt_MLA_MoE__nnUNetPlans__3d_fullres/fold_0/checkpoint_best.pth,/home/PuMengYu/nnUNet_workspace/results_v2/Dataset003_Liver/nnUNetTrainer_MedNeXt__nnUNetPlans__3d_fullres/fold_0/checkpoint_best.pth,MedNeXt_MLA_MoE,MedNeXt,liver_dice,0.9342027577836262,0.9352126488301156,-0.0010098910464894084
HCC,HCC_060,MedNeXt_MLA_MoE vs MedNeXt,MedNeXt_MLA_MoE,MedNeXt,0.8740221272207023,0.9398226925117429,/home/PuMengYu/8T/nnUNet_result/results_v2_moe_retrain_after_fix_20260907/Dataset003_Liver/nnUNetTrainer_MedNeXt_MLA_MoE__nnUNetPlans__3d_fullres/fold_0/checkpoint_best.pth,/home/PuMengYu/nnUNet_workspace/results_v2/Dataset003_Liver/nnUNetTrainer_MedNeXt__nnUNetPlans__3d_fullres/fold_0/checkpoint_best.pth,MedNeXt_MLA_MoE,MedNeXt,liver_dice,0.8740221272207023,0.9398226925117429,-0.06580056529104061
HCC,HCC_068,MedNeXt_MLA_MoE vs MedNeXt,MedNeXt_MLA_MoE,MedNeXt,0.4027817001344439,0.4128157872201328,/home/PuMengYu/8T/nnUNet_result/results_v2_moe_retrain_after_fix_20260907/Dataset003_Liver/nnUNetTrainer_MedNeXt_MLA_MoE__nnUNetPlans__3d_fullres/fold_0/checkpoint_best.pth,/home/PuMengYu/nnUNet_workspace/results_v2/Dataset003_Liver/nnUNetTrainer_MedNeXt__nnUNetPlans__3d_fullres/fold_0/checkpoint_best.pth,MedNeXt_MLA_MoE,MedNeXt,liver_dice,0.4027817001344439,0.4128157872201328,-0.01003408708568887
HCC,HCC_071,MedNeXt_MLA_MoE vs MedNeXt,MedNeXt_MLA_MoE,MedNeXt,0.9481254731575656,0.9608097281912186,/home/PuMengYu/8T/nnUNet_result/results_v2_moe_retrain_after_fix_20260907/Dataset003_Liver/nnUNetTrainer_MedNeXt_MLA_MoE__nnUNetPlans__3d_fullres/fold_0/checkpoint_best.pth,/home/PuMengYu/nnUNet_workspace/results_v2/Dataset003_Liver/nnUNetTrainer_MedNeXt__nnUNetPlans__3d_fullres/fold_0/checkpoint_best.pth,MedNeXt_MLA_MoE,MedNeXt,liver_dice,0.9481254731575656,0.9608097281912186,-0.012684255033653002
HCC,HCC_078,MedNeXt_MLA_MoE vs MedNeXt,MedNeXt_MLA_MoE,MedNeXt,0.9361271800808352,0.9324925503796361,/home/PuMengYu/8T/nnUNet_result/results_v2_moe_retrain_after_fix_20260907/Dataset003_Liver/nnUNetTrainer_MedNeXt_MLA_MoE__nnUNetPlans__3d_fullres/fold_0/checkpoint_best.pth,/home/PuMengYu/nnUNet_workspace/results_v2/Dataset003_Liver/nnUNetTrainer_MedNeXt__nnUNetPlans__3d_fullres/fold_0/checkpoint_best.pth,MedNeXt_MLA_MoE,MedNeXt,liver_dice,0.9361271800808352,0.9324925503796361,0.003634629701199099
HCC,HCC_081,MedNeXt_MLA_MoE vs MedNeXt,MedNeXt_MLA_MoE,MedNeXt,0.952891697535156,0.9577157901404223,/home/PuMengYu/8T/nnUNet_result/results_v2_moe_retrain_after_fix_20260907/Dataset003_Liver/nnUNetTrainer_MedNeXt_MLA_MoE__nnUNetPlans__3d_fullres/fold_0/checkpoint_best.pth,/home/PuMengYu/nnUNet_workspace/results_v2/Dataset003_Liver/nnUNetTrainer_MedNeXt__nnUNetPlans__3d_fullres/fold_0/checkpoint_best.pth,MedNeXt_MLA_MoE,MedNeXt,liver_dice,0.952891697535156,0.9577157901404223,-0.004824092605266284
HCC,HCC_082,MedNeXt_MLA_MoE vs MedNeXt,MedNeXt_MLA_MoE,MedNeXt,0.9166426987889821,0.9395875488719447,/home/PuMengYu/8T/nnUNet_result/results_v2_moe_retrain_after_fix_20260907/Dataset003_Liver/nnUNetTrainer_MedNeXt_MLA_MoE__nnUNetPlans__3d_fullres/fold_0/checkpoint_best.pth,/home/PuMengYu/nnUNet_workspace/results_v2/Dataset003_Liver/nnUNetTrainer_MedNeXt__nnUNetPlans__3d_fullres/fold_0/checkpoint_best.pth,MedNeXt_MLA_MoE,MedNeXt,liver_dice,0.9166426987889821,0.9395875488719447,-0.022944850082962653
HCC,HCC_083,MedNeXt_MLA_MoE vs MedNeXt,MedNeXt_MLA_MoE,MedNeXt,0.9524777461117396,0.9534951642196605,/home/PuMengYu/8T/nnUNet_result/results_v2_moe_retrain_after_fix_20260907/Dataset003_Liver/nnUNetTrainer_MedNeXt_MLA_MoE__nnUNetPlans__3d_fullres/fold_0/checkpoint_best.pth,/home/PuMengYu/nnUNet_workspace/results_v2/Dataset003_Liver/nnUNetTrainer_MedNeXt__nnUNetPlans__3d_fullres/fold_0/checkpoint_best.pth,MedNeXt_MLA_MoE,MedNeXt,liver_dice,0.9524777461117396,0.9534951642196605,-0.0010174181079208866
HCC,HCC_093,MedNeXt_MLA_MoE vs MedNeXt,MedNeXt_MLA_MoE,MedNeXt,0.9425356636126663,0.9465830428135213,/home/PuMengYu/8T/nnUNet_result/results_v2_moe_retrain_after_fix_20260907/Dataset003_Liver/nnUNetTrainer_MedNeXt_MLA_MoE__nnUNetPlans__3d_fullres/fold_0/checkpoint_best.pth,/home/PuMengYu/nnUNet_workspace/results_v2/Dataset003_Liver/nnUNetTrainer_MedNeXt__nnUNetPlans__3d_fullres/fold_0/checkpoint_best.pth,MedNeXt_MLA_MoE,MedNeXt,liver_dice,0.9425356636126663,0.9465830428135213,-0.004047379200855072
HCC,HCC_102,MedNeXt_MLA_MoE vs MedNeXt,MedNeXt_MLA_MoE,MedNeXt,0.855906212934528,0.8706554985397639,/home/PuMengYu/8T/nnUNet_result/results_v2_moe_retrain_after_fix_20260907/Dataset003_Liver/nnUNetTrainer_MedNeXt_MLA_MoE__nnUNetPlans__3d_fullres/fold_0/checkpoint_best.pth,/home/PuMengYu/nnUNet_workspace/results_v2/Dataset003_Liver/nnUNetTrainer_MedNeXt__nnUNetPlans__3d_fullres/fold_0/checkpoint_best.pth,MedNeXt_MLA_MoE,MedNeXt,liver_dice,0.855906212934528,0.8706554985397639,-0.014749285605235918
HCC,HCC_003,MedNeXt_MLA_MoE vs MedNeXt_MHA_MoE,MedNeXt_MLA_MoE,MedNeXt_MHA_MoE,0.0,0.0,/home/PuMengYu/8T/nnUNet_result/results_v2_moe_retrain_after_fix_20260907/Dataset003_Liver/nnUNetTrainer_MedNeXt_MLA_MoE__nnUNetPlans__3d_fullres/fold_0/checkpoint_best.pth,/home/PuMengYu/nnUNet_workspace/results_v2_baseline_retrain_20260902/Dataset003_Liver/nnUNetTrainer_MedNeXt_MHA_MoE__nnUNetPlans__3d_fullres/fold_0/checkpoint_best.pth,MedNeXt_MLA_MoE,MedNeXt_MHA_MoE,tumor_dice,0.0,0.0,0.0
HCC,HCC_011,MedNeXt_MLA_MoE vs MedNeXt_MHA_MoE,MedNeXt_MLA_MoE,MedNeXt_MHA_MoE,0.37727102501037457,0.41109081523249813,/home/PuMengYu/8T/nnUNet_result/results_v2_moe_retrain_after_fix_20260907/Dataset003_Liver/nnUNetTrainer_MedNeXt_MLA_MoE__nnUNetPlans__3d_fullres/fold_0/checkpoint_best.pth,/home/PuMengYu/nnUNet_workspace/results_v2_baseline_retrain_20260902/Dataset003_Liver/nnUNetTrainer_MedNeXt_MHA_MoE__nnUNetPlans__3d_fullres/fold_0/checkpoint_best.pth,MedNeXt_MLA_MoE,MedNeXt_MHA_MoE,tumor_dice,0.37727102501037457,0.41109081523249813,-0.03381979022212356
HCC,HCC_020,MedNeXt_MLA_MoE vs MedNeXt_MHA_MoE,MedNeXt_MLA_MoE,MedNeXt_MHA_MoE,0.07555385379715392,0.3238433743475899,/home/PuMengYu/8T/nnUNet_result/results_v2_moe_retrain_after_fix_20260907/Dataset003_Liver/nnUNetTrainer_MedNeXt_MLA_MoE__nnUNetPlans__3d_fullres/fold_0/checkpoint_best.pth,/home/PuMengYu/nnUNet_workspace/results_v2_baseline_retrain_20260902/Dataset003_Liver/nnUNetTrainer_MedNeXt_MHA_MoE__nnUNetPlans__3d_fullres/fold_0/checkpoint_best.pth,MedNeXt_MLA_MoE,MedNeXt_MHA_MoE,tumor_dice,0.07555385379715392,0.3238433743475899,-0.24828952055043602
HCC,HCC_021,MedNeXt_MLA_MoE vs MedNeXt_MHA_MoE,MedNeXt_MLA_MoE,MedNeXt_MHA_MoE,0.7847120129637432,0.7732570547251191,/home/PuMengYu/8T/nnUNet_result/results_v2_moe_retrain_after_fix_20260907/Dataset003_Liver/nnUNetTrainer_MedNeXt_MLA_MoE__nnUNetPlans__3d_fullres/fold_0/checkpoint_best.pth,/home/PuMengYu/nnUNet_workspace/results_v2_baseline_retrain_20260902/Dataset003_Liver/nnUNetTrainer_MedNeXt_MHA_MoE__nnUNetPlans__3d_fullres/fold_0/checkpoint_best.pth,MedNeXt_MLA_MoE,MedNeXt_MHA_MoE,tumor_dice,0.7847120129637432,0.7732570547251191,0.01145495823862408
HCC,HCC_025,MedNeXt_MLA_MoE vs MedNeXt_MHA_MoE,MedNeXt_MLA_MoE,MedNeXt_MHA_MoE,0.7829429001859814,0.6435605956597746,/home/PuMengYu/8T/nnUNet_result/results_v2_moe_retrain_after_fix_20260907/Dataset003_Liver/nnUNetTrainer_MedNeXt_MLA_MoE__nnUNetPlans__3d_fullres/fold_0/checkpoint_best.pth,/home/PuMengYu/nnUNet_workspace/results_v2_baseline_retrain_20260902/Dataset003_Liver/nnUNetTrainer_MedNeXt_MHA_MoE__nnUNetPlans__3d_fullres/fold_0/checkpoint_best.pth,MedNeXt_MLA_MoE,MedNeXt_MHA_MoE,tumor_dice,0.7829429001859814,0.6435605956597746,0.1393823045262068
HCC,HCC_026,MedNeXt_MLA_MoE vs MedNeXt_MHA_MoE,MedNeXt_MLA_MoE,MedNeXt_MHA_MoE,0.09044596626023049,0.09931492630267802,/home/PuMengYu/8T/nnUNet_result/results_v2_moe_retrain_after_fix_20260907/Dataset003_Liver/nnUNetTrainer_MedNeXt_MLA_MoE__nnUNetPlans__3d_fullres/fold_0/checkpoint_best.pth,/home/PuMengYu/nnUNet_workspace/results_v2_baseline_retrain_20260902/Dataset003_Liver/nnUNetTrainer_MedNeXt_MHA_MoE__nnUNetPlans__3d_fullres/fold_0/checkpoint_best.pth,MedNeXt_MLA_MoE,MedNeXt_MHA_MoE,tumor_dice,0.09044596626023049,0.09931492630267802,-0.008868960042447527
HCC,HCC_028,MedNeXt_MLA_MoE vs MedNeXt_MHA_MoE,MedNeXt_MLA_MoE,MedNeXt_MHA_MoE,0.47762624274884924,0.20778489781780396,/home/PuMengYu/8T/nnUNet_result/results_v2_moe_retrain_after_fix_20260907/Dataset003_Liver/nnUNetTrainer_MedNeXt_MLA_MoE__nnUNetPlans__3d_fullres/fold_0/checkpoint_best.pth,/home/PuMengYu/nnUNet_workspace/results_v2_baseline_retrain_20260902/Dataset003_Liver/nnUNetTrainer_MedNeXt_MHA_MoE__nnUNetPlans__3d_fullres/fold_0/checkpoint_best.pth,MedNeXt_MLA_MoE,MedNeXt_MHA_MoE,tumor_dice,0.47762624274884924,0.20778489781780396,0.2698413449310453
HCC,HCC_047,MedNeXt_MLA_MoE vs MedNeXt_MHA_MoE,MedNeXt_MLA_MoE,MedNeXt_MHA_MoE,0.47056500424976605,0.35050220822540673,/home/PuMengYu/8T/nnUNet_result/results_v2_moe_retrain_after_fix_20260907/Dataset003_Liver/nnUNetTrainer_MedNeXt_MLA_MoE__nnUNetPlans__3d_fullres/fold_0/checkpoint_best.pth,/home/PuMengYu/nnUNet_workspace/results_v2_baseline_retrain_20260902/Dataset003_Liver/nnUNetTrainer_MedNeXt_MHA_MoE__nnUNetPlans__3d_fullres/fold_0/checkpoint_best.pth,MedNeXt_MLA_MoE,MedNeXt_MHA_MoE,tumor_dice,0.47056500424976605,0.35050220822540673,0.12006279602435932
HCC,HCC_052,MedNeXt_MLA_MoE vs MedNeXt_MHA_MoE,MedNeXt_MLA_MoE,MedNeXt_MHA_MoE,0.15157549619328434,0.22002889546298893,/home/PuMengYu/8T/nnUNet_result/results_v2_moe_retrain_after_fix_20260907/Dataset003_Liver/nnUNetTrainer_MedNeXt_MLA_MoE__nnUNetPlans__3d_fullres/fold_0/checkpoint_best.pth,/home/PuMengYu/nnUNet_workspace/results_v2_baseline_retrain_20260902/Dataset003_Liver/nnUNetTrainer_MedNeXt_MHA_MoE__nnUNetPlans__3d_fullres/fold_0/checkpoint_best.pth,MedNeXt_MLA_MoE,MedNeXt_MHA_MoE,tumor_dice,0.15157549619328434,0.22002889546298893,-0.06845339926970459
HCC,HCC_055,MedNeXt_MLA_MoE vs MedNeXt_MHA_MoE,MedNeXt_MLA_MoE,MedNeXt_MHA_MoE,0.11126198083067093,0.02296061511396897,/home/PuMengYu/8T/nnUNet_result/results_v2_moe_retrain_after_fix_20260907/Dataset003_Liver/nnUNetTrainer_MedNeXt_MLA_MoE__nnUNetPlans__3d_fullres/fold_0/checkpoint_best.pth,/home/PuMengYu/nnUNet_workspace/results_v2_baseline_retrain_20260902/Dataset003_Liver/nnUNetTrainer_MedNeXt_MHA_MoE__nnUNetPlans__3d_fullres/fold_0/checkpoint_best.pth,MedNeXt_MLA_MoE,MedNeXt_MHA_MoE,tumor_dice,0.11126198083067093,0.02296061511396897,0.08830136571670197
HCC,HCC_058,MedNeXt_MLA_MoE vs MedNeXt_MHA_MoE,MedNeXt_MLA_MoE,MedNeXt_MHA_MoE,0.9298013607817862,0.8600251412458163,/home/PuMengYu/8T/nnUNet_result/results_v2_moe_retrain_after_fix_20260907/Dataset003_Liver/nnUNetTrainer_MedNeXt_MLA_MoE__nnUNetPlans__3d_fullres/fold_0/checkpoint_best.pth,/home/PuMengYu/nnUNet_workspace/results_v2_baseline_retrain_20260902/Dataset003_Liver/nnUNetTrainer_MedNeXt_MHA_MoE__nnUNetPlans__3d_fullres/fold_0/checkpoint_best.pth,MedNeXt_MLA_MoE,MedNeXt_MHA_MoE,tumor_dice,0.9298013607817862,0.8600251412458163,0.06977621953596991
HCC,HCC_059,MedNeXt_MLA_MoE vs MedNeXt_MHA_MoE,MedNeXt_MLA_MoE,MedNeXt_MHA_MoE,0.8819105379091773,0.8445596518723817,/home/PuMengYu/8T/nnUNet_result/results_v2_moe_retrain_after_fix_20260907/Dataset003_Liver/nnUNetTrainer_MedNeXt_MLA_MoE__nnUNetPlans__3d_fullres/fold_0/checkpoint_best.pth,/home/PuMengYu/nnUNet_workspace/results_v2_baseline_retrain_20260902/Dataset003_Liver/nnUNetTrainer_MedNeXt_MHA_MoE__nnUNetPlans__3d_fullres/fold_0/checkpoint_best.pth,MedNeXt_MLA_MoE,MedNeXt_MHA_MoE,tumor_dice,0.8819105379091773,0.8445596518723817,0.037350886036795594
HCC,HCC_060,MedNeXt_MLA_MoE vs MedNeXt_MHA_MoE,MedNeXt_MLA_MoE,MedNeXt_MHA_MoE,0.6294809688581315,0.7905600496337127,/home/PuMengYu/8T/nnUNet_result/results_v2_moe_retrain_after_fix_20260907/Dataset003_Liver/nnUNetTrainer_MedNeXt_MLA_MoE__nnUNetPlans__3d_fullres/fold_0/checkpoint_best.pth,/home/PuMengYu/nnUNet_workspace/results_v2_baseline_retrain_20260902/Dataset003_Liver/nnUNetTrainer_MedNeXt_MHA_MoE__nnUNetPlans__3d_fullres/fold_0/checkpoint_best.pth,MedNeXt_MLA_MoE,MedNeXt_MHA_MoE,tumor_dice,0.6294809688581315,0.7905600496337127,-0.1610790807755812
HCC,HCC_068,MedNeXt_MLA_MoE vs MedNeXt_MHA_MoE,MedNeXt_MLA_MoE,MedNeXt_MHA_MoE,0.0,0.0,/home/PuMengYu/8T/nnUNet_result/results_v2_moe_retrain_after_fix_20260907/Dataset003_Liver/nnUNetTrainer_MedNeXt_MLA_MoE__nnUNetPlans__3d_fullres/fold_0/checkpoint_best.pth,/home/PuMengYu/nnUNet_workspace/results_v2_baseline_retrain_20260902/Dataset003_Liver/nnUNetTrainer_MedNeXt_MHA_MoE__nnUNetPlans__3d_fullres/fold_0/checkpoint_best.pth,MedNeXt_MLA_MoE,MedNeXt_MHA_MoE,tumor_dice,0.0,0.0,0.0
HCC,HCC_071,MedNeXt_MLA_MoE vs MedNeXt_MHA_MoE,MedNeXt_MLA_MoE,MedNeXt_MHA_MoE,0.4027627886898338,0.2038634971886656,/home/PuMengYu/8T/nnUNet_result/results_v2_moe_retrain_after_fix_20260907/Dataset003_Liver/nnUNetTrainer_MedNeXt_MLA_MoE__nnUNetPlans__3d_fullres/fold_0/checkpoint_best.pth,/home/PuMengYu/nnUNet_workspace/results_v2_baseline_retrain_20260902/Dataset003_Liver/nnUNetTrainer_MedNeXt_MHA_MoE__nnUNetPlans__3d_fullres/fold_0/checkpoint_best.pth,MedNeXt_MLA_MoE,MedNeXt_MHA_MoE,tumor_dice,0.4027627886898338,0.2038634971886656,0.1988992915011682
HCC,HCC_078,MedNeXt_MLA_MoE vs MedNeXt_MHA_MoE,MedNeXt_MLA_MoE,MedNeXt_MHA_MoE,0.0,0.0,/home/PuMengYu/8T/nnUNet_result/results_v2_moe_retrain_after_fix_20260907/Dataset003_Liver/nnUNetTrainer_MedNeXt_MLA_MoE__nnUNetPlans__3d_fullres/fold_0/checkpoint_best.pth,/home/PuMengYu/nnUNet_workspace/results_v2_baseline_retrain_20260902/Dataset003_Liver/nnUNetTrainer_MedNeXt_MHA_MoE__nnUNetPlans__3d_fullres/fold_0/checkpoint_best.pth,MedNeXt_MLA_MoE,MedNeXt_MHA_MoE,tumor_dice,0.0,0.0,0.0
HCC,HCC_081,MedNeXt_MLA_MoE vs MedNeXt_MHA_MoE,MedNeXt_MLA_MoE,MedNeXt_MHA_MoE,0.7938143077539814,0.808615062657266,/home/PuMengYu/8T/nnUNet_result/results_v2_moe_retrain_after_fix_20260907/Dataset003_Liver/nnUNetTrainer_MedNeXt_MLA_MoE__nnUNetPlans__3d_fullres/fold_0/checkpoint_best.pth,/home/PuMengYu/nnUNet_workspace/results_v2_baseline_retrain_20260902/Dataset003_Liver/nnUNetTrainer_MedNeXt_MHA_MoE__nnUNetPlans__3d_fullres/fold_0/checkpoint_best.pth,MedNeXt_MLA_MoE,MedNeXt_MHA_MoE,tumor_dice,0.7938143077539814,0.808615062657266,-0.014800754903284585
HCC,HCC_082,MedNeXt_MLA_MoE vs MedNeXt_MHA_MoE,MedNeXt_MLA_MoE,MedNeXt_MHA_MoE,0.0,0.0,/home/PuMengYu/8T/nnUNet_result/results_v2_moe_retrain_after_fix_20260907/Dataset003_Liver/nnUNetTrainer_MedNeXt_MLA_MoE__nnUNetPlans__3d_fullres/fold_0/checkpoint_best.pth,/home/PuMengYu/nnUNet_workspace/results_v2_baseline_retrain_20260902/Dataset003_Liver/nnUNetTrainer_MedNeXt_MHA_MoE__nnUNetPlans__3d_fullres/fold_0/checkpoint_best.pth,MedNeXt_MLA_MoE,MedNeXt_MHA_MoE,tumor_dice,0.0,0.0,0.0
HCC,HCC_083,MedNeXt_MLA_MoE vs MedNeXt_MHA_MoE,MedNeXt_MLA_MoE,MedNeXt_MHA_MoE,0.8124576050091312,0.8084364697616603,/home/PuMengYu/8T/nnUNet_result/results_v2_moe_retrain_after_fix_20260907/Dataset003_Liver/nnUNetTrainer_MedNeXt_MLA_MoE__nnUNetPlans__3d_fullres/fold_0/checkpoint_best.pth,/home/PuMengYu/nnUNet_workspace/results_v2_baseline_retrain_20260902/Dataset003_Liver/nnUNetTrainer_MedNeXt_MHA_MoE__nnUNetPlans__3d_fullres/fold_0/checkpoint_best.pth,MedNeXt_MLA_MoE,MedNeXt_MHA_MoE,tumor_dice,0.8124576050091312,0.8084364697616603,0.004021135247470942
HCC,HCC_093,MedNeXt_MLA_MoE vs MedNeXt_MHA_MoE,MedNeXt_MLA_MoE,MedNeXt_MHA_MoE,0.8722667041251112,0.9103073183644983,/home/PuMengYu/8T/nnUNet_result/results_v2_moe_retrain_after_fix_20260907/Dataset003_Liver/nnUNetTrainer_MedNeXt_MLA_MoE__nnUNetPlans__3d_fullres/fold_0/checkpoint_best.pth,/home/PuMengYu/nnUNet_workspace/results_v2_baseline_retrain_20260902/Dataset003_Liver/nnUNetTrainer_MedNeXt_MHA_MoE__nnUNetPlans__3d_fullres/fold_0/checkpoint_best.pth,MedNeXt_MLA_MoE,MedNeXt_MHA_MoE,tumor_dice,0.8722667041251112,0.9103073183644983,-0.038040614239387094
HCC,HCC_102,MedNeXt_MLA_MoE vs MedNeXt_MHA_MoE,MedNeXt_MLA_MoE,MedNeXt_MHA_MoE,0.8290235151676719,0.8388074992316361,/home/PuMengYu/8T/nnUNet_result/results_v2_moe_retrain_after_fix_20260907/Dataset003_Liver/nnUNetTrainer_MedNeXt_MLA_MoE__nnUNetPlans__3d_fullres/fold_0/checkpoint_best.pth,/home/PuMengYu/nnUNet_workspace/results_v2_baseline_retrain_20260902/Dataset003_Liver/nnUNetTrainer_MedNeXt_MHA_MoE__nnUNetPlans__3d_fullres/fold_0/checkpoint_best.pth,MedNeXt_MLA_MoE,MedNeXt_MHA_MoE,tumor_dice,0.8290235151676719,0.8388074992316361,-0.00978398406396419
HCC,HCC_003,MedNeXt_MLA_MoE vs MedNeXt_MHA_MoE,MedNeXt_MLA_MoE,MedNeXt_MHA_MoE,0.0,0.0,/home/PuMengYu/8T/nnUNet_result/results_v2_moe_retrain_after_fix_20260907/Dataset003_Liver/nnUNetTrainer_MedNeXt_MLA_MoE__nnUNetPlans__3d_fullres/fold_0/checkpoint_best.pth,/home/PuMengYu/nnUNet_workspace/results_v2_baseline_retrain_20260902/Dataset003_Liver/nnUNetTrainer_MedNeXt_MHA_MoE__nnUNetPlans__3d_fullres/fold_0/checkpoint_best.pth,MedNeXt_MLA_MoE,MedNeXt_MHA_MoE,tumor_recall,0.0,0.0,0.0
HCC,HCC_011,MedNeXt_MLA_MoE vs MedNeXt_MHA_MoE,MedNeXt_MLA_MoE,MedNeXt_MHA_MoE,0.23807820543937866,0.2644958546773802,/home/PuMengYu/8T/nnUNet_result/results_v2_moe_retrain_after_fix_20260907/Dataset003_Liver/nnUNetTrainer_MedNeXt_MLA_MoE__nnUNetPlans__3d_fullres/fold_0/checkpoint_best.pth,/home/PuMengYu/nnUNet_workspace/results_v2_baseline_retrain_20260902/Dataset003_Liver/nnUNetTrainer_MedNeXt_MHA_MoE__nnUNetPlans__3d_fullres/fold_0/checkpoint_best.pth,MedNeXt_MLA_MoE,MedNeXt_MHA_MoE,tumor_recall,0.23807820543937866,0.2644958546773802,-0.026417649238001523
HCC,HCC_020,MedNeXt_MLA_MoE vs MedNeXt_MHA_MoE,MedNeXt_MLA_MoE,MedNeXt_MHA_MoE,0.06339411833427148,0.2912688382170205,/home/PuMengYu/8T/nnUNet_result/results_v2_moe_retrain_after_fix_20260907/Dataset003_Liver/nnUNetTrainer_MedNeXt_MLA_MoE__nnUNetPlans__3d_fullres/fold_0/checkpoint_best.pth,/home/PuMengYu/nnUNet_workspace/results_v2_baseline_retrain_20260902/Dataset003_Liver/nnUNetTrainer_MedNeXt_MHA_MoE__nnUNetPlans__3d_fullres/fold_0/checkpoint_best.pth,MedNeXt_MLA_MoE,MedNeXt_MHA_MoE,tumor_recall,0.06339411833427148,0.2912688382170205,-0.227874719882749
HCC,HCC_021,MedNeXt_MLA_MoE vs MedNeXt_MHA_MoE,MedNeXt_MLA_MoE,MedNeXt_MHA_MoE,0.6774724196737145,0.650717616697605,/home/PuMengYu/8T/nnUNet_result/results_v2_moe_retrain_after_fix_20260907/Dataset003_Liver/nnUNetTrainer_MedNeXt_MLA_MoE__nnUNetPlans__3d_fullres/fold_0/checkpoint_best.pth,/home/PuMengYu/nnUNet_workspace/results_v2_baseline_retrain_20260902/Dataset003_Liver/nnUNetTrainer_MedNeXt_MHA_MoE__nnUNetPlans__3d_fullres/fold_0/checkpoint_best.pth,MedNeXt_MLA_MoE,MedNeXt_MHA_MoE,tumor_recall,0.6774724196737145,0.650717616697605,0.02675480297610955
HCC,HCC_025,MedNeXt_MLA_MoE vs MedNeXt_MHA_MoE,MedNeXt_MLA_MoE,MedNeXt_MHA_MoE,0.6755432046189661,0.4816724457023726,/home/PuMengYu/8T/nnUNet_result/results_v2_moe_retrain_after_fix_20260907/Dataset003_Liver/nnUNetTrainer_MedNeXt_MLA_MoE__nnUNetPlans__3d_fullres/fold_0/checkpoint_best.pth,/home/PuMengYu/nnUNet_workspace/results_v2_baseline_retrain_20260902/Dataset003_Liver/nnUNetTrainer_MedNeXt_MHA_MoE__nnUNetPlans__3d_fullres/fold_0/checkpoint_best.pth,MedNeXt_MLA_MoE,MedNeXt_MHA_MoE,tumor_recall,0.6755432046189661,0.4816724457023726,0.1938707589165935
HCC,HCC_026,MedNeXt_MLA_MoE vs MedNeXt_MHA_MoE,MedNeXt_MLA_MoE,MedNeXt_MHA_MoE,0.04877279891916235,0.0538617428507093,/home/PuMengYu/8T/nnUNet_result/results_v2_moe_retrain_after_fix_20260907/Dataset003_Liver/nnUNetTrainer_MedNeXt_MLA_MoE__nnUNetPlans__3d_fullres/fold_0/checkpoint_best.pth,/home/PuMengYu/nnUNet_workspace/results_v2_baseline_retrain_20260902/Dataset003_Liver/nnUNetTrainer_MedNeXt_MHA_MoE__nnUNetPlans__3d_fullres/fold_0/checkpoint_best.pth,MedNeXt_MLA_MoE,MedNeXt_MHA_MoE,tumor_recall,0.04877279891916235,0.0538617428507093,-0.005088943931546949
HCC,HCC_028,MedNeXt_MLA_MoE vs MedNeXt_MHA_MoE,MedNeXt_MLA_MoE,MedNeXt_MHA_MoE,0.3172322869547428,0.32725660900597825,/home/PuMengYu/8T/nnUNet_result/results_v2_moe_retrain_after_fix_20260907/Dataset003_Liver/nnUNetTrainer_MedNeXt_MLA_MoE__nnUNetPlans__3d_fullres/fold_0/checkpoint_best.pth,/home/PuMengYu/nnUNet_workspace/results_v2_baseline_retrain_20260902/Dataset003_Liver/nnUNetTrainer_MedNeXt_MHA_MoE__nnUNetPlans__3d_fullres/fold_0/checkpoint_best.pth,MedNeXt_MLA_MoE,MedNeXt_MHA_MoE,tumor_recall,0.3172322869547428,0.32725660900597825,-0.010024322051235435
HCC,HCC_047,MedNeXt_MLA_MoE vs MedNeXt_MHA_MoE,MedNeXt_MLA_MoE,MedNeXt_MHA_MoE,0.31489865330698164,0.21612584455577516,/home/PuMengYu/8T/nnUNet_result/results_v2_moe_retrain_after_fix_20260907/Dataset003_Liver/nnUNetTrainer_MedNeXt_MLA_MoE__nnUNetPlans__3d_fullres/fold_0/checkpoint_best.pth,/home/PuMengYu/nnUNet_workspace/results_v2_baseline_retrain_20260902/Dataset003_Liver/nnUNetTrainer_MedNeXt_MHA_MoE__nnUNetPlans__3d_fullres/fold_0/checkpoint_best.pth,MedNeXt_MLA_MoE,MedNeXt_MHA_MoE,tumor_recall,0.31489865330698164,0.21612584455577516,0.09877280875120648
HCC,HCC_052,MedNeXt_MLA_MoE vs MedNeXt_MHA_MoE,MedNeXt_MLA_MoE,MedNeXt_MHA_MoE,0.08288063912601443,0.12505790274744777,/home/PuMengYu/8T/nnUNet_result/results_v2_moe_retrain_after_fix_20260907/Dataset003_Liver/nnUNetTrainer_MedNeXt_MLA_MoE__nnUNetPlans__3d_fullres/fold_0/checkpoint_best.pth,/home/PuMengYu/nnUNet_workspace/results_v2_baseline_retrain_20260902/Dataset003_Liver/nnUNetTrainer_MedNeXt_MHA_MoE__nnUNetPlans__3d_fullres/fold_0/checkpoint_best.pth,MedNeXt_MLA_MoE,MedNeXt_MHA_MoE,tumor_recall,0.08288063912601443,0.12505790274744777,-0.04217726362143334
HCC,HCC_055,MedNeXt_MLA_MoE vs MedNeXt_MHA_MoE,MedNeXt_MLA_MoE,MedNeXt_MHA_MoE,0.059022922757510275,0.06414982415999322,/home/PuMengYu/8T/nnUNet_result/results_v2_moe_retrain_after_fix_20260907/Dataset003_Liver/nnUNetTrainer_MedNeXt_MLA_MoE__nnUNetPlans__3d_fullres/fold_0/checkpoint_best.pth,/home/PuMengYu/nnUNet_workspace/results_v2_baseline_retrain_20260902/Dataset003_Liver/nnUNetTrainer_MedNeXt_MHA_MoE__nnUNetPlans__3d_fullres/fold_0/checkpoint_best.pth,MedNeXt_MLA_MoE,MedNeXt_MHA_MoE,tumor_recall,0.059022922757510275,0.06414982415999322,-0.005126901402482946
HCC,HCC_058,MedNeXt_MLA_MoE vs MedNeXt_MHA_MoE,MedNeXt_MLA_MoE,MedNeXt_MHA_MoE,0.8969905056340285,0.7666159661908749,/home/PuMengYu/8T/nnUNet_result/results_v2_moe_retrain_after_fix_20260907/Dataset003_Liver/nnUNetTrainer_MedNeXt_MLA_MoE__nnUNetPlans__3d_fullres/fold_0/checkpoint_best.pth,/home/PuMengYu/nnUNet_workspace/results_v2_baseline_retrain_20260902/Dataset003_Liver/nnUNetTrainer_MedNeXt_MHA_MoE__nnUNetPlans__3d_fullres/fold_0/checkpoint_best.pth,MedNeXt_MLA_MoE,MedNeXt_MHA_MoE,tumor_recall,0.8969905056340285,0.7666159661908749,0.13037453944315358
HCC,HCC_059,MedNeXt_MLA_MoE vs MedNeXt_MHA_MoE,MedNeXt_MLA_MoE,MedNeXt_MHA_MoE,0.8066383869964107,0.7503775260094552,/home/PuMengYu/8T/nnUNet_result/results_v2_moe_retrain_after_fix_20260907/Dataset003_Liver/nnUNetTrainer_MedNeXt_MLA_MoE__nnUNetPlans__3d_fullres/fold_0/checkpoint_best.pth,/home/PuMengYu/nnUNet_workspace/results_v2_baseline_retrain_20260902/Dataset003_Liver/nnUNetTrainer_MedNeXt_MHA_MoE__nnUNetPlans__3d_fullres/fold_0/checkpoint_best.pth,MedNeXt_MLA_MoE,MedNeXt_MHA_MoE,tumor_recall,0.8066383869964107,0.7503775260094552,0.056260860986955485
HCC,HCC_060,MedNeXt_MLA_MoE vs MedNeXt_MHA_MoE,MedNeXt_MLA_MoE,MedNeXt_MHA_MoE,0.46283481234226165,0.6743059513148254,/home/PuMengYu/8T/nnUNet_result/results_v2_moe_retrain_after_fix_20260907/Dataset003_Liver/nnUNetTrainer_MedNeXt_MLA_MoE__nnUNetPlans__3d_fullres/fold_0/checkpoint_best.pth,/home/PuMengYu/nnUNet_workspace/results_v2_baseline_retrain_20260902/Dataset003_Liver/nnUNetTrainer_MedNeXt_MHA_MoE__nnUNetPlans__3d_fullres/fold_0/checkpoint_best.pth,MedNeXt_MLA_MoE,MedNeXt_MHA_MoE,tumor_recall,0.46283481234226165,0.6743059513148254,-0.21147113897256375
HCC,HCC_068,MedNeXt_MLA_MoE vs MedNeXt_MHA_MoE,MedNeXt_MLA_MoE,MedNeXt_MHA_MoE,0.0,0.0,/home/PuMengYu/8T/nnUNet_result/results_v2_moe_retrain_after_fix_20260907/Dataset003_Liver/nnUNetTrainer_MedNeXt_MLA_MoE__nnUNetPlans__3d_fullres/fold_0/checkpoint_best.pth,/home/PuMengYu/nnUNet_workspace/results_v2_baseline_retrain_20260902/Dataset003_Liver/nnUNetTrainer_MedNeXt_MHA_MoE__nnUNetPlans__3d_fullres/fold_0/checkpoint_best.pth,MedNeXt_MLA_MoE,MedNeXt_MHA_MoE,tumor_recall,0.0,0.0,0.0
HCC,HCC_071,MedNeXt_MLA_MoE vs MedNeXt_MHA_MoE,MedNeXt_MLA_MoE,MedNeXt_MHA_MoE,0.45612319726228306,0.44756783182595944,/home/PuMengYu/8T/nnUNet_result/results_v2_moe_retrain_after_fix_20260907/Dataset003_Liver/nnUNetTrainer_MedNeXt_MLA_MoE__nnUNetPlans__3d_fullres/fold_0/checkpoint_best.pth,/home/PuMengYu/nnUNet_workspace/results_v2_baseline_retrain_20260902/Dataset003_Liver/nnUNetTrainer_MedNeXt_MHA_MoE__nnUNetPlans__3d_fullres/fold_0/checkpoint_best.pth,MedNeXt_MLA_MoE,MedNeXt_MHA_MoE,tumor_recall,0.45612319726228306,0.44756783182595944,0.008555365436323625
HCC,HCC_078,MedNeXt_MLA_MoE vs MedNeXt_MHA_MoE,MedNeXt_MLA_MoE,MedNeXt_MHA_MoE,0.0,0.0,/home/PuMengYu/8T/nnUNet_result/results_v2_moe_retrain_after_fix_20260907/Dataset003_Liver/nnUNetTrainer_MedNeXt_MLA_MoE__nnUNetPlans__3d_fullres/fold_0/checkpoint_best.pth,/home/PuMengYu/nnUNet_workspace/results_v2_baseline_retrain_20260902/Dataset003_Liver/nnUNetTrainer_MedNeXt_MHA_MoE__nnUNetPlans__3d_fullres/fold_0/checkpoint_best.pth,MedNeXt_MLA_MoE,MedNeXt_MHA_MoE,tumor_recall,0.0,0.0,0.0
HCC,HCC_081,MedNeXt_MLA_MoE vs MedNeXt_MHA_MoE,MedNeXt_MLA_MoE,MedNeXt_MHA_MoE,0.7798782670963122,0.7747225205871823,/home/PuMengYu/8T/nnUNet_result/results_v2_moe_retrain_after_fix_20260907/Dataset003_Liver/nnUNetTrainer_MedNeXt_MLA_MoE__nnUNetPlans__3d_fullres/fold_0/checkpoint_best.pth,/home/PuMengYu/nnUNet_workspace/results_v2_baseline_retrain_20260902/Dataset003_Liver/nnUNetTrainer_MedNeXt_MHA_MoE__nnUNetPlans__3d_fullres/fold_0/checkpoint_best.pth,MedNeXt_MLA_MoE,MedNeXt_MHA_MoE,tumor_recall,0.7798782670963122,0.7747225205871823,0.005155746509129977
HCC,HCC_082,MedNeXt_MLA_MoE vs MedNeXt_MHA_MoE,MedNeXt_MLA_MoE,MedNeXt_MHA_MoE,0.0,0.0,/home/PuMengYu/8T/nnUNet_result/results_v2_moe_retrain_after_fix_20260907/Dataset003_Liver/nnUNetTrainer_MedNeXt_MLA_MoE__nnUNetPlans__3d_fullres/fold_0/checkpoint_best.pth,/home/PuMengYu/nnUNet_workspace/results_v2_baseline_retrain_20260902/Dataset003_Liver/nnUNetTrainer_MedNeXt_MHA_MoE__nnUNetPlans__3d_fullres/fold_0/checkpoint_best.pth,MedNeXt_MLA_MoE,MedNeXt_MHA_MoE,tumor_recall,0.0,0.0,0.0
HCC,HCC_083,MedNeXt_MLA_MoE vs MedNeXt_MHA_MoE,MedNeXt_MLA_MoE,MedNeXt_MHA_MoE,0.7504699248120301,0.7209610564873723,/home/PuMengYu/8T/nnUNet_result/results_v2_moe_retrain_after_fix_20260907/Dataset003_Liver/nnUNetTrainer_MedNeXt_MLA_MoE__nnUNetPlans__3d_fullres/fold_0/checkpoint_best.pth,/home/PuMengYu/nnUNet_workspace/results_v2_baseline_retrain_20260902/Dataset003_Liver/nnUNetTrainer_MedNeXt_MHA_MoE__nnUNetPlans__3d_fullres/fold_0/checkpoint_best.pth,MedNeXt_MLA_MoE,MedNeXt_MHA_MoE,tumor_recall,0.7504699248120301,0.7209610564873723,0.029508868324657822
HCC,HCC_093,MedNeXt_MLA_MoE vs MedNeXt_MHA_MoE,MedNeXt_MLA_MoE,MedNeXt_MHA_MoE,0.9026552960558194,0.9164163194107956,/home/PuMengYu/8T/nnUNet_result/results_v2_moe_retrain_after_fix_20260907/Dataset003_Liver/nnUNetTrainer_MedNeXt_MLA_MoE__nnUNetPlans__3d_fullres/fold_0/checkpoint_best.pth,/home/PuMengYu/nnUNet_workspace/results_v2_baseline_retrain_20260902/Dataset003_Liver/nnUNetTrainer_MedNeXt_MHA_MoE__nnUNetPlans__3d_fullres/fold_0/checkpoint_best.pth,MedNeXt_MLA_MoE,MedNeXt_MHA_MoE,tumor_recall,0.9026552960558194,0.9164163194107956,-0.013761023354976198
HCC,HCC_102,MedNeXt_MLA_MoE vs MedNeXt_MHA_MoE,MedNeXt_MLA_MoE,MedNeXt_MHA_MoE,0.7635399189753242,0.7329203666571183,/home/PuMengYu/8T/nnUNet_result/results_v2_moe_retrain_after_fix_20260907/Dataset003_Liver/nnUNetTrainer_MedNeXt_MLA_MoE__nnUNetPlans__3d_fullres/fold_0/checkpoint_best.pth,/home/PuMengYu/nnUNet_workspace/results_v2_baseline_retrain_20260902/Dataset003_Liver/nnUNetTrainer_MedNeXt_MHA_MoE__nnUNetPlans__3d_fullres/fold_0/checkpoint_best.pth,MedNeXt_MLA_MoE,MedNeXt_MHA_MoE,tumor_recall,0.7635399189753242,0.7329203666571183,0.0306195523182059
HCC,HCC_003,MedNeXt_MLA_MoE vs MedNeXt_MHA_MoE,MedNeXt_MLA_MoE,MedNeXt_MHA_MoE,0.0,0.0,/home/PuMengYu/8T/nnUNet_result/results_v2_moe_retrain_after_fix_20260907/Dataset003_Liver/nnUNetTrainer_MedNeXt_MLA_MoE__nnUNetPlans__3d_fullres/fold_0/checkpoint_best.pth,/home/PuMengYu/nnUNet_workspace/results_v2_baseline_retrain_20260902/Dataset003_Liver/nnUNetTrainer_MedNeXt_MHA_MoE__nnUNetPlans__3d_fullres/fold_0/checkpoint_best.pth,MedNeXt_MLA_MoE,MedNeXt_MHA_MoE,tumor_precision,0.0,0.0,0.0
HCC,HCC_011,MedNeXt_MLA_MoE vs MedNeXt_MHA_MoE,MedNeXt_MLA_MoE,MedNeXt_MHA_MoE,0.9083243980894824,0.9222306356064318,/home/PuMengYu/8T/nnUNet_result/results_v2_moe_retrain_after_fix_20260907/Dataset003_Liver/nnUNetTrainer_MedNeXt_MLA_MoE__nnUNetPlans__3d_fullres/fold_0/checkpoint_best.pth,/home/PuMengYu/nnUNet_workspace/results_v2_baseline_retrain_20260902/Dataset003_Liver/nnUNetTrainer_MedNeXt_MHA_MoE__nnUNetPlans__3d_fullres/fold_0/checkpoint_best.pth,MedNeXt_MLA_MoE,MedNeXt_MHA_MoE,tumor_precision,0.9083243980894824,0.9222306356064318,-0.013906237516949416
HCC,HCC_020,MedNeXt_MLA_MoE vs MedNeXt_MHA_MoE,MedNeXt_MLA_MoE,MedNeXt_MHA_MoE,0.09348546190651454,0.3646214186000133,/home/PuMengYu/8T/nnUNet_result/results_v2_moe_retrain_after_fix_20260907/Dataset003_Liver/nnUNetTrainer_MedNeXt_MLA_MoE__nnUNetPlans__3d_fullres/fold_0/checkpoint_best.pth,/home/PuMengYu/nnUNet_workspace/results_v2_baseline_retrain_20260902/Dataset003_Liver/nnUNetTrainer_MedNeXt_MHA_MoE__nnUNetPlans__3d_fullres/fold_0/checkpoint_best.pth,MedNeXt_MLA_MoE,MedNeXt_MHA_MoE,tumor_precision,0.09348546190651454,0.3646214186000133,-0.27113595669349877
HCC,HCC_021,MedNeXt_MLA_MoE vs MedNeXt_MHA_MoE,MedNeXt_MLA_MoE,MedNeXt_MHA_MoE,0.9322871668771183,0.9526557666813964,/home/PuMengYu/8T/nnUNet_result/results_v2_moe_retrain_after_fix_20260907/Dataset003_Liver/nnUNetTrainer_MedNeXt_MLA_MoE__nnUNetPlans__3d_fullres/fold_0/checkpoint_best.pth,/home/PuMengYu/nnUNet_workspace/results_v2_baseline_retrain_20260902/Dataset003_Liver/nnUNetTrainer_MedNeXt_MHA_MoE__nnUNetPlans__3d_fullres/fold_0/checkpoint_best.pth,MedNeXt_MLA_MoE,MedNeXt_MHA_MoE,tumor_precision,0.9322871668771183,0.9526557666813964,-0.020368599804278076
HCC,HCC_025,MedNeXt_MLA_MoE vs MedNeXt_MHA_MoE,MedNeXt_MLA_MoE,MedNeXt_MHA_MoE,0.9309474585178122,0.9693578146074258,/home/PuMengYu/8T/nnUNet_result/results_v2_moe_retrain_after_fix_20260907/Dataset003_Liver/nnUNetTrainer_MedNeXt_MLA_MoE__nnUNetPlans__3d_fullres/fold_0/checkpoint_best.pth,/home/PuMengYu/nnUNet_workspace/results_v2_baseline_retrain_20260902/Dataset003_Liver/nnUNetTrainer_MedNeXt_MHA_MoE__nnUNetPlans__3d_fullres/fold_0/checkpoint_best.pth,MedNeXt_MLA_MoE,MedNeXt_MHA_MoE,tumor_precision,0.9309474585178122,0.9693578146074258,-0.03841035608961352
HCC,HCC_026,MedNeXt_MLA_MoE vs MedNeXt_MHA_MoE,MedNeXt_MLA_MoE,MedNeXt_MHA_MoE,0.621342512908778,0.6361702127659574,/home/PuMengYu/8T/nnUNet_result/results_v2_moe_retrain_after_fix_20260907/Dataset003_Liver/nnUNetTrainer_MedNeXt_MLA_MoE__nnUNetPlans__3d_fullres/fold_0/checkpoint_best.pth,/home/PuMengYu/nnUNet_workspace/results_v2_baseline_retrain_20260902/Dataset003_Liver/nnUNetTrainer_MedNeXt_MHA_MoE__nnUNetPlans__3d_fullres/fold_0/checkpoint_best.pth,MedNeXt_MLA_MoE,MedNeXt_MHA_MoE,tumor_precision,0.621342512908778,0.6361702127659574,-0.014827699857179466
HCC,HCC_028,MedNeXt_MLA_MoE vs MedNeXt_MHA_MoE,MedNeXt_MLA_MoE,MedNeXt_MHA_MoE,0.9660805759379759,0.15221551441590983,/home/PuMengYu/8T/nnUNet_result/results_v2_moe_retrain_after_fix_20260907/Dataset003_Liver/nnUNetTrainer_MedNeXt_MLA_MoE__nnUNetPlans__3d_fullres/fold_0/checkpoint_best.pth,/home/PuMengYu/nnUNet_workspace/results_v2_baseline_retrain_20260902/Dataset003_Liver/nnUNetTrainer_MedNeXt_MHA_MoE__nnUNetPlans__3d_fullres/fold_0/checkpoint_best.pth,MedNeXt_MLA_MoE,MedNeXt_MHA_MoE,tumor_precision,0.9660805759379759,0.15221551441590983,0.8138650615220661
HCC,HCC_047,MedNeXt_MLA_MoE vs MedNeXt_MHA_MoE,MedNeXt_MLA_MoE,MedNeXt_MHA_MoE,0.9305918706917043,0.9266430190166519,/home/PuMengYu/8T/nnUNet_result/results_v2_moe_retrain_after_fix_20260907/Dataset003_Liver/nnUNetTrainer_MedNeXt_MLA_MoE__nnUNetPlans__3d_fullres/fold_0/checkpoint_best.pth,/home/PuMengYu/nnUNet_workspace/results_v2_baseline_retrain_20260902/Dataset003_Liver/nnUNetTrainer_MedNeXt_MHA_MoE__nnUNetPlans__3d_fullres/fold_0/checkpoint_best.pth,MedNeXt_MLA_MoE,MedNeXt_MHA_MoE,tumor_precision,0.9305918706917043,0.9266430190166519,0.003948851675052434
HCC,HCC_052,MedNeXt_MLA_MoE vs MedNeXt_MHA_MoE,MedNeXt_MLA_MoE,MedNeXt_MHA_MoE,0.8855820530950698,0.9145622525296965,/home/PuMengYu/8T/nnUNet_result/results_v2_moe_retrain_after_fix_20260907/Dataset003_Liver/nnUNetTrainer_MedNeXt_MLA_MoE__nnUNetPlans__3d_fullres/fold_0/checkpoint_best.pth,/home/PuMengYu/nnUNet_workspace/results_v2_baseline_retrain_20260902/Dataset003_Liver/nnUNetTrainer_MedNeXt_MHA_MoE__nnUNetPlans__3d_fullres/fold_0/checkpoint_best.pth,MedNeXt_MLA_MoE,MedNeXt_MHA_MoE,tumor_precision,0.8855820530950698,0.9145622525296965,-0.028980199434626708
HCC,HCC_055,MedNeXt_MLA_MoE vs MedNeXt_MHA_MoE,MedNeXt_MLA_MoE,MedNeXt_MHA_MoE,0.9680333564975677,0.013982655596294689,/home/PuMengYu/8T/nnUNet_result/results_v2_moe_retrain_after_fix_20260907/Dataset003_Liver/nnUNetTrainer_MedNeXt_MLA_MoE__nnUNetPlans__3d_fullres/fold_0/checkpoint_best.pth,/home/PuMengYu/nnUNet_workspace/results_v2_baseline_retrain_20260902/Dataset003_Liver/nnUNetTrainer_MedNeXt_MHA_MoE__nnUNetPlans__3d_fullres/fold_0/checkpoint_best.pth,MedNeXt_MLA_MoE,MedNeXt_MHA_MoE,tumor_precision,0.9680333564975677,0.013982655596294689,0.9540507009012731
HCC,HCC_058,MedNeXt_MLA_MoE vs MedNeXt_MHA_MoE,MedNeXt_MLA_MoE,MedNeXt_MHA_MoE,0.9651037168921536,0.9793558432352147,/home/PuMengYu/8T/nnUNet_result/results_v2_moe_retrain_after_fix_20260907/Dataset003_Liver/nnUNetTrainer_MedNeXt_MLA_MoE__nnUNetPlans__3d_fullres/fold_0/checkpoint_best.pth,/home/PuMengYu/nnUNet_workspace/results_v2_baseline_retrain_20260902/Dataset003_Liver/nnUNetTrainer_MedNeXt_MHA_MoE__nnUNetPlans__3d_fullres/fold_0/checkpoint_best.pth,MedNeXt_MLA_MoE,MedNeXt_MHA_MoE,tumor_precision,0.9651037168921536,0.9793558432352147,-0.014252126343061167
HCC,HCC_059,MedNeXt_MLA_MoE vs MedNeXt_MHA_MoE,MedNeXt_MLA_MoE,MedNeXt_MHA_MoE,0.972676695582153,0.9657772395202563,/home/PuMengYu/8T/nnUNet_result/results_v2_moe_retrain_after_fix_20260907/Dataset003_Liver/nnUNetTrainer_MedNeXt_MLA_MoE__nnUNetPlans__3d_fullres/fold_0/checkpoint_best.pth,/home/PuMengYu/nnUNet_workspace/results_v2_baseline_retrain_20260902/Dataset003_Liver/nnUNetTrainer_MedNeXt_MHA_MoE__nnUNetPlans__3d_fullres/fold_0/checkpoint_best.pth,MedNeXt_MLA_MoE,MedNeXt_MHA_MoE,tumor_precision,0.972676695582153,0.9657772395202563,0.0068994560618966805
HCC,HCC_060,MedNeXt_MLA_MoE vs MedNeXt_MHA_MoE,MedNeXt_MLA_MoE,MedNeXt_MHA_MoE,0.983649104593823,0.9552505622513119,/home/PuMengYu/8T/nnUNet_result/results_v2_moe_retrain_after_fix_20260907/Dataset003_Liver/nnUNetTrainer_MedNeXt_MLA_MoE__nnUNetPlans__3d_fullres/fold_0/checkpoint_best.pth,/home/PuMengYu/nnUNet_workspace/results_v2_baseline_retrain_20260902/Dataset003_Liver/nnUNetTrainer_MedNeXt_MHA_MoE__nnUNetPlans__3d_fullres/fold_0/checkpoint_best.pth,MedNeXt_MLA_MoE,MedNeXt_MHA_MoE,tumor_precision,0.983649104593823,0.9552505622513119,0.028398542342511157
HCC,HCC_068,MedNeXt_MLA_MoE vs MedNeXt_MHA_MoE,MedNeXt_MLA_MoE,MedNeXt_MHA_MoE,0.0,0.0,/home/PuMengYu/8T/nnUNet_result/results_v2_moe_retrain_after_fix_20260907/Dataset003_Liver/nnUNetTrainer_MedNeXt_MLA_MoE__nnUNetPlans__3d_fullres/fold_0/checkpoint_best.pth,/home/PuMengYu/nnUNet_workspace/results_v2_baseline_retrain_20260902/Dataset003_Liver/nnUNetTrainer_MedNeXt_MHA_MoE__nnUNetPlans__3d_fullres/fold_0/checkpoint_best.pth,MedNeXt_MLA_MoE,MedNeXt_MHA_MoE,tumor_precision,0.0,0.0,0.0
HCC,HCC_071,MedNeXt_MLA_MoE vs MedNeXt_MHA_MoE,MedNeXt_MLA_MoE,MedNeXt_MHA_MoE,0.3605797101449275,0.13199250288350634,/home/PuMengYu/8T/nnUNet_result/results_v2_moe_retrain_after_fix_20260907/Dataset003_Liver/nnUNetTrainer_MedNeXt_MLA_MoE__nnUNetPlans__3d_fullres/fold_0/checkpoint_best.pth,/home/PuMengYu/nnUNet_workspace/results_v2_baseline_retrain_20260902/Dataset003_Liver/nnUNetTrainer_MedNeXt_MHA_MoE__nnUNetPlans__3d_fullres/fold_0/checkpoint_best.pth,MedNeXt_MLA_MoE,MedNeXt_MHA_MoE,tumor_precision,0.3605797101449275,0.13199250288350634,0.22858720726142118
HCC,HCC_078,MedNeXt_MLA_MoE vs MedNeXt_MHA_MoE,MedNeXt_MLA_MoE,MedNeXt_MHA_MoE,0.0,0.0,/home/PuMengYu/8T/nnUNet_result/results_v2_moe_retrain_after_fix_20260907/Dataset003_Liver/nnUNetTrainer_MedNeXt_MLA_MoE__nnUNetPlans__3d_fullres/fold_0/checkpoint_best.pth,/home/PuMengYu/nnUNet_workspace/results_v2_baseline_retrain_20260902/Dataset003_Liver/nnUNetTrainer_MedNeXt_MHA_MoE__nnUNetPlans__3d_fullres/fold_0/checkpoint_best.pth,MedNeXt_MLA_MoE,MedNeXt_MHA_MoE,tumor_precision,0.0,0.0,0.0
HCC,HCC_081,MedNeXt_MLA_MoE vs MedNeXt_MHA_MoE,MedNeXt_MLA_MoE,MedNeXt_MHA_MoE,0.8082574708094201,0.8456087330328531,/home/PuMengYu/8T/nnUNet_result/results_v2_moe_retrain_after_fix_20260907/Dataset003_Liver/nnUNetTrainer_MedNeXt_MLA_MoE__nnUNetPlans__3d_fullres/fold_0/checkpoint_best.pth,/home/PuMengYu/nnUNet_workspace/results_v2_baseline_retrain_20260902/Dataset003_Liver/nnUNetTrainer_MedNeXt_MHA_MoE__nnUNetPlans__3d_fullres/fold_0/checkpoint_best.pth,MedNeXt_MLA_MoE,MedNeXt_MHA_MoE,tumor_precision,0.8082574708094201,0.8456087330328531,-0.03735126222343299
HCC,HCC_082,MedNeXt_MLA_MoE vs MedNeXt_MHA_MoE,MedNeXt_MLA_MoE,MedNeXt_MHA_MoE,0.0,0.0,/home/PuMengYu/8T/nnUNet_result/results_v2_moe_retrain_after_fix_20260907/Dataset003_Liver/nnUNetTrainer_MedNeXt_MLA_MoE__nnUNetPlans__3d_fullres/fold_0/checkpoint_best.pth,/home/PuMengYu/nnUNet_workspace/results_v2_baseline_retrain_20260902/Dataset003_Liver/nnUNetTrainer_MedNeXt_MHA_MoE__nnUNetPlans__3d_fullres/fold_0/checkpoint_best.pth,MedNeXt_MLA_MoE,MedNeXt_MHA_MoE,tumor_precision,0.0,0.0,0.0
HCC,HCC_083,MedNeXt_MLA_MoE vs MedNeXt_MHA_MoE,MedNeXt_MLA_MoE,MedNeXt_MHA_MoE,0.8856074394266864,0.9200701193258704,/home/PuMengYu/8T/nnUNet_result/results_v2_moe_retrain_after_fix_20260907/Dataset003_Liver/nnUNetTrainer_MedNeXt_MLA_MoE__nnUNetPlans__3d_fullres/fold_0/checkpoint_best.pth,/home/PuMengYu/nnUNet_workspace/results_v2_baseline_retrain_20260902/Dataset003_Liver/nnUNetTrainer_MedNeXt_MHA_MoE__nnUNetPlans__3d_fullres/fold_0/checkpoint_best.pth,MedNeXt_MLA_MoE,MedNeXt_MHA_MoE,tumor_precision,0.8856074394266864,0.9200701193258704,-0.034462679899183946
HCC,HCC_093,MedNeXt_MLA_MoE vs MedNeXt_MHA_MoE,MedNeXt_MLA_MoE,MedNeXt_MHA_MoE,0.8438575828954521,0.9042792254362897,/home/PuMengYu/8T/nnUNet_result/results_v2_moe_retrain_after_fix_20260907/Dataset003_Liver/nnUNetTrainer_MedNeXt_MLA_MoE__nnUNetPlans__3d_fullres/fold_0/checkpoint_best.pth,/home/PuMengYu/nnUNet_workspace/results_v2_baseline_retrain_20260902/Dataset003_Liver/nnUNetTrainer_MedNeXt_MHA_MoE__nnUNetPlans__3d_fullres/fold_0/checkpoint_best.pth,MedNeXt_MLA_MoE,MedNeXt_MHA_MoE,tumor_precision,0.8438575828954521,0.9042792254362897,-0.060421642540837595
HCC,HCC_102,MedNeXt_MLA_MoE vs MedNeXt_MHA_MoE,MedNeXt_MLA_MoE,MedNeXt_MHA_MoE,0.906792943406313,0.9804569622072137,/home/PuMengYu/8T/nnUNet_result/results_v2_moe_retrain_after_fix_20260907/Dataset003_Liver/nnUNetTrainer_MedNeXt_MLA_MoE__nnUNetPlans__3d_fullres/fold_0/checkpoint_best.pth,/home/PuMengYu/nnUNet_workspace/results_v2_baseline_retrain_20260902/Dataset003_Liver/nnUNetTrainer_MedNeXt_MHA_MoE__nnUNetPlans__3d_fullres/fold_0/checkpoint_best.pth,MedNeXt_MLA_MoE,MedNeXt_MHA_MoE,tumor_precision,0.906792943406313,0.9804569622072137,-0.07366401880090068
HCC,HCC_003,MedNeXt_MLA_MoE vs MedNeXt_MHA_MoE,MedNeXt_MLA_MoE,MedNeXt_MHA_MoE,0.16782558250706817,0.17517794681910434,/home/PuMengYu/8T/nnUNet_result/results_v2_moe_retrain_after_fix_20260907/Dataset003_Liver/nnUNetTrainer_MedNeXt_MLA_MoE__nnUNetPlans__3d_fullres/fold_0/checkpoint_best.pth,/home/PuMengYu/nnUNet_workspace/results_v2_baseline_retrain_20260902/Dataset003_Liver/nnUNetTrainer_MedNeXt_MHA_MoE__nnUNetPlans__3d_fullres/fold_0/checkpoint_best.pth,MedNeXt_MLA_MoE,MedNeXt_MHA_MoE,liver_dice,0.16782558250706817,0.17517794681910434,-0.007352364312036175
HCC,HCC_011,MedNeXt_MLA_MoE vs MedNeXt_MHA_MoE,MedNeXt_MLA_MoE,MedNeXt_MHA_MoE,0.9374101708809388,0.9378223832958045,/home/PuMengYu/8T/nnUNet_result/results_v2_moe_retrain_after_fix_20260907/Dataset003_Liver/nnUNetTrainer_MedNeXt_MLA_MoE__nnUNetPlans__3d_fullres/fold_0/checkpoint_best.pth,/home/PuMengYu/nnUNet_workspace/results_v2_baseline_retrain_20260902/Dataset003_Liver/nnUNetTrainer_MedNeXt_MHA_MoE__nnUNetPlans__3d_fullres/fold_0/checkpoint_best.pth,MedNeXt_MLA_MoE,MedNeXt_MHA_MoE,liver_dice,0.9374101708809388,0.9378223832958045,-0.00041221241486566473
HCC,HCC_020,MedNeXt_MLA_MoE vs MedNeXt_MHA_MoE,MedNeXt_MLA_MoE,MedNeXt_MHA_MoE,0.753407395802824,0.8821547430495279,/home/PuMengYu/8T/nnUNet_result/results_v2_moe_retrain_after_fix_20260907/Dataset003_Liver/nnUNetTrainer_MedNeXt_MLA_MoE__nnUNetPlans__3d_fullres/fold_0/checkpoint_best.pth,/home/PuMengYu/nnUNet_workspace/results_v2_baseline_retrain_20260902/Dataset003_Liver/nnUNetTrainer_MedNeXt_MHA_MoE__nnUNetPlans__3d_fullres/fold_0/checkpoint_best.pth,MedNeXt_MLA_MoE,MedNeXt_MHA_MoE,liver_dice,0.753407395802824,0.8821547430495279,-0.1287473472467039
HCC,HCC_021,MedNeXt_MLA_MoE vs MedNeXt_MHA_MoE,MedNeXt_MLA_MoE,MedNeXt_MHA_MoE,0.825825262320295,0.8398455798026135,/home/PuMengYu/8T/nnUNet_result/results_v2_moe_retrain_after_fix_20260907/Dataset003_Liver/nnUNetTrainer_MedNeXt_MLA_MoE__nnUNetPlans__3d_fullres/fold_0/checkpoint_best.pth,/home/PuMengYu/nnUNet_workspace/results_v2_baseline_retrain_20260902/Dataset003_Liver/nnUNetTrainer_MedNeXt_MHA_MoE__nnUNetPlans__3d_fullres/fold_0/checkpoint_best.pth,MedNeXt_MLA_MoE,MedNeXt_MHA_MoE,liver_dice,0.825825262320295,0.8398455798026135,-0.014020317482318578
HCC,HCC_025,MedNeXt_MLA_MoE vs MedNeXt_MHA_MoE,MedNeXt_MLA_MoE,MedNeXt_MHA_MoE,0.8514030002081149,0.8059946423390172,/home/PuMengYu/8T/nnUNet_result/results_v2_moe_retrain_after_fix_20260907/Dataset003_Liver/nnUNetTrainer_MedNeXt_MLA_MoE__nnUNetPlans__3d_fullres/fold_0/checkpoint_best.pth,/home/PuMengYu/nnUNet_workspace/results_v2_baseline_retrain_20260902/Dataset003_Liver/nnUNetTrainer_MedNeXt_MHA_MoE__nnUNetPlans__3d_fullres/fold_0/checkpoint_best.pth,MedNeXt_MLA_MoE,MedNeXt_MHA_MoE,liver_dice,0.8514030002081149,0.8059946423390172,0.04540835786909769
HCC,HCC_026,MedNeXt_MLA_MoE vs MedNeXt_MHA_MoE,MedNeXt_MLA_MoE,MedNeXt_MHA_MoE,0.9104082132457576,0.9121257068443335,/home/PuMengYu/8T/nnUNet_result/results_v2_moe_retrain_after_fix_20260907/Dataset003_Liver/nnUNetTrainer_MedNeXt_MLA_MoE__nnUNetPlans__3d_fullres/fold_0/checkpoint_best.pth,/home/PuMengYu/nnUNet_workspace/results_v2_baseline_retrain_20260902/Dataset003_Liver/nnUNetTrainer_MedNeXt_MHA_MoE__nnUNetPlans__3d_fullres/fold_0/checkpoint_best.pth,MedNeXt_MLA_MoE,MedNeXt_MHA_MoE,liver_dice,0.9104082132457576,0.9121257068443335,-0.00171749359857587
HCC,HCC_028,MedNeXt_MLA_MoE vs MedNeXt_MHA_MoE,MedNeXt_MLA_MoE,MedNeXt_MHA_MoE,0.8959522390013015,0.7323902937946949,/home/PuMengYu/8T/nnUNet_result/results_v2_moe_retrain_after_fix_20260907/Dataset003_Liver/nnUNetTrainer_MedNeXt_MLA_MoE__nnUNetPlans__3d_fullres/fold_0/checkpoint_best.pth,/home/PuMengYu/nnUNet_workspace/results_v2_baseline_retrain_20260902/Dataset003_Liver/nnUNetTrainer_MedNeXt_MHA_MoE__nnUNetPlans__3d_fullres/fold_0/checkpoint_best.pth,MedNeXt_MLA_MoE,MedNeXt_MHA_MoE,liver_dice,0.8959522390013015,0.7323902937946949,0.1635619452066066
HCC,HCC_047,MedNeXt_MLA_MoE vs MedNeXt_MHA_MoE,MedNeXt_MLA_MoE,MedNeXt_MHA_MoE,0.8820970192455969,0.9297576002664256,/home/PuMengYu/8T/nnUNet_result/results_v2_moe_retrain_after_fix_20260907/Dataset003_Liver/nnUNetTrainer_MedNeXt_MLA_MoE__nnUNetPlans__3d_fullres/fold_0/checkpoint_best.pth,/home/PuMengYu/nnUNet_workspace/results_v2_baseline_retrain_20260902/Dataset003_Liver/nnUNetTrainer_MedNeXt_MHA_MoE__nnUNetPlans__3d_fullres/fold_0/checkpoint_best.pth,MedNeXt_MLA_MoE,MedNeXt_MHA_MoE,liver_dice,0.8820970192455969,0.9297576002664256,-0.04766058102082871
HCC,HCC_052,MedNeXt_MLA_MoE vs MedNeXt_MHA_MoE,MedNeXt_MLA_MoE,MedNeXt_MHA_MoE,0.9020626895544797,0.8323774237240752,/home/PuMengYu/8T/nnUNet_result/results_v2_moe_retrain_after_fix_20260907/Dataset003_Liver/nnUNetTrainer_MedNeXt_MLA_MoE__nnUNetPlans__3d_fullres/fold_0/checkpoint_best.pth,/home/PuMengYu/nnUNet_workspace/results_v2_baseline_retrain_20260902/Dataset003_Liver/nnUNetTrainer_MedNeXt_MHA_MoE__nnUNetPlans__3d_fullres/fold_0/checkpoint_best.pth,MedNeXt_MLA_MoE,MedNeXt_MHA_MoE,liver_dice,0.9020626895544797,0.8323774237240752,0.06968526583040446
HCC,HCC_055,MedNeXt_MLA_MoE vs MedNeXt_MHA_MoE,MedNeXt_MLA_MoE,MedNeXt_MHA_MoE,0.9262143585615649,0.8730451845794003,/home/PuMengYu/8T/nnUNet_result/results_v2_moe_retrain_after_fix_20260907/Dataset003_Liver/nnUNetTrainer_MedNeXt_MLA_MoE__nnUNetPlans__3d_fullres/fold_0/checkpoint_best.pth,/home/PuMengYu/nnUNet_workspace/results_v2_baseline_retrain_20260902/Dataset003_Liver/nnUNetTrainer_MedNeXt_MHA_MoE__nnUNetPlans__3d_fullres/fold_0/checkpoint_best.pth,MedNeXt_MLA_MoE,MedNeXt_MHA_MoE,liver_dice,0.9262143585615649,0.8730451845794003,0.053169173982164586
HCC,HCC_058,MedNeXt_MLA_MoE vs MedNeXt_MHA_MoE,MedNeXt_MLA_MoE,MedNeXt_MHA_MoE,0.8829054842473746,0.8785217267929193,/home/PuMengYu/8T/nnUNet_result/results_v2_moe_retrain_after_fix_20260907/Dataset003_Liver/nnUNetTrainer_MedNeXt_MLA_MoE__nnUNetPlans__3d_fullres/fold_0/checkpoint_best.pth,/home/PuMengYu/nnUNet_workspace/results_v2_baseline_retrain_20260902/Dataset003_Liver/nnUNetTrainer_MedNeXt_MHA_MoE__nnUNetPlans__3d_fullres/fold_0/checkpoint_best.pth,MedNeXt_MLA_MoE,MedNeXt_MHA_MoE,liver_dice,0.8829054842473746,0.8785217267929193,0.004383757454455295
HCC,HCC_059,MedNeXt_MLA_MoE vs MedNeXt_MHA_MoE,MedNeXt_MLA_MoE,MedNeXt_MHA_MoE,0.9342027577836262,0.9329392173439065,/home/PuMengYu/8T/nnUNet_result/results_v2_moe_retrain_after_fix_20260907/Dataset003_Liver/nnUNetTrainer_MedNeXt_MLA_MoE__nnUNetPlans__3d_fullres/fold_0/checkpoint_best.pth,/home/PuMengYu/nnUNet_workspace/results_v2_baseline_retrain_20260902/Dataset003_Liver/nnUNetTrainer_MedNeXt_MHA_MoE__nnUNetPlans__3d_fullres/fold_0/checkpoint_best.pth,MedNeXt_MLA_MoE,MedNeXt_MHA_MoE,liver_dice,0.9342027577836262,0.9329392173439065,0.001263540439719657
HCC,HCC_060,MedNeXt_MLA_MoE vs MedNeXt_MHA_MoE,MedNeXt_MLA_MoE,MedNeXt_MHA_MoE,0.8740221272207023,0.9368632844438409,/home/PuMengYu/8T/nnUNet_result/results_v2_moe_retrain_after_fix_20260907/Dataset003_Liver/nnUNetTrainer_MedNeXt_MLA_MoE__nnUNetPlans__3d_fullres/fold_0/checkpoint_best.pth,/home/PuMengYu/nnUNet_workspace/results_v2_baseline_retrain_20260902/Dataset003_Liver/nnUNetTrainer_MedNeXt_MHA_MoE__nnUNetPlans__3d_fullres/fold_0/checkpoint_best.pth,MedNeXt_MLA_MoE,MedNeXt_MHA_MoE,liver_dice,0.8740221272207023,0.9368632844438409,-0.06284115722313866
HCC,HCC_068,MedNeXt_MLA_MoE vs MedNeXt_MHA_MoE,MedNeXt_MLA_MoE,MedNeXt_MHA_MoE,0.4027817001344439,0.41311872150052453,/home/PuMengYu/8T/nnUNet_result/results_v2_moe_retrain_after_fix_20260907/Dataset003_Liver/nnUNetTrainer_MedNeXt_MLA_MoE__nnUNetPlans__3d_fullres/fold_0/checkpoint_best.pth,/home/PuMengYu/nnUNet_workspace/results_v2_baseline_retrain_20260902/Dataset003_Liver/nnUNetTrainer_MedNeXt_MHA_MoE__nnUNetPlans__3d_fullres/fold_0/checkpoint_best.pth,MedNeXt_MLA_MoE,MedNeXt_MHA_MoE,liver_dice,0.4027817001344439,0.41311872150052453,-0.010337021366080612
HCC,HCC_071,MedNeXt_MLA_MoE vs MedNeXt_MHA_MoE,MedNeXt_MLA_MoE,MedNeXt_MHA_MoE,0.9481254731575656,0.9574367527821007,/home/PuMengYu/8T/nnUNet_result/results_v2_moe_retrain_after_fix_20260907/Dataset003_Liver/nnUNetTrainer_MedNeXt_MLA_MoE__nnUNetPlans__3d_fullres/fold_0/checkpoint_best.pth,/home/PuMengYu/nnUNet_workspace/results_v2_baseline_retrain_20260902/Dataset003_Liver/nnUNetTrainer_MedNeXt_MHA_MoE__nnUNetPlans__3d_fullres/fold_0/checkpoint_best.pth,MedNeXt_MLA_MoE,MedNeXt_MHA_MoE,liver_dice,0.9481254731575656,0.9574367527821007,-0.009311279624535151
HCC,HCC_078,MedNeXt_MLA_MoE vs MedNeXt_MHA_MoE,MedNeXt_MLA_MoE,MedNeXt_MHA_MoE,0.9361271800808352,0.9250573230936584,/home/PuMengYu/8T/nnUNet_result/results_v2_moe_retrain_after_fix_20260907/Dataset003_Liver/nnUNetTrainer_MedNeXt_MLA_MoE__nnUNetPlans__3d_fullres/fold_0/checkpoint_best.pth,/home/PuMengYu/nnUNet_workspace/results_v2_baseline_retrain_20260902/Dataset003_Liver/nnUNetTrainer_MedNeXt_MHA_MoE__nnUNetPlans__3d_fullres/fold_0/checkpoint_best.pth,MedNeXt_MLA_MoE,MedNeXt_MHA_MoE,liver_dice,0.9361271800808352,0.9250573230936584,0.011069856987176774
HCC,HCC_081,MedNeXt_MLA_MoE vs MedNeXt_MHA_MoE,MedNeXt_MLA_MoE,MedNeXt_MHA_MoE,0.952891697535156,0.9568374969506366,/home/PuMengYu/8T/nnUNet_result/results_v2_moe_retrain_after_fix_20260907/Dataset003_Liver/nnUNetTrainer_MedNeXt_MLA_MoE__nnUNetPlans__3d_fullres/fold_0/checkpoint_best.pth,/home/PuMengYu/nnUNet_workspace/results_v2_baseline_retrain_20260902/Dataset003_Liver/nnUNetTrainer_MedNeXt_MHA_MoE__nnUNetPlans__3d_fullres/fold_0/checkpoint_best.pth,MedNeXt_MLA_MoE,MedNeXt_MHA_MoE,liver_dice,0.952891697535156,0.9568374969506366,-0.0039457994154805665
HCC,HCC_082,MedNeXt_MLA_MoE vs MedNeXt_MHA_MoE,MedNeXt_MLA_MoE,MedNeXt_MHA_MoE,0.9166426987889821,0.9399702409439363,/home/PuMengYu/8T/nnUNet_result/results_v2_moe_retrain_after_fix_20260907/Dataset003_Liver/nnUNetTrainer_MedNeXt_MLA_MoE__nnUNetPlans__3d_fullres/fold_0/checkpoint_best.pth,/home/PuMengYu/nnUNet_workspace/results_v2_baseline_retrain_20260902/Dataset003_Liver/nnUNetTrainer_MedNeXt_MHA_MoE__nnUNetPlans__3d_fullres/fold_0/checkpoint_best.pth,MedNeXt_MLA_MoE,MedNeXt_MHA_MoE,liver_dice,0.9166426987889821,0.9399702409439363,-0.02332754215495425
HCC,HCC_083,MedNeXt_MLA_MoE vs MedNeXt_MHA_MoE,MedNeXt_MLA_MoE,MedNeXt_MHA_MoE,0.9524777461117396,0.9534504950521722,/home/PuMengYu/8T/nnUNet_result/results_v2_moe_retrain_after_fix_20260907/Dataset003_Liver/nnUNetTrainer_MedNeXt_MLA_MoE__nnUNetPlans__3d_fullres/fold_0/checkpoint_best.pth,/home/PuMengYu/nnUNet_workspace/results_v2_baseline_retrain_20260902/Dataset003_Liver/nnUNetTrainer_MedNeXt_MHA_MoE__nnUNetPlans__3d_fullres/fold_0/checkpoint_best.pth,MedNeXt_MLA_MoE,MedNeXt_MHA_MoE,liver_dice,0.9524777461117396,0.9534504950521722,-0.0009727489404325329
HCC,HCC_093,MedNeXt_MLA_MoE vs MedNeXt_MHA_MoE,MedNeXt_MLA_MoE,MedNeXt_MHA_MoE,0.9425356636126663,0.942393515772263,/home/PuMengYu/8T/nnUNet_result/results_v2_moe_retrain_after_fix_20260907/Dataset003_Liver/nnUNetTrainer_MedNeXt_MLA_MoE__nnUNetPlans__3d_fullres/fold_0/checkpoint_best.pth,/home/PuMengYu/nnUNet_workspace/results_v2_baseline_retrain_20260902/Dataset003_Liver/nnUNetTrainer_MedNeXt_MHA_MoE__nnUNetPlans__3d_fullres/fold_0/checkpoint_best.pth,MedNeXt_MLA_MoE,MedNeXt_MHA_MoE,liver_dice,0.9425356636126663,0.942393515772263,0.00014214784040322836
HCC,HCC_102,MedNeXt_MLA_MoE vs MedNeXt_MHA_MoE,MedNeXt_MLA_MoE,MedNeXt_MHA_MoE,0.855906212934528,0.8704108971967015,/home/PuMengYu/8T/nnUNet_result/results_v2_moe_retrain_after_fix_20260907/Dataset003_Liver/nnUNetTrainer_MedNeXt_MLA_MoE__nnUNetPlans__3d_fullres/fold_0/checkpoint_best.pth,/home/PuMengYu/nnUNet_workspace/results_v2_baseline_retrain_20260902/Dataset003_Liver/nnUNetTrainer_MedNeXt_MHA_MoE__nnUNetPlans__3d_fullres/fold_0/checkpoint_best.pth,MedNeXt_MLA_MoE,MedNeXt_MHA_MoE,liver_dice,0.855906212934528,0.8704108971967015,-0.01450468426217355
HCC,HCC_003,MedNeXt_MLA_MoE vs MedNeXt_MLA,MedNeXt_MLA_MoE,MedNeXt_MLA,0.0,0.0,/home/PuMengYu/8T/nnUNet_result/results_v2_moe_retrain_after_fix_20260907/Dataset003_Liver/nnUNetTrainer_MedNeXt_MLA_MoE__nnUNetPlans__3d_fullres/fold_0/checkpoint_best.pth,/home/PuMengYu/nnUNet_workspace/results_v2/Dataset003_Liver/nnUNetTrainer_MedNeXt_MLA__nnUNetPlans__3d_fullres/fold_0/checkpoint_best.pth,MedNeXt_MLA_MoE,MedNeXt_MLA,tumor_dice,0.0,0.0,0.0
HCC,HCC_011,MedNeXt_MLA_MoE vs MedNeXt_MLA,MedNeXt_MLA_MoE,MedNeXt_MLA,0.37727102501037457,0.19563640550342526,/home/PuMengYu/8T/nnUNet_result/results_v2_moe_retrain_after_fix_20260907/Dataset003_Liver/nnUNetTrainer_MedNeXt_MLA_MoE__nnUNetPlans__3d_fullres/fold_0/checkpoint_best.pth,/home/PuMengYu/nnUNet_workspace/results_v2/Dataset003_Liver/nnUNetTrainer_MedNeXt_MLA__nnUNetPlans__3d_fullres/fold_0/checkpoint_best.pth,MedNeXt_MLA_MoE,MedNeXt_MLA,tumor_dice,0.37727102501037457,0.19563640550342526,0.1816346195069493
HCC,HCC_020,MedNeXt_MLA_MoE vs MedNeXt_MLA,MedNeXt_MLA_MoE,MedNeXt_MLA,0.07555385379715392,0.04206538847031833,/home/PuMengYu/8T/nnUNet_result/results_v2_moe_retrain_after_fix_20260907/Dataset003_Liver/nnUNetTrainer_MedNeXt_MLA_MoE__nnUNetPlans__3d_fullres/fold_0/checkpoint_best.pth,/home/PuMengYu/nnUNet_workspace/results_v2/Dataset003_Liver/nnUNetTrainer_MedNeXt_MLA__nnUNetPlans__3d_fullres/fold_0/checkpoint_best.pth,MedNeXt_MLA_MoE,MedNeXt_MLA,tumor_dice,0.07555385379715392,0.04206538847031833,0.03348846532683559
HCC,HCC_021,MedNeXt_MLA_MoE vs MedNeXt_MLA,MedNeXt_MLA_MoE,MedNeXt_MLA,0.7847120129637432,0.7658487669963364,/home/PuMengYu/8T/nnUNet_result/results_v2_moe_retrain_after_fix_20260907/Dataset003_Liver/nnUNetTrainer_MedNeXt_MLA_MoE__nnUNetPlans__3d_fullres/fold_0/checkpoint_best.pth,/home/PuMengYu/nnUNet_workspace/results_v2/Dataset003_Liver/nnUNetTrainer_MedNeXt_MLA__nnUNetPlans__3d_fullres/fold_0/checkpoint_best.pth,MedNeXt_MLA_MoE,MedNeXt_MLA,tumor_dice,0.7847120129637432,0.7658487669963364,0.01886324596740674
HCC,HCC_025,MedNeXt_MLA_MoE vs MedNeXt_MLA,MedNeXt_MLA_MoE,MedNeXt_MLA,0.7829429001859814,0.5906290774614551,/home/PuMengYu/8T/nnUNet_result/results_v2_moe_retrain_after_fix_20260907/Dataset003_Liver/nnUNetTrainer_MedNeXt_MLA_MoE__nnUNetPlans__3d_fullres/fold_0/checkpoint_best.pth,/home/PuMengYu/nnUNet_workspace/results_v2/Dataset003_Liver/nnUNetTrainer_MedNeXt_MLA__nnUNetPlans__3d_fullres/fold_0/checkpoint_best.pth,MedNeXt_MLA_MoE,MedNeXt_MLA,tumor_dice,0.7829429001859814,0.5906290774614551,0.19231382272452635
HCC,HCC_026,MedNeXt_MLA_MoE vs MedNeXt_MLA,MedNeXt_MLA_MoE,MedNeXt_MLA,0.09044596626023049,0.04790777113578138,/home/PuMengYu/8T/nnUNet_result/results_v2_moe_retrain_after_fix_20260907/Dataset003_Liver/nnUNetTrainer_MedNeXt_MLA_MoE__nnUNetPlans__3d_fullres/fold_0/checkpoint_best.pth,/home/PuMengYu/nnUNet_workspace/results_v2/Dataset003_Liver/nnUNetTrainer_MedNeXt_MLA__nnUNetPlans__3d_fullres/fold_0/checkpoint_best.pth,MedNeXt_MLA_MoE,MedNeXt_MLA,tumor_dice,0.09044596626023049,0.04790777113578138,0.04253819512444911
HCC,HCC_028,MedNeXt_MLA_MoE vs MedNeXt_MLA,MedNeXt_MLA_MoE,MedNeXt_MLA,0.47762624274884924,0.5375883826373696,/home/PuMengYu/8T/nnUNet_result/results_v2_moe_retrain_after_fix_20260907/Dataset003_Liver/nnUNetTrainer_MedNeXt_MLA_MoE__nnUNetPlans__3d_fullres/fold_0/checkpoint_best.pth,/home/PuMengYu/nnUNet_workspace/results_v2/Dataset003_Liver/nnUNetTrainer_MedNeXt_MLA__nnUNetPlans__3d_fullres/fold_0/checkpoint_best.pth,MedNeXt_MLA_MoE,MedNeXt_MLA,tumor_dice,0.47762624274884924,0.5375883826373696,-0.059962139888520394
HCC,HCC_047,MedNeXt_MLA_MoE vs MedNeXt_MLA,MedNeXt_MLA_MoE,MedNeXt_MLA,0.47056500424976605,0.2985404645298938,/home/PuMengYu/8T/nnUNet_result/results_v2_moe_retrain_after_fix_20260907/Dataset003_Liver/nnUNetTrainer_MedNeXt_MLA_MoE__nnUNetPlans__3d_fullres/fold_0/checkpoint_best.pth,/home/PuMengYu/nnUNet_workspace/results_v2/Dataset003_Liver/nnUNetTrainer_MedNeXt_MLA__nnUNetPlans__3d_fullres/fold_0/checkpoint_best.pth,MedNeXt_MLA_MoE,MedNeXt_MLA,tumor_dice,0.47056500424976605,0.2985404645298938,0.17202453971987225
HCC,HCC_052,MedNeXt_MLA_MoE vs MedNeXt_MLA,MedNeXt_MLA_MoE,MedNeXt_MLA,0.15157549619328434,0.20105757742977612,/home/PuMengYu/8T/nnUNet_result/results_v2_moe_retrain_after_fix_20260907/Dataset003_Liver/nnUNetTrainer_MedNeXt_MLA_MoE__nnUNetPlans__3d_fullres/fold_0/checkpoint_best.pth,/home/PuMengYu/nnUNet_workspace/results_v2/Dataset003_Liver/nnUNetTrainer_MedNeXt_MLA__nnUNetPlans__3d_fullres/fold_0/checkpoint_best.pth,MedNeXt_MLA_MoE,MedNeXt_MLA,tumor_dice,0.15157549619328434,0.20105757742977612,-0.04948208123649178
HCC,HCC_055,MedNeXt_MLA_MoE vs MedNeXt_MLA,MedNeXt_MLA_MoE,MedNeXt_MLA,0.11126198083067093,0.03829996180915489,/home/PuMengYu/8T/nnUNet_result/results_v2_moe_retrain_after_fix_20260907/Dataset003_Liver/nnUNetTrainer_MedNeXt_MLA_MoE__nnUNetPlans__3d_fullres/fold_0/checkpoint_best.pth,/home/PuMengYu/nnUNet_workspace/results_v2/Dataset003_Liver/nnUNetTrainer_MedNeXt_MLA__nnUNetPlans__3d_fullres/fold_0/checkpoint_best.pth,MedNeXt_MLA_MoE,MedNeXt_MLA,tumor_dice,0.11126198083067093,0.03829996180915489,0.07296201902151604
HCC,HCC_058,MedNeXt_MLA_MoE vs MedNeXt_MLA,MedNeXt_MLA_MoE,MedNeXt_MLA,0.9298013607817862,0.8331879466378734,/home/PuMengYu/8T/nnUNet_result/results_v2_moe_retrain_after_fix_20260907/Dataset003_Liver/nnUNetTrainer_MedNeXt_MLA_MoE__nnUNetPlans__3d_fullres/fold_0/checkpoint_best.pth,/home/PuMengYu/nnUNet_workspace/results_v2/Dataset003_Liver/nnUNetTrainer_MedNeXt_MLA__nnUNetPlans__3d_fullres/fold_0/checkpoint_best.pth,MedNeXt_MLA_MoE,MedNeXt_MLA,tumor_dice,0.9298013607817862,0.8331879466378734,0.09661341414391278
HCC,HCC_059,MedNeXt_MLA_MoE vs MedNeXt_MLA,MedNeXt_MLA_MoE,MedNeXt_MLA,0.8819105379091773,0.8538987223566366,/home/PuMengYu/8T/nnUNet_result/results_v2_moe_retrain_after_fix_20260907/Dataset003_Liver/nnUNetTrainer_MedNeXt_MLA_MoE__nnUNetPlans__3d_fullres/fold_0/checkpoint_best.pth,/home/PuMengYu/nnUNet_workspace/results_v2/Dataset003_Liver/nnUNetTrainer_MedNeXt_MLA__nnUNetPlans__3d_fullres/fold_0/checkpoint_best.pth,MedNeXt_MLA_MoE,MedNeXt_MLA,tumor_dice,0.8819105379091773,0.8538987223566366,0.02801181555254073
HCC,HCC_060,MedNeXt_MLA_MoE vs MedNeXt_MLA,MedNeXt_MLA_MoE,MedNeXt_MLA,0.6294809688581315,0.6733036557399164,/home/PuMengYu/8T/nnUNet_result/results_v2_moe_retrain_after_fix_20260907/Dataset003_Liver/nnUNetTrainer_MedNeXt_MLA_MoE__nnUNetPlans__3d_fullres/fold_0/checkpoint_best.pth,/home/PuMengYu/nnUNet_workspace/results_v2/Dataset003_Liver/nnUNetTrainer_MedNeXt_MLA__nnUNetPlans__3d_fullres/fold_0/checkpoint_best.pth,MedNeXt_MLA_MoE,MedNeXt_MLA,tumor_dice,0.6294809688581315,0.6733036557399164,-0.04382268688178481
HCC,HCC_068,MedNeXt_MLA_MoE vs MedNeXt_MLA,MedNeXt_MLA_MoE,MedNeXt_MLA,0.0,0.0,/home/PuMengYu/8T/nnUNet_result/results_v2_moe_retrain_after_fix_20260907/Dataset003_Liver/nnUNetTrainer_MedNeXt_MLA_MoE__nnUNetPlans__3d_fullres/fold_0/checkpoint_best.pth,/home/PuMengYu/nnUNet_workspace/results_v2/Dataset003_Liver/nnUNetTrainer_MedNeXt_MLA__nnUNetPlans__3d_fullres/fold_0/checkpoint_best.pth,MedNeXt_MLA_MoE,MedNeXt_MLA,tumor_dice,0.0,0.0,0.0
HCC,HCC_071,MedNeXt_MLA_MoE vs MedNeXt_MLA,MedNeXt_MLA_MoE,MedNeXt_MLA,0.4027627886898338,0.5456875560681789,/home/PuMengYu/8T/nnUNet_result/results_v2_moe_retrain_after_fix_20260907/Dataset003_Liver/nnUNetTrainer_MedNeXt_MLA_MoE__nnUNetPlans__3d_fullres/fold_0/checkpoint_best.pth,/home/PuMengYu/nnUNet_workspace/results_v2/Dataset003_Liver/nnUNetTrainer_MedNeXt_MLA__nnUNetPlans__3d_fullres/fold_0/checkpoint_best.pth,MedNeXt_MLA_MoE,MedNeXt_MLA,tumor_dice,0.4027627886898338,0.5456875560681789,-0.14292476737834509
HCC,HCC_078,MedNeXt_MLA_MoE vs MedNeXt_MLA,MedNeXt_MLA_MoE,MedNeXt_MLA,0.0,0.0,/home/PuMengYu/8T/nnUNet_result/results_v2_moe_retrain_after_fix_20260907/Dataset003_Liver/nnUNetTrainer_MedNeXt_MLA_MoE__nnUNetPlans__3d_fullres/fold_0/checkpoint_best.pth,/home/PuMengYu/nnUNet_workspace/results_v2/Dataset003_Liver/nnUNetTrainer_MedNeXt_MLA__nnUNetPlans__3d_fullres/fold_0/checkpoint_best.pth,MedNeXt_MLA_MoE,MedNeXt_MLA,tumor_dice,0.0,0.0,0.0
HCC,HCC_081,MedNeXt_MLA_MoE vs MedNeXt_MLA,MedNeXt_MLA_MoE,MedNeXt_MLA,0.7938143077539814,0.8097691280290021,/home/PuMengYu/8T/nnUNet_result/results_v2_moe_retrain_after_fix_20260907/Dataset003_Liver/nnUNetTrainer_MedNeXt_MLA_MoE__nnUNetPlans__3d_fullres/fold_0/checkpoint_best.pth,/home/PuMengYu/nnUNet_workspace/results_v2/Dataset003_Liver/nnUNetTrainer_MedNeXt_MLA__nnUNetPlans__3d_fullres/fold_0/checkpoint_best.pth,MedNeXt_MLA_MoE,MedNeXt_MLA,tumor_dice,0.7938143077539814,0.8097691280290021,-0.01595482027502071
HCC,HCC_082,MedNeXt_MLA_MoE vs MedNeXt_MLA,MedNeXt_MLA_MoE,MedNeXt_MLA,0.0,0.728842397126473,/home/PuMengYu/8T/nnUNet_result/results_v2_moe_retrain_after_fix_20260907/Dataset003_Liver/nnUNetTrainer_MedNeXt_MLA_MoE__nnUNetPlans__3d_fullres/fold_0/checkpoint_best.pth,/home/PuMengYu/nnUNet_workspace/results_v2/Dataset003_Liver/nnUNetTrainer_MedNeXt_MLA__nnUNetPlans__3d_fullres/fold_0/checkpoint_best.pth,MedNeXt_MLA_MoE,MedNeXt_MLA,tumor_dice,0.0,0.728842397126473,-0.728842397126473
HCC,HCC_083,MedNeXt_MLA_MoE vs MedNeXt_MLA,MedNeXt_MLA_MoE,MedNeXt_MLA,0.8124576050091312,0.8306847371221726,/home/PuMengYu/8T/nnUNet_result/results_v2_moe_retrain_after_fix_20260907/Dataset003_Liver/nnUNetTrainer_MedNeXt_MLA_MoE__nnUNetPlans__3d_fullres/fold_0/checkpoint_best.pth,/home/PuMengYu/nnUNet_workspace/results_v2/Dataset003_Liver/nnUNetTrainer_MedNeXt_MLA__nnUNetPlans__3d_fullres/fold_0/checkpoint_best.pth,MedNeXt_MLA_MoE,MedNeXt_MLA,tumor_dice,0.8124576050091312,0.8306847371221726,-0.01822713211304139
HCC,HCC_093,MedNeXt_MLA_MoE vs MedNeXt_MLA,MedNeXt_MLA_MoE,MedNeXt_MLA,0.8722667041251112,0.9123062015503876,/home/PuMengYu/8T/nnUNet_result/results_v2_moe_retrain_after_fix_20260907/Dataset003_Liver/nnUNetTrainer_MedNeXt_MLA_MoE__nnUNetPlans__3d_fullres/fold_0/checkpoint_best.pth,/home/PuMengYu/nnUNet_workspace/results_v2/Dataset003_Liver/nnUNetTrainer_MedNeXt_MLA__nnUNetPlans__3d_fullres/fold_0/checkpoint_best.pth,MedNeXt_MLA_MoE,MedNeXt_MLA,tumor_dice,0.8722667041251112,0.9123062015503876,-0.04003949742527635
HCC,HCC_102,MedNeXt_MLA_MoE vs MedNeXt_MLA,MedNeXt_MLA_MoE,MedNeXt_MLA,0.8290235151676719,0.8502841523032982,/home/PuMengYu/8T/nnUNet_result/results_v2_moe_retrain_after_fix_20260907/Dataset003_Liver/nnUNetTrainer_MedNeXt_MLA_MoE__nnUNetPlans__3d_fullres/fold_0/checkpoint_best.pth,/home/PuMengYu/nnUNet_workspace/results_v2/Dataset003_Liver/nnUNetTrainer_MedNeXt_MLA__nnUNetPlans__3d_fullres/fold_0/checkpoint_best.pth,MedNeXt_MLA_MoE,MedNeXt_MLA,tumor_dice,0.8290235151676719,0.8502841523032982,-0.021260637135626315
HCC,HCC_003,MedNeXt_MLA_MoE vs MedNeXt_MLA,MedNeXt_MLA_MoE,MedNeXt_MLA,0.0,0.0,/home/PuMengYu/8T/nnUNet_result/results_v2_moe_retrain_after_fix_20260907/Dataset003_Liver/nnUNetTrainer_MedNeXt_MLA_MoE__nnUNetPlans__3d_fullres/fold_0/checkpoint_best.pth,/home/PuMengYu/nnUNet_workspace/results_v2/Dataset003_Liver/nnUNetTrainer_MedNeXt_MLA__nnUNetPlans__3d_fullres/fold_0/checkpoint_best.pth,MedNeXt_MLA_MoE,MedNeXt_MLA,tumor_recall,0.0,0.0,0.0
HCC,HCC_011,MedNeXt_MLA_MoE vs MedNeXt_MLA,MedNeXt_MLA_MoE,MedNeXt_MLA,0.23807820543937866,0.10853208313639325,/home/PuMengYu/8T/nnUNet_result/results_v2_moe_retrain_after_fix_20260907/Dataset003_Liver/nnUNetTrainer_MedNeXt_MLA_MoE__nnUNetPlans__3d_fullres/fold_0/checkpoint_best.pth,/home/PuMengYu/nnUNet_workspace/results_v2/Dataset003_Liver/nnUNetTrainer_MedNeXt_MLA__nnUNetPlans__3d_fullres/fold_0/checkpoint_best.pth,MedNeXt_MLA_MoE,MedNeXt_MLA,tumor_recall,0.23807820543937866,0.10853208313639325,0.1295461223029854
HCC,HCC_020,MedNeXt_MLA_MoE vs MedNeXt_MLA,MedNeXt_MLA_MoE,MedNeXt_MLA,0.06339411833427148,0.02930743332943913,/home/PuMengYu/8T/nnUNet_result/results_v2_moe_retrain_after_fix_20260907/Dataset003_Liver/nnUNetTrainer_MedNeXt_MLA_MoE__nnUNetPlans__3d_fullres/fold_0/checkpoint_best.pth,/home/PuMengYu/nnUNet_workspace/results_v2/Dataset003_Liver/nnUNetTrainer_MedNeXt_MLA__nnUNetPlans__3d_fullres/fold_0/checkpoint_best.pth,MedNeXt_MLA_MoE,MedNeXt_MLA,tumor_recall,0.06339411833427148,0.02930743332943913,0.034086685004832355
HCC,HCC_021,MedNeXt_MLA_MoE vs MedNeXt_MLA,MedNeXt_MLA_MoE,MedNeXt_MLA,0.6774724196737145,0.63855058028101,/home/PuMengYu/8T/nnUNet_result/results_v2_moe_retrain_after_fix_20260907/Dataset003_Liver/nnUNetTrainer_MedNeXt_MLA_MoE__nnUNetPlans__3d_fullres/fold_0/checkpoint_best.pth,/home/PuMengYu/nnUNet_workspace/results_v2/Dataset003_Liver/nnUNetTrainer_MedNeXt_MLA__nnUNetPlans__3d_fullres/fold_0/checkpoint_best.pth,MedNeXt_MLA_MoE,MedNeXt_MLA,tumor_recall,0.6774724196737145,0.63855058028101,0.03892183939270455
HCC,HCC_025,MedNeXt_MLA_MoE vs MedNeXt_MLA,MedNeXt_MLA_MoE,MedNeXt_MLA,0.6755432046189661,0.4209474726185597,/home/PuMengYu/8T/nnUNet_result/results_v2_moe_retrain_after_fix_20260907/Dataset003_Liver/nnUNetTrainer_MedNeXt_MLA_MoE__nnUNetPlans__3d_fullres/fold_0/checkpoint_best.pth,/home/PuMengYu/nnUNet_workspace/results_v2/Dataset003_Liver/nnUNetTrainer_MedNeXt_MLA__nnUNetPlans__3d_fullres/fold_0/checkpoint_best.pth,MedNeXt_MLA_MoE,MedNeXt_MLA,tumor_recall,0.6755432046189661,0.4209474726185597,0.2545957320004064
HCC,HCC_026,MedNeXt_MLA_MoE vs MedNeXt_MLA,MedNeXt_MLA_MoE,MedNeXt_MLA,0.04877279891916235,0.025264580049538393,/home/PuMengYu/8T/nnUNet_result/results_v2_moe_retrain_after_fix_20260907/Dataset003_Liver/nnUNetTrainer_MedNeXt_MLA_MoE__nnUNetPlans__3d_fullres/fold_0/checkpoint_best.pth,/home/PuMengYu/nnUNet_workspace/results_v2/Dataset003_Liver/nnUNetTrainer_MedNeXt_MLA__nnUNetPlans__3d_fullres/fold_0/checkpoint_best.pth,MedNeXt_MLA_MoE,MedNeXt_MLA,tumor_recall,0.04877279891916235,0.025264580049538393,0.023508218869623957
HCC,HCC_028,MedNeXt_MLA_MoE vs MedNeXt_MLA,MedNeXt_MLA_MoE,MedNeXt_MLA,0.3172322869547428,0.3854022230809447,/home/PuMengYu/8T/nnUNet_result/results_v2_moe_retrain_after_fix_20260907/Dataset003_Liver/nnUNetTrainer_MedNeXt_MLA_MoE__nnUNetPlans__3d_fullres/fold_0/checkpoint_best.pth,/home/PuMengYu/nnUNet_workspace/results_v2/Dataset003_Liver/nnUNetTrainer_MedNeXt_MLA__nnUNetPlans__3d_fullres/fold_0/checkpoint_best.pth,MedNeXt_MLA_MoE,MedNeXt_MLA,tumor_recall,0.3172322869547428,0.3854022230809447,-0.06816993612620187
HCC,HCC_047,MedNeXt_MLA_MoE vs MedNeXt_MLA,MedNeXt_MLA_MoE,MedNeXt_MLA,0.31489865330698164,0.1768626189272418,/home/PuMengYu/8T/nnUNet_result/results_v2_moe_retrain_after_fix_20260907/Dataset003_Liver/nnUNetTrainer_MedNeXt_MLA_MoE__nnUNetPlans__3d_fullres/fold_0/checkpoint_best.pth,/home/PuMengYu/nnUNet_workspace/results_v2/Dataset003_Liver/nnUNetTrainer_MedNeXt_MLA__nnUNetPlans__3d_fullres/fold_0/checkpoint_best.pth,MedNeXt_MLA_MoE,MedNeXt_MLA,tumor_recall,0.31489865330698164,0.1768626189272418,0.13803603437973982
HCC,HCC_052,MedNeXt_MLA_MoE vs MedNeXt_MLA,MedNeXt_MLA_MoE,MedNeXt_MLA,0.08288063912601443,0.11288178214128872,/home/PuMengYu/8T/nnUNet_result/results_v2_moe_retrain_after_fix_20260907/Dataset003_Liver/nnUNetTrainer_MedNeXt_MLA_MoE__nnUNetPlans__3d_fullres/fold_0/checkpoint_best.pth,/home/PuMengYu/nnUNet_workspace/results_v2/Dataset003_Liver/nnUNetTrainer_MedNeXt_MLA__nnUNetPlans__3d_fullres/fold_0/checkpoint_best.pth,MedNeXt_MLA_MoE,MedNeXt_MLA,tumor_recall,0.08288063912601443,0.11288178214128872,-0.03000114301527429
HCC,HCC_055,MedNeXt_MLA_MoE vs MedNeXt_MLA,MedNeXt_MLA_MoE,MedNeXt_MLA,0.059022922757510275,0.07436125587898818,/home/PuMengYu/8T/nnUNet_result/results_v2_moe_retrain_after_fix_20260907/Dataset003_Liver/nnUNetTrainer_MedNeXt_MLA_MoE__nnUNetPlans__3d_fullres/fold_0/checkpoint_best.pth,/home/PuMengYu/nnUNet_workspace/results_v2/Dataset003_Liver/nnUNetTrainer_MedNeXt_MLA__nnUNetPlans__3d_fullres/fold_0/checkpoint_best.pth,MedNeXt_MLA_MoE,MedNeXt_MLA,tumor_recall,0.059022922757510275,0.07436125587898818,-0.0153383331214779
HCC,HCC_058,MedNeXt_MLA_MoE vs MedNeXt_MLA,MedNeXt_MLA_MoE,MedNeXt_MLA,0.8969905056340285,0.726390836260584,/home/PuMengYu/8T/nnUNet_result/results_v2_moe_retrain_after_fix_20260907/Dataset003_Liver/nnUNetTrainer_MedNeXt_MLA_MoE__nnUNetPlans__3d_fullres/fold_0/checkpoint_best.pth,/home/PuMengYu/nnUNet_workspace/results_v2/Dataset003_Liver/nnUNetTrainer_MedNeXt_MLA__nnUNetPlans__3d_fullres/fold_0/checkpoint_best.pth,MedNeXt_MLA_MoE,MedNeXt_MLA,tumor_recall,0.8969905056340285,0.726390836260584,0.1705996693734445
HCC,HCC_059,MedNeXt_MLA_MoE vs MedNeXt_MLA,MedNeXt_MLA_MoE,MedNeXt_MLA,0.8066383869964107,0.7632855007246981,/home/PuMengYu/8T/nnUNet_result/results_v2_moe_retrain_after_fix_20260907/Dataset003_Liver/nnUNetTrainer_MedNeXt_MLA_MoE__nnUNetPlans__3d_fullres/fold_0/checkpoint_best.pth,/home/PuMengYu/nnUNet_workspace/results_v2/Dataset003_Liver/nnUNetTrainer_MedNeXt_MLA__nnUNetPlans__3d_fullres/fold_0/checkpoint_best.pth,MedNeXt_MLA_MoE,MedNeXt_MLA,tumor_recall,0.8066383869964107,0.7632855007246981,0.04335288627171252
HCC,HCC_060,MedNeXt_MLA_MoE vs MedNeXt_MLA,MedNeXt_MLA_MoE,MedNeXt_MLA,0.46283481234226165,0.5079378002116747,/home/PuMengYu/8T/nnUNet_result/results_v2_moe_retrain_after_fix_20260907/Dataset003_Liver/nnUNetTrainer_MedNeXt_MLA_MoE__nnUNetPlans__3d_fullres/fold_0/checkpoint_best.pth,/home/PuMengYu/nnUNet_workspace/results_v2/Dataset003_Liver/nnUNetTrainer_MedNeXt_MLA__nnUNetPlans__3d_fullres/fold_0/checkpoint_best.pth,MedNeXt_MLA_MoE,MedNeXt_MLA,tumor_recall,0.46283481234226165,0.5079378002116747,-0.045102987869413025
HCC,HCC_068,MedNeXt_MLA_MoE vs MedNeXt_MLA,MedNeXt_MLA_MoE,MedNeXt_MLA,0.0,0.0,/home/PuMengYu/8T/nnUNet_result/results_v2_moe_retrain_after_fix_20260907/Dataset003_Liver/nnUNetTrainer_MedNeXt_MLA_MoE__nnUNetPlans__3d_fullres/fold_0/checkpoint_best.pth,/home/PuMengYu/nnUNet_workspace/results_v2/Dataset003_Liver/nnUNetTrainer_MedNeXt_MLA__nnUNetPlans__3d_fullres/fold_0/checkpoint_best.pth,MedNeXt_MLA_MoE,MedNeXt_MLA,tumor_recall,0.0,0.0,0.0
HCC,HCC_071,MedNeXt_MLA_MoE vs MedNeXt_MLA,MedNeXt_MLA_MoE,MedNeXt_MLA,0.45612319726228306,0.5204106575409435,/home/PuMengYu/8T/nnUNet_result/results_v2_moe_retrain_after_fix_20260907/Dataset003_Liver/nnUNetTrainer_MedNeXt_MLA_MoE__nnUNetPlans__3d_fullres/fold_0/checkpoint_best.pth,/home/PuMengYu/nnUNet_workspace/results_v2/Dataset003_Liver/nnUNetTrainer_MedNeXt_MLA__nnUNetPlans__3d_fullres/fold_0/checkpoint_best.pth,MedNeXt_MLA_MoE,MedNeXt_MLA,tumor_recall,0.45612319726228306,0.5204106575409435,-0.06428746027866045
HCC,HCC_078,MedNeXt_MLA_MoE vs MedNeXt_MLA,MedNeXt_MLA_MoE,MedNeXt_MLA,0.0,0.0,/home/PuMengYu/8T/nnUNet_result/results_v2_moe_retrain_after_fix_20260907/Dataset003_Liver/nnUNetTrainer_MedNeXt_MLA_MoE__nnUNetPlans__3d_fullres/fold_0/checkpoint_best.pth,/home/PuMengYu/nnUNet_workspace/results_v2/Dataset003_Liver/nnUNetTrainer_MedNeXt_MLA__nnUNetPlans__3d_fullres/fold_0/checkpoint_best.pth,MedNeXt_MLA_MoE,MedNeXt_MLA,tumor_recall,0.0,0.0,0.0
HCC,HCC_081,MedNeXt_MLA_MoE vs MedNeXt_MLA,MedNeXt_MLA_MoE,MedNeXt_MLA,0.7798782670963122,0.7597565341926245,/home/PuMengYu/8T/nnUNet_result/results_v2_moe_retrain_after_fix_20260907/Dataset003_Liver/nnUNetTrainer_MedNeXt_MLA_MoE__nnUNetPlans__3d_fullres/fold_0/checkpoint_best.pth,/home/PuMengYu/nnUNet_workspace/results_v2/Dataset003_Liver/nnUNetTrainer_MedNeXt_MLA__nnUNetPlans__3d_fullres/fold_0/checkpoint_best.pth,MedNeXt_MLA_MoE,MedNeXt_MLA,tumor_recall,0.7798782670963122,0.7597565341926245,0.020121732903687795
HCC,HCC_082,MedNeXt_MLA_MoE vs MedNeXt_MLA,MedNeXt_MLA_MoE,MedNeXt_MLA,0.0,0.599336718830967,/home/PuMengYu/8T/nnUNet_result/results_v2_moe_retrain_after_fix_20260907/Dataset003_Liver/nnUNetTrainer_MedNeXt_MLA_MoE__nnUNetPlans__3d_fullres/fold_0/checkpoint_best.pth,/home/PuMengYu/nnUNet_workspace/results_v2/Dataset003_Liver/nnUNetTrainer_MedNeXt_MLA__nnUNetPlans__3d_fullres/fold_0/checkpoint_best.pth,MedNeXt_MLA_MoE,MedNeXt_MLA,tumor_recall,0.0,0.599336718830967,-0.599336718830967
HCC,HCC_083,MedNeXt_MLA_MoE vs MedNeXt_MLA,MedNeXt_MLA_MoE,MedNeXt_MLA,0.7504699248120301,0.7617963177173703,/home/PuMengYu/8T/nnUNet_result/results_v2_moe_retrain_after_fix_20260907/Dataset003_Liver/nnUNetTrainer_MedNeXt_MLA_MoE__nnUNetPlans__3d_fullres/fold_0/checkpoint_best.pth,/home/PuMengYu/nnUNet_workspace/results_v2/Dataset003_Liver/nnUNetTrainer_MedNeXt_MLA__nnUNetPlans__3d_fullres/fold_0/checkpoint_best.pth,MedNeXt_MLA_MoE,MedNeXt_MLA,tumor_recall,0.7504699248120301,0.7617963177173703,-0.01132639290534021
HCC,HCC_093,MedNeXt_MLA_MoE vs MedNeXt_MLA,MedNeXt_MLA_MoE,MedNeXt_MLA,0.9026552960558194,0.9123946118809962,/home/PuMengYu/8T/nnUNet_result/results_v2_moe_retrain_after_fix_20260907/Dataset003_Liver/nnUNetTrainer_MedNeXt_MLA_MoE__nnUNetPlans__3d_fullres/fold_0/checkpoint_best.pth,/home/PuMengYu/nnUNet_workspace/results_v2/Dataset003_Liver/nnUNetTrainer_MedNeXt_MLA__nnUNetPlans__3d_fullres/fold_0/checkpoint_best.pth,MedNeXt_MLA_MoE,MedNeXt_MLA,tumor_recall,0.9026552960558194,0.9123946118809962,-0.009739315825176842
HCC,HCC_102,MedNeXt_MLA_MoE vs MedNeXt_MLA,MedNeXt_MLA_MoE,MedNeXt_MLA,0.7635399189753242,0.7446597372836273,/home/PuMengYu/8T/nnUNet_result/results_v2_moe_retrain_after_fix_20260907/Dataset003_Liver/nnUNetTrainer_MedNeXt_MLA_MoE__nnUNetPlans__3d_fullres/fold_0/checkpoint_best.pth,/home/PuMengYu/nnUNet_workspace/results_v2/Dataset003_Liver/nnUNetTrainer_MedNeXt_MLA__nnUNetPlans__3d_fullres/fold_0/checkpoint_best.pth,MedNeXt_MLA_MoE,MedNeXt_MLA,tumor_recall,0.7635399189753242,0.7446597372836273,0.018880181691696918
HCC,HCC_003,MedNeXt_MLA_MoE vs MedNeXt_MLA,MedNeXt_MLA_MoE,MedNeXt_MLA,0.0,0.0,/home/PuMengYu/8T/nnUNet_result/results_v2_moe_retrain_after_fix_20260907/Dataset003_Liver/nnUNetTrainer_MedNeXt_MLA_MoE__nnUNetPlans__3d_fullres/fold_0/checkpoint_best.pth,/home/PuMengYu/nnUNet_workspace/results_v2/Dataset003_Liver/nnUNetTrainer_MedNeXt_MLA__nnUNetPlans__3d_fullres/fold_0/checkpoint_best.pth,MedNeXt_MLA_MoE,MedNeXt_MLA,tumor_precision,0.0,0.0,0.0
HCC,HCC_011,MedNeXt_MLA_MoE vs MedNeXt_MLA,MedNeXt_MLA_MoE,MedNeXt_MLA,0.9083243980894824,0.9909027291812457,/home/PuMengYu/8T/nnUNet_result/results_v2_moe_retrain_after_fix_20260907/Dataset003_Liver/nnUNetTrainer_MedNeXt_MLA_MoE__nnUNetPlans__3d_fullres/fold_0/checkpoint_best.pth,/home/PuMengYu/nnUNet_workspace/results_v2/Dataset003_Liver/nnUNetTrainer_MedNeXt_MLA__nnUNetPlans__3d_fullres/fold_0/checkpoint_best.pth,MedNeXt_MLA_MoE,MedNeXt_MLA,tumor_precision,0.9083243980894824,0.9909027291812457,-0.08257833109176327
HCC,HCC_020,MedNeXt_MLA_MoE vs MedNeXt_MLA,MedNeXt_MLA_MoE,MedNeXt_MLA,0.09348546190651454,0.07449350088409573,/home/PuMengYu/8T/nnUNet_result/results_v2_moe_retrain_after_fix_20260907/Dataset003_Liver/nnUNetTrainer_MedNeXt_MLA_MoE__nnUNetPlans__3d_fullres/fold_0/checkpoint_best.pth,/home/PuMengYu/nnUNet_workspace/results_v2/Dataset003_Liver/nnUNetTrainer_MedNeXt_MLA__nnUNetPlans__3d_fullres/fold_0/checkpoint_best.pth,MedNeXt_MLA_MoE,MedNeXt_MLA,tumor_precision,0.09348546190651454,0.07449350088409573,0.018991961022418805
HCC,HCC_021,MedNeXt_MLA_MoE vs MedNeXt_MLA,MedNeXt_MLA_MoE,MedNeXt_MLA,0.9322871668771183,0.9565396284255788,/home/PuMengYu/8T/nnUNet_result/results_v2_moe_retrain_after_fix_20260907/Dataset003_Liver/nnUNetTrainer_MedNeXt_MLA_MoE__nnUNetPlans__3d_fullres/fold_0/checkpoint_best.pth,/home/PuMengYu/nnUNet_workspace/results_v2/Dataset003_Liver/nnUNetTrainer_MedNeXt_MLA__nnUNetPlans__3d_fullres/fold_0/checkpoint_best.pth,MedNeXt_MLA_MoE,MedNeXt_MLA,tumor_precision,0.9322871668771183,0.9565396284255788,-0.024252461548460502
HCC,HCC_025,MedNeXt_MLA_MoE vs MedNeXt_MLA,MedNeXt_MLA_MoE,MedNeXt_MLA,0.9309474585178122,0.9894850407394287,/home/PuMengYu/8T/nnUNet_result/results_v2_moe_retrain_after_fix_20260907/Dataset003_Liver/nnUNetTrainer_MedNeXt_MLA_MoE__nnUNetPlans__3d_fullres/fold_0/checkpoint_best.pth,/home/PuMengYu/nnUNet_workspace/results_v2/Dataset003_Liver/nnUNetTrainer_MedNeXt_MLA__nnUNetPlans__3d_fullres/fold_0/checkpoint_best.pth,MedNeXt_MLA_MoE,MedNeXt_MLA,tumor_precision,0.9309474585178122,0.9894850407394287,-0.058537582221616424
HCC,HCC_026,MedNeXt_MLA_MoE vs MedNeXt_MLA,MedNeXt_MLA_MoE,MedNeXt_MLA,0.621342512908778,0.4617283950617284,/home/PuMengYu/8T/nnUNet_result/results_v2_moe_retrain_after_fix_20260907/Dataset003_Liver/nnUNetTrainer_MedNeXt_MLA_MoE__nnUNetPlans__3d_fullres/fold_0/checkpoint_best.pth,/home/PuMengYu/nnUNet_workspace/results_v2/Dataset003_Liver/nnUNetTrainer_MedNeXt_MLA__nnUNetPlans__3d_fullres/fold_0/checkpoint_best.pth,MedNeXt_MLA_MoE,MedNeXt_MLA,tumor_precision,0.621342512908778,0.4617283950617284,0.15961411784704954
HCC,HCC_028,MedNeXt_MLA_MoE vs MedNeXt_MLA,MedNeXt_MLA_MoE,MedNeXt_MLA,0.9660805759379759,0.888394026722557,/home/PuMengYu/8T/nnUNet_result/results_v2_moe_retrain_after_fix_20260907/Dataset003_Liver/nnUNetTrainer_MedNeXt_MLA_MoE__nnUNetPlans__3d_fullres/fold_0/checkpoint_best.pth,/home/PuMengYu/nnUNet_workspace/results_v2/Dataset003_Liver/nnUNetTrainer_MedNeXt_MLA__nnUNetPlans__3d_fullres/fold_0/checkpoint_best.pth,MedNeXt_MLA_MoE,MedNeXt_MLA,tumor_precision,0.9660805759379759,0.888394026722557,0.07768654921541895
HCC,HCC_047,MedNeXt_MLA_MoE vs MedNeXt_MLA,MedNeXt_MLA_MoE,MedNeXt_MLA,0.9305918706917043,0.9567974140610431,/home/PuMengYu/8T/nnUNet_result/results_v2_moe_retrain_after_fix_20260907/Dataset003_Liver/nnUNetTrainer_MedNeXt_MLA_MoE__nnUNetPlans__3d_fullres/fold_0/checkpoint_best.pth,/home/PuMengYu/nnUNet_workspace/results_v2/Dataset003_Liver/nnUNetTrainer_MedNeXt_MLA__nnUNetPlans__3d_fullres/fold_0/checkpoint_best.pth,MedNeXt_MLA_MoE,MedNeXt_MLA,tumor_precision,0.9305918706917043,0.9567974140610431,-0.02620554336933878
HCC,HCC_052,MedNeXt_MLA_MoE vs MedNeXt_MLA,MedNeXt_MLA_MoE,MedNeXt_MLA,0.8855820530950698,0.9186331146577891,/home/PuMengYu/8T/nnUNet_result/results_v2_moe_retrain_after_fix_20260907/Dataset003_Liver/nnUNetTrainer_MedNeXt_MLA_MoE__nnUNetPlans__3d_fullres/fold_0/checkpoint_best.pth,/home/PuMengYu/nnUNet_workspace/results_v2/Dataset003_Liver/nnUNetTrainer_MedNeXt_MLA__nnUNetPlans__3d_fullres/fold_0/checkpoint_best.pth,MedNeXt_MLA_MoE,MedNeXt_MLA,tumor_precision,0.8855820530950698,0.9186331146577891,-0.03305106156271931
HCC,HCC_055,MedNeXt_MLA_MoE vs MedNeXt_MLA,MedNeXt_MLA_MoE,MedNeXt_MLA,0.9680333564975677,0.025792134501205103,/home/PuMengYu/8T/nnUNet_result/results_v2_moe_retrain_after_fix_20260907/Dataset003_Liver/nnUNetTrainer_MedNeXt_MLA_MoE__nnUNetPlans__3d_fullres/fold_0/checkpoint_best.pth,/home/PuMengYu/nnUNet_workspace/results_v2/Dataset003_Liver/nnUNetTrainer_MedNeXt_MLA__nnUNetPlans__3d_fullres/fold_0/checkpoint_best.pth,MedNeXt_MLA_MoE,MedNeXt_MLA,tumor_precision,0.9680333564975677,0.025792134501205103,0.9422412219963626
HCC,HCC_058,MedNeXt_MLA_MoE vs MedNeXt_MLA,MedNeXt_MLA_MoE,MedNeXt_MLA,0.9651037168921536,0.9768015136979,/home/PuMengYu/8T/nnUNet_result/results_v2_moe_retrain_after_fix_20260907/Dataset003_Liver/nnUNetTrainer_MedNeXt_MLA_MoE__nnUNetPlans__3d_fullres/fold_0/checkpoint_best.pth,/home/PuMengYu/nnUNet_workspace/results_v2/Dataset003_Liver/nnUNetTrainer_MedNeXt_MLA__nnUNetPlans__3d_fullres/fold_0/checkpoint_best.pth,MedNeXt_MLA_MoE,MedNeXt_MLA,tumor_precision,0.9651037168921536,0.9768015136979,-0.011697796805746452
HCC,HCC_059,MedNeXt_MLA_MoE vs MedNeXt_MLA,MedNeXt_MLA_MoE,MedNeXt_MLA,0.972676695582153,0.9689242951132346,/home/PuMengYu/8T/nnUNet_result/results_v2_moe_retrain_after_fix_20260907/Dataset003_Liver/nnUNetTrainer_MedNeXt_MLA_MoE__nnUNetPlans__3d_fullres/fold_0/checkpoint_best.pth,/home/PuMengYu/nnUNet_workspace/results_v2/Dataset003_Liver/nnUNetTrainer_MedNeXt_MLA__nnUNetPlans__3d_fullres/fold_0/checkpoint_best.pth,MedNeXt_MLA_MoE,MedNeXt_MLA,tumor_precision,0.972676695582153,0.9689242951132346,0.0037524004689183377
HCC,HCC_060,MedNeXt_MLA_MoE vs MedNeXt_MLA,MedNeXt_MLA_MoE,MedNeXt_MLA,0.983649104593823,0.9983198655892471,/home/PuMengYu/8T/nnUNet_result/results_v2_moe_retrain_after_fix_20260907/Dataset003_Liver/nnUNetTrainer_MedNeXt_MLA_MoE__nnUNetPlans__3d_fullres/fold_0/checkpoint_best.pth,/home/PuMengYu/nnUNet_workspace/results_v2/Dataset003_Liver/nnUNetTrainer_MedNeXt_MLA__nnUNetPlans__3d_fullres/fold_0/checkpoint_best.pth,MedNeXt_MLA_MoE,MedNeXt_MLA,tumor_precision,0.983649104593823,0.9983198655892471,-0.014670760995424081
HCC,HCC_068,MedNeXt_MLA_MoE vs MedNeXt_MLA,MedNeXt_MLA_MoE,MedNeXt_MLA,0.0,0.0,/home/PuMengYu/8T/nnUNet_result/results_v2_moe_retrain_after_fix_20260907/Dataset003_Liver/nnUNetTrainer_MedNeXt_MLA_MoE__nnUNetPlans__3d_fullres/fold_0/checkpoint_best.pth,/home/PuMengYu/nnUNet_workspace/results_v2/Dataset003_Liver/nnUNetTrainer_MedNeXt_MLA__nnUNetPlans__3d_fullres/fold_0/checkpoint_best.pth,MedNeXt_MLA_MoE,MedNeXt_MLA,tumor_precision,0.0,0.0,0.0
HCC,HCC_071,MedNeXt_MLA_MoE vs MedNeXt_MLA,MedNeXt_MLA_MoE,MedNeXt_MLA,0.3605797101449275,0.5735452586206896,/home/PuMengYu/8T/nnUNet_result/results_v2_moe_retrain_after_fix_20260907/Dataset003_Liver/nnUNetTrainer_MedNeXt_MLA_MoE__nnUNetPlans__3d_fullres/fold_0/checkpoint_best.pth,/home/PuMengYu/nnUNet_workspace/results_v2/Dataset003_Liver/nnUNetTrainer_MedNeXt_MLA__nnUNetPlans__3d_fullres/fold_0/checkpoint_best.pth,MedNeXt_MLA_MoE,MedNeXt_MLA,tumor_precision,0.3605797101449275,0.5735452586206896,-0.2129655484757621
HCC,HCC_078,MedNeXt_MLA_MoE vs MedNeXt_MLA,MedNeXt_MLA_MoE,MedNeXt_MLA,0.0,0.0,/home/PuMengYu/8T/nnUNet_result/results_v2_moe_retrain_after_fix_20260907/Dataset003_Liver/nnUNetTrainer_MedNeXt_MLA_MoE__nnUNetPlans__3d_fullres/fold_0/checkpoint_best.pth,/home/PuMengYu/nnUNet_workspace/results_v2/Dataset003_Liver/nnUNetTrainer_MedNeXt_MLA__nnUNetPlans__3d_fullres/fold_0/checkpoint_best.pth,MedNeXt_MLA_MoE,MedNeXt_MLA,tumor_precision,0.0,0.0,0.0
HCC,HCC_081,MedNeXt_MLA_MoE vs MedNeXt_MLA,MedNeXt_MLA_MoE,MedNeXt_MLA,0.8082574708094201,0.8668300653594772,/home/PuMengYu/8T/nnUNet_result/results_v2_moe_retrain_after_fix_20260907/Dataset003_Liver/nnUNetTrainer_MedNeXt_MLA_MoE__nnUNetPlans__3d_fullres/fold_0/checkpoint_best.pth,/home/PuMengYu/nnUNet_workspace/results_v2/Dataset003_Liver/nnUNetTrainer_MedNeXt_MLA__nnUNetPlans__3d_fullres/fold_0/checkpoint_best.pth,MedNeXt_MLA_MoE,MedNeXt_MLA,tumor_precision,0.8082574708094201,0.8668300653594772,-0.05857259455005703
HCC,HCC_082,MedNeXt_MLA_MoE vs MedNeXt_MLA,MedNeXt_MLA_MoE,MedNeXt_MLA,0.0,0.9297427652733119,/home/PuMengYu/8T/nnUNet_result/results_v2_moe_retrain_after_fix_20260907/Dataset003_Liver/nnUNetTrainer_MedNeXt_MLA_MoE__nnUNetPlans__3d_fullres/fold_0/checkpoint_best.pth,/home/PuMengYu/nnUNet_workspace/results_v2/Dataset003_Liver/nnUNetTrainer_MedNeXt_MLA__nnUNetPlans__3d_fullres/fold_0/checkpoint_best.pth,MedNeXt_MLA_MoE,MedNeXt_MLA,tumor_precision,0.0,0.9297427652733119,-0.9297427652733119
HCC,HCC_083,MedNeXt_MLA_MoE vs MedNeXt_MLA,MedNeXt_MLA_MoE,MedNeXt_MLA,0.8856074394266864,0.9132708336342756,/home/PuMengYu/8T/nnUNet_result/results_v2_moe_retrain_after_fix_20260907/Dataset003_Liver/nnUNetTrainer_MedNeXt_MLA_MoE__nnUNetPlans__3d_fullres/fold_0/checkpoint_best.pth,/home/PuMengYu/nnUNet_workspace/results_v2/Dataset003_Liver/nnUNetTrainer_MedNeXt_MLA__nnUNetPlans__3d_fullres/fold_0/checkpoint_best.pth,MedNeXt_MLA_MoE,MedNeXt_MLA,tumor_precision,0.8856074394266864,0.9132708336342756,-0.02766339420758923
HCC,HCC_093,MedNeXt_MLA_MoE vs MedNeXt_MLA,MedNeXt_MLA_MoE,MedNeXt_MLA,0.8438575828954521,0.9122178083519039,/home/PuMengYu/8T/nnUNet_result/results_v2_moe_retrain_after_fix_20260907/Dataset003_Liver/nnUNetTrainer_MedNeXt_MLA_MoE__nnUNetPlans__3d_fullres/fold_0/checkpoint_best.pth,/home/PuMengYu/nnUNet_workspace/results_v2/Dataset003_Liver/nnUNetTrainer_MedNeXt_MLA__nnUNetPlans__3d_fullres/fold_0/checkpoint_best.pth,MedNeXt_MLA_MoE,MedNeXt_MLA,tumor_precision,0.8438575828954521,0.9122178083519039,-0.06836022545645182
HCC,HCC_102,MedNeXt_MLA_MoE vs MedNeXt_MLA,MedNeXt_MLA_MoE,MedNeXt_MLA,0.906792943406313,0.9908253134230838,/home/PuMengYu/8T/nnUNet_result/results_v2_moe_retrain_after_fix_20260907/Dataset003_Liver/nnUNetTrainer_MedNeXt_MLA_MoE__nnUNetPlans__3d_fullres/fold_0/checkpoint_best.pth,/home/PuMengYu/nnUNet_workspace/results_v2/Dataset003_Liver/nnUNetTrainer_MedNeXt_MLA__nnUNetPlans__3d_fullres/fold_0/checkpoint_best.pth,MedNeXt_MLA_MoE,MedNeXt_MLA,tumor_precision,0.906792943406313,0.9908253134230838,-0.08403237001677077
HCC,HCC_003,MedNeXt_MLA_MoE vs MedNeXt_MLA,MedNeXt_MLA_MoE,MedNeXt_MLA,0.16782558250706817,0.18161588035089518,/home/PuMengYu/8T/nnUNet_result/results_v2_moe_retrain_after_fix_20260907/Dataset003_Liver/nnUNetTrainer_MedNeXt_MLA_MoE__nnUNetPlans__3d_fullres/fold_0/checkpoint_best.pth,/home/PuMengYu/nnUNet_workspace/results_v2/Dataset003_Liver/nnUNetTrainer_MedNeXt_MLA__nnUNetPlans__3d_fullres/fold_0/checkpoint_best.pth,MedNeXt_MLA_MoE,MedNeXt_MLA,liver_dice,0.16782558250706817,0.18161588035089518,-0.013790297843827015
HCC,HCC_011,MedNeXt_MLA_MoE vs MedNeXt_MLA,MedNeXt_MLA_MoE,MedNeXt_MLA,0.9374101708809388,0.9344155070351892,/home/PuMengYu/8T/nnUNet_result/results_v2_moe_retrain_after_fix_20260907/Dataset003_Liver/nnUNetTrainer_MedNeXt_MLA_MoE__nnUNetPlans__3d_fullres/fold_0/checkpoint_best.pth,/home/PuMengYu/nnUNet_workspace/results_v2/Dataset003_Liver/nnUNetTrainer_MedNeXt_MLA__nnUNetPlans__3d_fullres/fold_0/checkpoint_best.pth,MedNeXt_MLA_MoE,MedNeXt_MLA,liver_dice,0.9374101708809388,0.9344155070351892,0.0029946638457496455
HCC,HCC_020,MedNeXt_MLA_MoE vs MedNeXt_MLA,MedNeXt_MLA_MoE,MedNeXt_MLA,0.753407395802824,0.8686268296542876,/home/PuMengYu/8T/nnUNet_result/results_v2_moe_retrain_after_fix_20260907/Dataset003_Liver/nnUNetTrainer_MedNeXt_MLA_MoE__nnUNetPlans__3d_fullres/fold_0/checkpoint_best.pth,/home/PuMengYu/nnUNet_workspace/results_v2/Dataset003_Liver/nnUNetTrainer_MedNeXt_MLA__nnUNetPlans__3d_fullres/fold_0/checkpoint_best.pth,MedNeXt_MLA_MoE,MedNeXt_MLA,liver_dice,0.753407395802824,0.8686268296542876,-0.1152194338514636
HCC,HCC_021,MedNeXt_MLA_MoE vs MedNeXt_MLA,MedNeXt_MLA_MoE,MedNeXt_MLA,0.825825262320295,0.8394055171282374,/home/PuMengYu/8T/nnUNet_result/results_v2_moe_retrain_after_fix_20260907/Dataset003_Liver/nnUNetTrainer_MedNeXt_MLA_MoE__nnUNetPlans__3d_fullres/fold_0/checkpoint_best.pth,/home/PuMengYu/nnUNet_workspace/results_v2/Dataset003_Liver/nnUNetTrainer_MedNeXt_MLA__nnUNetPlans__3d_fullres/fold_0/checkpoint_best.pth,MedNeXt_MLA_MoE,MedNeXt_MLA,liver_dice,0.825825262320295,0.8394055171282374,-0.013580254807942449
HCC,HCC_025,MedNeXt_MLA_MoE vs MedNeXt_MLA,MedNeXt_MLA_MoE,MedNeXt_MLA,0.8514030002081149,0.775525979197851,/home/PuMengYu/8T/nnUNet_result/results_v2_moe_retrain_after_fix_20260907/Dataset003_Liver/nnUNetTrainer_MedNeXt_MLA_MoE__nnUNetPlans__3d_fullres/fold_0/checkpoint_best.pth,/home/PuMengYu/nnUNet_workspace/results_v2/Dataset003_Liver/nnUNetTrainer_MedNeXt_MLA__nnUNetPlans__3d_fullres/fold_0/checkpoint_best.pth,MedNeXt_MLA_MoE,MedNeXt_MLA,liver_dice,0.8514030002081149,0.775525979197851,0.07587702101026383
HCC,HCC_026,MedNeXt_MLA_MoE vs MedNeXt_MLA,MedNeXt_MLA_MoE,MedNeXt_MLA,0.9104082132457576,0.911690789552315,/home/PuMengYu/8T/nnUNet_result/results_v2_moe_retrain_after_fix_20260907/Dataset003_Liver/nnUNetTrainer_MedNeXt_MLA_MoE__nnUNetPlans__3d_fullres/fold_0/checkpoint_best.pth,/home/PuMengYu/nnUNet_workspace/results_v2/Dataset003_Liver/nnUNetTrainer_MedNeXt_MLA__nnUNetPlans__3d_fullres/fold_0/checkpoint_best.pth,MedNeXt_MLA_MoE,MedNeXt_MLA,liver_dice,0.9104082132457576,0.911690789552315,-0.0012825763065573703
HCC,HCC_028,MedNeXt_MLA_MoE vs MedNeXt_MLA,MedNeXt_MLA_MoE,MedNeXt_MLA,0.8959522390013015,0.7712419943532606,/home/PuMengYu/8T/nnUNet_result/results_v2_moe_retrain_after_fix_20260907/Dataset003_Liver/nnUNetTrainer_MedNeXt_MLA_MoE__nnUNetPlans__3d_fullres/fold_0/checkpoint_best.pth,/home/PuMengYu/nnUNet_workspace/results_v2/Dataset003_Liver/nnUNetTrainer_MedNeXt_MLA__nnUNetPlans__3d_fullres/fold_0/checkpoint_best.pth,MedNeXt_MLA_MoE,MedNeXt_MLA,liver_dice,0.8959522390013015,0.7712419943532606,0.12471024464804092
HCC,HCC_047,MedNeXt_MLA_MoE vs MedNeXt_MLA,MedNeXt_MLA_MoE,MedNeXt_MLA,0.8820970192455969,0.9256699198824234,/home/PuMengYu/8T/nnUNet_result/results_v2_moe_retrain_after_fix_20260907/Dataset003_Liver/nnUNetTrainer_MedNeXt_MLA_MoE__nnUNetPlans__3d_fullres/fold_0/checkpoint_best.pth,/home/PuMengYu/nnUNet_workspace/results_v2/Dataset003_Liver/nnUNetTrainer_MedNeXt_MLA__nnUNetPlans__3d_fullres/fold_0/checkpoint_best.pth,MedNeXt_MLA_MoE,MedNeXt_MLA,liver_dice,0.8820970192455969,0.9256699198824234,-0.043572900636826506
HCC,HCC_052,MedNeXt_MLA_MoE vs MedNeXt_MLA,MedNeXt_MLA_MoE,MedNeXt_MLA,0.9020626895544797,0.893780660240897,/home/PuMengYu/8T/nnUNet_result/results_v2_moe_retrain_after_fix_20260907/Dataset003_Liver/nnUNetTrainer_MedNeXt_MLA_MoE__nnUNetPlans__3d_fullres/fold_0/checkpoint_best.pth,/home/PuMengYu/nnUNet_workspace/results_v2/Dataset003_Liver/nnUNetTrainer_MedNeXt_MLA__nnUNetPlans__3d_fullres/fold_0/checkpoint_best.pth,MedNeXt_MLA_MoE,MedNeXt_MLA,liver_dice,0.9020626895544797,0.893780660240897,0.008282029313582684
HCC,HCC_055,MedNeXt_MLA_MoE vs MedNeXt_MLA,MedNeXt_MLA_MoE,MedNeXt_MLA,0.9262143585615649,0.8909408309694237,/home/PuMengYu/8T/nnUNet_result/results_v2_moe_retrain_after_fix_20260907/Dataset003_Liver/nnUNetTrainer_MedNeXt_MLA_MoE__nnUNetPlans__3d_fullres/fold_0/checkpoint_best.pth,/home/PuMengYu/nnUNet_workspace/results_v2/Dataset003_Liver/nnUNetTrainer_MedNeXt_MLA__nnUNetPlans__3d_fullres/fold_0/checkpoint_best.pth,MedNeXt_MLA_MoE,MedNeXt_MLA,liver_dice,0.9262143585615649,0.8909408309694237,0.035273527592141196
HCC,HCC_058,MedNeXt_MLA_MoE vs MedNeXt_MLA,MedNeXt_MLA_MoE,MedNeXt_MLA,0.8829054842473746,0.8689938742720925,/home/PuMengYu/8T/nnUNet_result/results_v2_moe_retrain_after_fix_20260907/Dataset003_Liver/nnUNetTrainer_MedNeXt_MLA_MoE__nnUNetPlans__3d_fullres/fold_0/checkpoint_best.pth,/home/PuMengYu/nnUNet_workspace/results_v2/Dataset003_Liver/nnUNetTrainer_MedNeXt_MLA__nnUNetPlans__3d_fullres/fold_0/checkpoint_best.pth,MedNeXt_MLA_MoE,MedNeXt_MLA,liver_dice,0.8829054842473746,0.8689938742720925,0.013911609975282069
HCC,HCC_059,MedNeXt_MLA_MoE vs MedNeXt_MLA,MedNeXt_MLA_MoE,MedNeXt_MLA,0.9342027577836262,0.9329198907172229,/home/PuMengYu/8T/nnUNet_result/results_v2_moe_retrain_after_fix_20260907/Dataset003_Liver/nnUNetTrainer_MedNeXt_MLA_MoE__nnUNetPlans__3d_fullres/fold_0/checkpoint_best.pth,/home/PuMengYu/nnUNet_workspace/results_v2/Dataset003_Liver/nnUNetTrainer_MedNeXt_MLA__nnUNetPlans__3d_fullres/fold_0/checkpoint_best.pth,MedNeXt_MLA_MoE,MedNeXt_MLA,liver_dice,0.9342027577836262,0.9329198907172229,0.0012828670664032371
HCC,HCC_060,MedNeXt_MLA_MoE vs MedNeXt_MLA,MedNeXt_MLA_MoE,MedNeXt_MLA,0.8740221272207023,0.9261882558107546,/home/PuMengYu/8T/nnUNet_result/results_v2_moe_retrain_after_fix_20260907/Dataset003_Liver/nnUNetTrainer_MedNeXt_MLA_MoE__nnUNetPlans__3d_fullres/fold_0/checkpoint_best.pth,/home/PuMengYu/nnUNet_workspace/results_v2/Dataset003_Liver/nnUNetTrainer_MedNeXt_MLA__nnUNetPlans__3d_fullres/fold_0/checkpoint_best.pth,MedNeXt_MLA_MoE,MedNeXt_MLA,liver_dice,0.8740221272207023,0.9261882558107546,-0.05216612859005232
HCC,HCC_068,MedNeXt_MLA_MoE vs MedNeXt_MLA,MedNeXt_MLA_MoE,MedNeXt_MLA,0.4027817001344439,0.4109430132274396,/home/PuMengYu/8T/nnUNet_result/results_v2_moe_retrain_after_fix_20260907/Dataset003_Liver/nnUNetTrainer_MedNeXt_MLA_MoE__nnUNetPlans__3d_fullres/fold_0/checkpoint_best.pth,/home/PuMengYu/nnUNet_workspace/results_v2/Dataset003_Liver/nnUNetTrainer_MedNeXt_MLA__nnUNetPlans__3d_fullres/fold_0/checkpoint_best.pth,MedNeXt_MLA_MoE,MedNeXt_MLA,liver_dice,0.4027817001344439,0.4109430132274396,-0.00816131309299567
HCC,HCC_071,MedNeXt_MLA_MoE vs MedNeXt_MLA,MedNeXt_MLA_MoE,MedNeXt_MLA,0.9481254731575656,0.9599659797049394,/home/PuMengYu/8T/nnUNet_result/results_v2_moe_retrain_after_fix_20260907/Dataset003_Liver/nnUNetTrainer_MedNeXt_MLA_MoE__nnUNetPlans__3d_fullres/fold_0/checkpoint_best.pth,/home/PuMengYu/nnUNet_workspace/results_v2/Dataset003_Liver/nnUNetTrainer_MedNeXt_MLA__nnUNetPlans__3d_fullres/fold_0/checkpoint_best.pth,MedNeXt_MLA_MoE,MedNeXt_MLA,liver_dice,0.9481254731575656,0.9599659797049394,-0.011840506547373786
HCC,HCC_078,MedNeXt_MLA_MoE vs MedNeXt_MLA,MedNeXt_MLA_MoE,MedNeXt_MLA,0.9361271800808352,0.9198567217563542,/home/PuMengYu/8T/nnUNet_result/results_v2_moe_retrain_after_fix_20260907/Dataset003_Liver/nnUNetTrainer_MedNeXt_MLA_MoE__nnUNetPlans__3d_fullres/fold_0/checkpoint_best.pth,/home/PuMengYu/nnUNet_workspace/results_v2/Dataset003_Liver/nnUNetTrainer_MedNeXt_MLA__nnUNetPlans__3d_fullres/fold_0/checkpoint_best.pth,MedNeXt_MLA_MoE,MedNeXt_MLA,liver_dice,0.9361271800808352,0.9198567217563542,0.01627045832448093
HCC,HCC_081,MedNeXt_MLA_MoE vs MedNeXt_MLA,MedNeXt_MLA_MoE,MedNeXt_MLA,0.952891697535156,0.9582107727818708,/home/PuMengYu/8T/nnUNet_result/results_v2_moe_retrain_after_fix_20260907/Dataset003_Liver/nnUNetTrainer_MedNeXt_MLA_MoE__nnUNetPlans__3d_fullres/fold_0/checkpoint_best.pth,/home/PuMengYu/nnUNet_workspace/results_v2/Dataset003_Liver/nnUNetTrainer_MedNeXt_MLA__nnUNetPlans__3d_fullres/fold_0/checkpoint_best.pth,MedNeXt_MLA_MoE,MedNeXt_MLA,liver_dice,0.952891697535156,0.9582107727818708,-0.005319075246714822
HCC,HCC_082,MedNeXt_MLA_MoE vs MedNeXt_MLA,MedNeXt_MLA_MoE,MedNeXt_MLA,0.9166426987889821,0.9393982858615183,/home/PuMengYu/8T/nnUNet_result/results_v2_moe_retrain_after_fix_20260907/Dataset003_Liver/nnUNetTrainer_MedNeXt_MLA_MoE__nnUNetPlans__3d_fullres/fold_0/checkpoint_best.pth,/home/PuMengYu/nnUNet_workspace/results_v2/Dataset003_Liver/nnUNetTrainer_MedNeXt_MLA__nnUNetPlans__3d_fullres/fold_0/checkpoint_best.pth,MedNeXt_MLA_MoE,MedNeXt_MLA,liver_dice,0.9166426987889821,0.9393982858615183,-0.02275558707253622
HCC,HCC_083,MedNeXt_MLA_MoE vs MedNeXt_MLA,MedNeXt_MLA_MoE,MedNeXt_MLA,0.9524777461117396,0.9512021426219216,/home/PuMengYu/8T/nnUNet_result/results_v2_moe_retrain_after_fix_20260907/Dataset003_Liver/nnUNetTrainer_MedNeXt_MLA_MoE__nnUNetPlans__3d_fullres/fold_0/checkpoint_best.pth,/home/PuMengYu/nnUNet_workspace/results_v2/Dataset003_Liver/nnUNetTrainer_MedNeXt_MLA__nnUNetPlans__3d_fullres/fold_0/checkpoint_best.pth,MedNeXt_MLA_MoE,MedNeXt_MLA,liver_dice,0.9524777461117396,0.9512021426219216,0.0012756034898180335
HCC,HCC_093,MedNeXt_MLA_MoE vs MedNeXt_MLA,MedNeXt_MLA_MoE,MedNeXt_MLA,0.9425356636126663,0.942054539849083,/home/PuMengYu/8T/nnUNet_result/results_v2_moe_retrain_after_fix_20260907/Dataset003_Liver/nnUNetTrainer_MedNeXt_MLA_MoE__nnUNetPlans__3d_fullres/fold_0/checkpoint_best.pth,/home/PuMengYu/nnUNet_workspace/results_v2/Dataset003_Liver/nnUNetTrainer_MedNeXt_MLA__nnUNetPlans__3d_fullres/fold_0/checkpoint_best.pth,MedNeXt_MLA_MoE,MedNeXt_MLA,liver_dice,0.9425356636126663,0.942054539849083,0.0004811237635832244
HCC,HCC_102,MedNeXt_MLA_MoE vs MedNeXt_MLA,MedNeXt_MLA_MoE,MedNeXt_MLA,0.855906212934528,0.874469781918125,/home/PuMengYu/8T/nnUNet_result/results_v2_moe_retrain_after_fix_20260907/Dataset003_Liver/nnUNetTrainer_MedNeXt_MLA_MoE__nnUNetPlans__3d_fullres/fold_0/checkpoint_best.pth,/home/PuMengYu/nnUNet_workspace/results_v2/Dataset003_Liver/nnUNetTrainer_MedNeXt_MLA__nnUNetPlans__3d_fullres/fold_0/checkpoint_best.pth,MedNeXt_MLA_MoE,MedNeXt_MLA,liver_dice,0.855906212934528,0.874469781918125,-0.018563568983597012
