{
  "liver_116": 0.9375347180063401,
  "liver_127": 0.8775680472429991,
  "liver_45": 0.29681623839131843,
  "liver_39": 0.9711429169810044,
  "liver_95": 0.3798220719830838,
  "liver_43": 0.6364731877181926,
  "liver_104": 0.05,
  "liver_55": 0.520940170940171,
  "liver_121": 0.6223063137562664,
  "liver_21": 0.44778038558017413,
  "liver_74": 0.4791145213209443,
  "liver_83": 0.28236980547335855,
  "liver_15": 0.7920496872380219,
  "liver_29": 0.544433178812185,
  "liver_30": 0.37781705600473553,
  "liver_77": 0.6710344279375828,
  "liver_86": 0.8432785475293916,
  "liver_35": 0.19157107679875696,
  "liver_25": 0.16933411567405227,
  "liver_85": 0.6184920516582422,
  "liver_63": 0.5203097755451573,
  "liver_73": 0.6934028570555437,
  "liver_44": 0.550463478664042,
  "liver_65": 0.748243389380137,
  "liver_126": 0.3598264072978114,
  "liver_20": 0.7051311321793877,
  "liver_58": 0.5265070329423982,
  "liver_94": 0.5968576180669607,
  "liver_5": 0.745262765715462,
  "liver_54": 0.8618034025608539,
  "liver_46": 0.36682277545932196,
  "liver_13": 0.47315806870959365,
  "liver_19": 0.3272598722224902,
  "liver_130": 0.7771062040394531,
  "liver_92": 0.4602637552761296,
  "liver_53": 0.7060362182183915,
  "liver_59": 0.6471123930019734,
  "liver_62": 0.4539478911330294,
  "liver_14": 0.6555000607906685,
  "liver_112": 0.351631911794126,
  "liver_111": 0.5300908794577696,
  "liver_107": 0.500622737751659,
  "liver_49": 0.1252986117155634,
  "liver_22": 0.22677747012156735,
  "liver_113": 0.2878380784629567,
  "liver_96": 0.2604855953329049,
  "liver_42": 0.5983024227462368,
  "liver_66": 0.33661358059806235,
  "liver_110": 0.41673539490955225,
  "liver_120": 0.2407687712520888,
  "liver_90": 0.3927611516794044,
  "liver_84": 0.8315988135763033,
  "liver_0": 0.2103503997882472,
  "liver_33": 0.6752136752136753,
  "liver_1": 0.15893664505768207,
  "liver_2": 0.11889758380792002,
  "liver_50": 0.20405968087999793,
  "liver_61": 0.321857018643488,
  "liver_67": 0.8213675213675213,
  "liver_4": 0.5804567118806161,
  "liver_102": 0.5797104652576098,
  "liver_99": 0.570165350739987,
  "liver_28": 0.46592943764521066,
  "liver_37": 0.2760417155849795,
  "liver_60": 0.48026527297494637,
  "liver_108": 0.505352859766477,
  "liver_11": 0.3648920249261889,
  "liver_71": 0.5810777830591262,
  "liver_78": 0.10712685861323407,
  "liver_128": 0.6858267812967281,
  "liver_52": 0.29141479162312106,
  "liver_122": 0.709794046057403,
  "liver_18": 0.4660879171471114,
  "liver_3": 0.6043413753594314,
  "liver_40": 0.5339207249389324,
  "liver_109": 0.3927611516794044,
  "liver_75": 0.2306509887882277,
  "liver_118": 0.8470510517755642,
  "liver_88": 0.415655170486763,
  "liver_27": 0.29386024866319904,
  "liver_123": 0.5955298523291892,
  "liver_24": 0.8393209824983933,
  "liver_31": 0.2954098666106332,
  "liver_93": 0.29821464186754076,
  "liver_69": 0.391315505626231,
  "liver_12": 0.7375869173170126,
  "liver_79": 0.14607309049478007,
  "liver_23": 0.2273360101234998,
  "liver_103": 0.5023021283194934,
  "liver_72": 0.48255759219739636,
  "liver_36": 0.33092139653685265,
  "liver_57": 0.4608258156799946,
  "liver_70": 0.4275422748951978,
  "liver_51": 0.4600226363864946,
  "liver_6": 0.2705798943905268,
  "liver_16": 0.5238709278066369,
  "liver_48": 0.5452325862522414,
  "liver_26": 0.19063660403337035,
  "liver_81": 0.49495430156852116,
  "liver_125": 0.23336769745477615,
  "liver_17": 0.05,
  "liver_9": 0.19410963574217016,
  "liver_68": 0.28023204333025525,
  "liver_56": 0.13477171951679506,
  "liver_97": 0.5536806597711891,
  "liver_117": 0.35854700854700855,
  "liver_7": 0.32173573511363135,
  "liver_124": 0.20341642261800535,
  "liver_10": 0.3368435153166309,
  "liver_80": 0.47610802308484884,
  "liver_101": 0.5644942416006442,
  "liver_8": 0.21876392484004442,
  "liver_98": 0.5172861484253419,
  "liver_100": 0.6264385429686806,
  "liver_82": 0.2969497608454405,
  "liver_76": 0.24214618098956014,
  "liver_129": 0.7297759156462749,
  "liver_64": 0.19547563439154247
}