{
  "liver_0": 0.31794871794871793,
  "liver_1": 0.11495726495726497,
  "liver_10": 0.30982905982905984,
  "liver_100": 0.5615384615384615,
  "liver_101": 0.46410256410256406,
  "liver_102": 0.9594017094017094,
  "liver_103": 0.9106837606837607,
  "liver_104": 0.05,
  "liver_107": 0.7726495726495726,
  "liver_108": 0.36666666666666664,
  "liver_109": 0.18803418803418803,
  "liver_11": 0.8132478632478632,
  "liver_110": 0.5696581196581197,
  "liver_111": 0.3017094017094017,
  "liver_112": 0.07435897435897436,
  "liver_113": 0.391025641025641,
  "liver_116": 0.9918803418803419,
  "liver_117": 0.23675213675213674,
  "liver_118": 0.926923076923077,
  "liver_12": 0.6102564102564103,
  "liver_120": 0.24487179487179483,
  "liver_121": 0.7888888888888889,
  "liver_122": 0.805128205128205,
  "liver_123": 0.6508547008547009,
  "liver_124": 0.16367521367521368,
  "liver_125": 0.09871794871794871,
  "liver_126": 0.12307692307692308,
  "liver_127": 0.8700854700854701,
  "liver_128": 0.9431623931623931,
  "liver_129": 0.6833333333333333,
  "liver_13": 0.8376068376068376,
  "liver_130": 0.8619658119658119,
  "liver_14": 0.6670940170940172,
  "liver_15": 0.7645299145299145,
  "liver_16": 0.5858974358974359,
  "liver_17": 0.6264957264957265,
  "liver_18": 0.8538461538461538,
  "liver_19": 0.9188034188034188,
  "liver_2": 0.6346153846153847,
  "liver_20": 0.723931623931624,
  "liver_21": 0.8457264957264957,
  "liver_22": 0.1311965811965812,
  "liver_23": 0.15555555555555556,
  "liver_24": 0.9025641025641026,
  "liver_25": 0.08247863247863249,
  "liver_26": 0.2286324786324786,
  "liver_27": 0.252991452991453,
  "liver_28": 0.39914529914529917,
  "liver_29": 0.8782051282051282,
  "liver_3": 0.7320512820512821,
  "liver_30": 0.7076923076923077,
  "liver_31": 0.13931623931623932,
  "liver_33": 0.6914529914529915,
  "liver_35": 0.6589743589743591,
  "liver_36": 0.5047008547008547,
  "liver_37": 0.3260683760683761,
  "liver_39": 1.0,
  "liver_4": 0.4316239316239316,
  "liver_40": 0.6427350427350428,
  "liver_42": 0.7401709401709402,
  "liver_43": 0.9512820512820512,
  "liver_44": 0.5777777777777778,
  "liver_45": 0.26111111111111107,
  "liver_46": 0.21239316239316242,
  "liver_48": 0.594017094017094,
  "liver_49": 0.41538461538461535,
  "liver_5": 0.7158119658119658,
  "liver_50": 0.5452991452991454,
  "liver_51": 0.3747863247863248,
  "liver_52": 0.520940170940171,
  "liver_53": 0.8294871794871794,
  "liver_54": 0.8944444444444444,
  "liver_55": 0.05811965811965812,
  "liver_56": 0.06623931623931624,
  "liver_57": 0.5290598290598291,
  "liver_58": 0.3423076923076923,
  "liver_59": 0.3829059829059829,
  "liver_6": 0.4072649572649572,
  "liver_60": 0.8863247863247863,
  "liver_61": 0.33418803418803417,
  "liver_62": 0.42350427350427344,
  "liver_63": 0.4397435897435897,
  "liver_64": 0.09059829059829061,
  "liver_65": 0.7564102564102565,
  "liver_66": 0.6752136752136753,
  "liver_67": 0.8213675213675213,
  "liver_68": 0.6021367521367522,
  "liver_69": 0.5371794871794872,
  "liver_7": 0.35854700854700855,
  "liver_70": 0.47222222222222215,
  "liver_71": 0.6183760683760684,
  "liver_72": 0.7482905982905984,
  "liver_73": 0.797008547008547,
  "liver_74": 0.5534188034188035,
  "liver_75": 0.49658119658119654,
  "liver_76": 0.1474358974358974,
  "liver_77": 0.7807692307692308,
  "liver_78": 0.2205128205128205,
  "liver_79": 0.28547008547008546,
  "liver_8": 0.48846153846153845,
  "liver_80": 0.5128205128205128,
  "liver_81": 0.3504273504273504,
  "liver_82": 0.27735042735042736,
  "liver_83": 0.10683760683760685,
  "liver_84": 0.9675213675213675,
  "liver_85": 0.9756410256410256,
  "liver_86": 0.9837606837606837,
  "liver_88": 0.29358974358974355,
  "liver_9": 0.4559829059829059,
  "liver_90": 0.2692307692307692,
  "liver_92": 0.17991452991452994,
  "liver_93": 0.1717948717948718,
  "liver_94": 0.935042735042735,
  "liver_95": 0.19615384615384618,
  "liver_96": 0.6995726495726496,
  "liver_97": 0.4803418803418803,
  "liver_98": 0.4478632478632478,
  "liver_99": 0.20427350427350427
}