case,cc_idx,size,size_cat,tumor_hu_mean,tumor_hu_std,tumor_hu_p5,tumor_hu_p10,tumor_hu_p20,tumor_hu_p25,tumor_hu_p30,tumor_hu_p50,tumor_hu_p70,tumor_hu_p75,tumor_hu_p80,tumor_hu_p90,tumor_hu_p95,liver_hu_mean,liver_hu_std,liver_hu_p5,liver_hu_p10,liver_hu_p20,liver_hu_p25,liver_hu_p30,liver_hu_p50,liver_hu_p70,liver_hu_p75,liver_hu_p80,liver_hu_p90,liver_hu_p95,contrast
liver_0,1,159,极小(<5k),64.30,24.04,32.00,37.00,43.00,47.00,48.40,58.00,76.80,85.50,90.00,101.20,107.10,103.32,25.41,62.00,73.00,86.00,90.00,94.00,105.00,114.00,117.00,121.00,135.80,146.00,-39.02
liver_0,2,134,极小(<5k),95.60,12.89,75.65,78.30,85.00,87.25,89.00,96.00,102.00,103.00,104.00,110.70,116.35,122.30,15.69,100.00,106.00,112.00,114.00,116.00,122.00,129.00,131.00,134.00,140.00,147.00,-26.69
liver_0,3,52,极小(<5k),98.71,16.79,76.10,80.10,85.20,86.00,88.00,97.00,106.00,106.25,114.20,122.90,127.70,120.11,18.47,86.00,100.00,109.00,112.00,114.00,121.00,128.00,130.00,133.00,140.00,147.00,-21.40
liver_0,4,137,极小(<5k),96.50,15.72,69.80,73.60,82.00,85.00,90.00,98.00,105.00,108.00,111.00,115.40,120.00,118.43,20.07,88.00,98.00,107.00,110.00,112.00,120.00,127.00,129.00,131.00,140.00,147.00,-21.93
liver_0,5,361,极小(<5k),84.47,17.05,58.00,63.00,67.00,70.00,72.00,84.00,97.00,99.00,101.00,106.00,110.00,120.62,18.98,89.00,103.00,112.00,114.00,116.00,123.00,128.00,130.00,132.00,139.00,146.00,-36.15
liver_0,6,1085,极小(<5k),82.16,26.86,40.20,48.00,57.00,62.00,66.00,81.00,97.00,101.00,106.00,118.60,128.80,119.61,19.70,88.45,98.00,107.00,110.00,112.00,121.00,129.00,131.00,134.00,141.00,147.00,-37.44
liver_0,7,147,极小(<5k),85.83,20.86,51.00,58.60,68.20,73.00,75.00,87.00,96.00,98.50,103.80,112.40,117.70,124.71,27.32,88.00,98.00,106.00,109.00,112.00,121.00,133.00,137.00,143.00,166.00,177.00,-38.88
liver_0,8,329,极小(<5k),100.40,17.17,72.40,77.80,88.00,90.00,92.00,100.00,110.00,112.00,114.40,120.00,129.20,117.71,16.57,91.00,99.00,106.00,109.00,111.00,119.00,126.00,128.00,130.00,137.00,142.00,-17.31
liver_0,9,98,极小(<5k),109.23,14.27,86.85,90.10,98.00,100.25,102.10,109.00,115.90,119.00,120.60,128.00,134.00,117.94,12.40,99.00,103.00,107.00,109.00,111.00,117.00,124.00,126.00,128.00,134.00,139.00,-8.70
liver_0,10,43,极小(<5k),85.07,8.09,72.10,74.40,78.00,78.50,80.00,86.00,89.00,90.50,92.00,94.00,98.80,114.88,11.72,96.90,100.00,105.00,107.00,109.00,115.00,121.00,122.00,124.40,129.20,134.00,-29.81
liver_0,11,46,极小(<5k),102.11,21.26,65.00,69.00,81.00,86.50,90.00,103.00,115.00,119.25,123.00,128.00,131.00,120.74,20.45,77.70,94.00,107.00,112.00,115.00,124.00,132.00,134.00,137.00,143.00,147.30,-18.64
liver_1,1,769,极小(<5k),49.18,32.41,-12.60,2.80,25.00,32.00,36.40,51.00,69.00,74.00,79.00,90.00,96.00,100.57,16.12,73.00,81.00,89.00,92.00,94.00,101.00,109.00,110.00,112.00,119.00,124.00,-51.39
liver_1,2,383,极小(<5k),71.52,12.81,51.10,56.00,61.00,63.00,65.00,71.00,78.00,80.00,82.00,89.00,93.90,116.86,14.72,92.00,99.00,107.00,109.00,111.00,118.00,124.00,125.00,127.00,133.00,139.00,-45.34
liver_1,3,186,极小(<5k),87.20,11.01,68.00,73.50,77.00,79.25,81.00,89.00,93.00,95.00,96.00,99.00,104.75,117.09,25.30,80.00,89.50,100.00,104.00,107.00,117.00,125.00,127.00,130.00,141.00,165.75,-29.88
liver_1,4,1252,极小(<5k),60.10,20.57,24.00,33.10,44.00,46.00,49.00,61.00,71.00,74.00,77.00,86.00,94.00,113.75,15.75,83.00,95.00,104.00,107.00,109.00,116.00,122.00,123.00,125.00,130.00,135.00,-53.65
liver_1,5,608,极小(<5k),76.41,16.06,51.00,56.70,63.00,66.00,69.00,77.00,85.00,87.00,90.00,97.00,104.00,121.08,24.37,91.00,98.00,104.00,106.00,109.00,116.00,125.00,129.00,133.00,153.00,177.00,-44.66
liver_1,6,327,极小(<5k),75.78,12.65,55.00,59.00,65.20,68.00,70.00,75.00,83.00,85.00,86.80,93.00,96.00,116.78,20.25,86.00,97.00,106.00,108.00,110.00,117.00,124.00,126.00,129.00,136.00,146.00,-41.00
liver_1,7,751,极小(<5k),79.17,19.70,48.00,55.00,62.00,65.50,68.00,79.00,89.00,92.00,96.00,106.00,113.00,118.54,23.90,88.80,94.00,101.00,104.00,106.00,114.00,124.00,127.00,130.00,147.00,174.00,-39.36
liver_1,8,1899,极小(<5k),64.12,20.35,31.00,38.00,47.00,50.00,54.00,65.00,75.00,78.00,81.00,90.00,97.00,108.77,22.02,69.00,82.00,95.00,98.00,102.00,111.00,120.00,122.00,125.00,133.00,139.05,-44.65
liver_1,9,622,极小(<5k),69.47,13.02,48.00,53.00,59.00,61.00,63.00,69.00,76.00,78.00,80.00,86.00,91.00,102.90,21.52,64.00,77.00,90.00,94.00,97.00,106.00,114.00,116.00,119.00,125.00,129.80,-33.43
liver_1,10,80,极小(<5k),71.90,14.28,49.85,55.90,60.80,61.75,63.70,71.00,77.30,79.25,84.20,93.00,96.10,104.97,13.87,81.00,87.00,94.00,96.00,98.90,105.00,112.00,114.00,116.00,121.00,127.00,-33.07
liver_1,11,148,极小(<5k),78.89,15.59,55.35,58.00,66.00,67.75,71.00,78.00,85.00,89.25,93.00,100.30,105.65,109.40,13.29,87.50,93.00,98.00,101.00,103.00,109.00,116.00,118.00,120.00,126.00,132.00,-30.51
liver_1,12,169,极小(<5k),63.59,18.40,30.00,38.00,49.00,53.00,55.00,64.00,75.00,76.00,79.00,86.00,90.00,103.29,15.21,76.00,83.00,92.00,94.00,97.00,104.00,111.00,113.00,115.00,121.00,127.00,-39.70
liver_10,1,322,极小(<5k),33.25,21.55,-1.00,6.00,16.00,19.00,22.00,32.00,44.00,48.75,53.00,62.90,69.95,85.23,22.40,48.80,56.60,67.00,70.00,73.80,87.00,96.20,100.00,103.00,115.40,123.00,-51.97
liver_10,2,1206,极小(<5k),49.54,20.71,17.00,24.00,32.00,35.00,38.00,49.00,60.00,63.00,67.00,77.00,85.00,85.61,25.43,42.00,52.00,65.00,69.00,73.00,87.00,99.00,103.00,106.00,117.00,125.00,-36.07
liver_10,3,1387,极小(<5k),43.96,21.08,11.00,16.00,25.00,29.00,32.00,43.00,55.00,58.00,62.00,71.00,79.00,85.52,25.63,41.00,51.00,64.00,69.00,73.00,88.00,100.00,104.00,108.00,116.00,124.00,-41.56
liver_10,4,14570,小(5k-50k),47.84,26.06,5.00,15.00,26.00,30.00,34.00,48.00,61.00,65.00,69.00,81.00,91.00,88.21,31.61,34.00,48.00,63.00,69.00,74.00,90.00,106.00,110.00,114.00,126.00,136.00,-40.37
liver_10,5,6271,小(5k-50k),48.99,26.97,6.00,15.00,26.00,31.00,34.00,48.00,63.00,67.00,71.00,84.00,95.00,89.24,29.95,39.00,51.00,64.00,69.00,74.00,90.00,105.00,109.00,114.00,127.00,137.00,-40.25
liver_10,6,554,极小(<5k),44.69,21.46,8.00,17.30,26.00,29.00,32.00,46.00,56.00,58.75,62.00,72.00,82.00,77.62,22.89,39.70,48.00,58.00,62.00,65.00,78.00,90.00,94.00,98.00,107.00,114.00,-32.93
liver_100,1,1116,极小(<5k),66.03,34.81,6.75,21.00,36.00,42.00,48.00,66.00,84.00,90.00,95.00,112.00,124.00,108.96,37.06,48.00,62.00,79.00,85.00,90.00,110.00,127.00,133.00,140.00,156.00,171.00,-42.93
liver_100,2,1554794,大(>=300k),61.37,42.03,-6.00,8.00,26.00,33.00,39.00,60.00,83.00,89.00,96.00,116.00,132.00,104.53,40.54,37.00,53.00,72.00,79.00,85.00,106.00,126.00,132.00,138.00,155.00,169.00,-43.16
liver_100,3,1150,极小(<5k),71.91,31.72,21.00,32.00,44.00,50.00,55.00,72.00,88.00,92.75,98.00,113.00,126.55,109.45,36.93,48.00,61.00,79.00,84.00,90.00,110.00,130.00,135.00,141.00,155.00,169.00,-37.54
liver_100,4,766,极小(<5k),86.32,33.78,32.25,43.00,57.00,64.00,69.00,86.00,104.00,109.00,115.00,132.00,143.50,116.98,34.90,57.00,71.00,88.00,94.00,100.00,118.00,136.00,141.00,147.00,161.00,174.00,-30.67
liver_100,5,973,极小(<5k),74.76,36.79,14.60,30.00,43.40,49.00,54.60,74.00,94.00,100.00,106.00,122.00,139.40,106.69,39.26,42.00,56.00,73.00,80.00,87.00,107.00,127.00,133.00,139.00,157.00,170.00,-31.92
liver_100,6,345,极小(<5k),60.29,44.61,-9.00,6.40,20.80,28.00,35.00,55.00,84.80,93.00,102.00,118.00,139.20,118.02,33.45,60.30,75.00,92.00,97.50,102.00,119.00,135.00,140.00,145.00,160.00,172.00,-57.73
liver_100,7,64,极小(<5k),75.08,30.16,25.60,34.30,48.40,59.75,62.80,72.50,93.30,97.00,97.40,114.00,127.25,116.53,38.94,50.00,66.40,83.00,91.00,98.00,118.00,136.80,142.00,150.00,167.00,179.00,-41.45
liver_100,8,2615,极小(<5k),76.12,26.96,32.00,42.00,53.00,57.00,61.00,75.00,90.00,95.00,99.00,111.00,122.00,117.76,30.66,65.00,78.00,92.00,97.00,102.00,119.00,135.00,139.00,144.00,157.00,166.00,-41.64
liver_100,9,97,极小(<5k),81.09,22.11,43.60,52.60,63.00,65.00,70.00,80.00,93.20,98.00,100.00,113.00,116.60,125.37,29.57,73.20,85.40,102.00,106.00,111.00,127.00,141.80,145.00,149.00,162.00,172.00,-44.28
liver_100,10,460,极小(<5k),88.14,31.43,36.00,47.00,61.00,66.00,71.70,88.50,105.00,110.00,117.00,131.00,140.00,126.75,30.11,78.00,88.50,101.00,106.00,111.00,127.00,142.00,146.00,151.00,165.00,177.00,-38.61
liver_100,11,7309,小(5k-50k),68.82,33.94,13.00,25.00,40.00,46.00,51.00,69.00,87.00,92.00,97.00,112.00,125.00,105.49,34.90,47.00,61.00,77.00,83.00,88.00,106.00,124.00,129.00,135.00,150.00,162.00,-36.68
liver_101,1,16711,小(5k-50k),50.88,32.77,-3.00,9.00,23.00,29.00,33.00,51.00,68.00,73.00,79.00,93.00,105.00,92.16,37.35,27.00,44.00,63.00,69.00,75.00,94.00,112.00,118.00,123.00,138.00,149.00,-41.28
liver_101,2,191359,中等(50k-300k),54.11,37.96,-8.00,6.00,22.00,29.00,34.00,54.00,74.00,80.00,86.00,103.00,116.00,103.05,39.25,35.00,53.00,73.00,80.00,86.00,106.00,124.00,129.00,135.00,150.00,163.00,-48.94
liver_101,3,1,极小(<5k),63.00,0.00,63.00,63.00,63.00,63.00,63.00,63.00,63.00,63.00,63.00,63.00,63.00,119.93,40.61,53.50,67.80,82.40,93.50,102.80,116.00,143.00,153.00,157.80,173.40,188.40,-56.93
liver_101,4,7172,小(5k-50k),64.39,35.47,6.00,19.00,35.00,40.00,45.00,64.00,83.00,88.00,95.00,110.00,122.00,112.75,37.28,52.00,65.00,82.00,88.00,93.00,112.00,132.00,138.00,144.00,160.00,175.00,-48.36
liver_101,5,1,极小(<5k),26.00,0.00,26.00,26.00,26.00,26.00,26.00,26.00,26.00,26.00,26.00,26.00,26.00,113.45,42.82,46.50,55.00,72.00,83.00,88.00,117.00,138.00,142.50,149.00,168.00,180.00,-87.45
liver_101,6,28259,小(5k-50k),79.70,37.44,16.00,31.00,48.00,55.00,60.00,81.00,100.00,106.00,112.00,127.00,139.00,118.48,37.04,57.00,71.00,88.00,94.00,100.00,119.00,138.00,143.00,149.00,165.00,179.00,-38.78
liver_101,7,1,极小(<5k),78.00,0.00,78.00,78.00,78.00,78.00,78.00,78.00,78.00,78.00,78.00,78.00,78.00,93.23,30.48,44.95,57.00,68.00,73.50,77.00,94.50,104.00,107.25,116.20,132.30,147.05,-15.23
liver_101,8,1,极小(<5k),122.00,0.00,122.00,122.00,122.00,122.00,122.00,122.00,122.00,122.00,122.00,122.00,122.00,86.28,41.25,11.80,30.40,52.00,61.50,70.00,91.00,111.60,116.00,119.00,134.20,145.60,35.72
liver_101,9,1,极小(<5k),102.00,0.00,102.00,102.00,102.00,102.00,102.00,102.00,102.00,102.00,102.00,102.00,102.00,95.07,42.36,20.45,36.00,60.80,71.00,75.70,97.50,119.00,124.00,130.00,141.20,162.55,6.93
liver_101,10,1,极小(<5k),80.00,0.00,80.00,80.00,80.00,80.00,80.00,80.00,80.00,80.00,80.00,80.00,80.00,92.01,39.62,21.50,39.00,56.00,66.00,75.00,96.00,117.00,121.00,125.00,142.50,149.75,-12.01
liver_101,11,2,极小(<5k),131.00,3.00,128.30,128.60,129.20,129.50,129.80,131.00,132.20,132.50,132.80,133.40,133.70,109.80,28.66,55.00,76.00,88.40,92.00,96.00,110.00,126.00,128.00,132.00,144.30,158.30,21.20
liver_101,12,38400,小(5k-50k),54.24,38.27,-10.00,5.00,22.00,29.00,35.00,55.00,75.00,80.00,87.00,103.00,116.00,105.71,37.76,43.00,58.00,75.00,82.00,87.00,106.00,125.00,130.00,137.00,154.00,167.00,-51.47
liver_101,13,87203,中等(50k-300k),59.56,34.20,4.00,16.00,31.00,36.00,41.00,59.00,77.00,82.00,88.00,104.00,117.00,100.33,34.73,39.00,56.00,74.00,80.00,85.00,102.00,119.00,124.00,129.00,142.00,153.00,-40.76
liver_101,14,1,极小(<5k),112.00,0.00,112.00,112.00,112.00,112.00,112.00,112.00,112.00,112.00,112.00,112.00,112.00,107.26,29.95,60.85,71.40,81.40,86.25,89.10,105.00,122.00,126.00,129.00,149.00,159.00,4.74
liver_101,15,5740,小(5k-50k),58.30,34.29,0.00,14.00,31.00,36.00,42.00,59.00,77.00,82.00,87.00,101.00,113.00,106.79,36.83,48.00,61.00,76.00,82.00,87.00,106.00,125.00,130.00,137.00,155.00,169.00,-48.48
liver_101,16,1583,极小(<5k),74.01,52.70,-24.00,-4.00,27.00,39.00,49.60,81.00,106.00,112.00,120.00,138.00,152.00,105.60,36.65,45.00,59.00,75.00,81.00,86.00,105.00,124.00,130.00,136.00,151.00,166.00,-31.59
liver_101,17,16,极小(<5k),66.38,15.54,48.00,50.00,52.00,56.50,58.50,60.50,71.00,73.75,76.00,92.00,94.50,103.12,36.04,43.10,57.00,73.00,79.00,85.00,104.00,119.00,125.50,132.60,149.80,165.00,-36.74
liver_101,18,1,极小(<5k),34.00,0.00,34.00,34.00,34.00,34.00,34.00,34.00,34.00,34.00,34.00,34.00,34.00,100.09,33.58,48.50,57.00,71.00,76.00,80.00,100.00,116.00,120.00,129.00,148.00,159.00,-66.09
liver_101,19,1985,极小(<5k),64.99,39.70,0.00,13.00,30.00,37.00,44.00,65.00,87.00,92.00,100.00,117.60,130.00,94.42,37.16,33.00,46.00,63.00,69.00,75.00,94.00,114.00,119.00,126.00,142.00,156.00,-29.43
liver_101,20,1,极小(<5k),147.00,0.00,147.00,147.00,147.00,147.00,147.00,147.00,147.00,147.00,147.00,147.00,147.00,106.02,35.70,45.00,56.70,76.40,81.00,85.00,107.00,126.90,133.00,137.60,151.30,164.30,40.98
liver_102,1,47754,小(5k-50k),69.70,41.57,2.00,17.00,35.00,42.00,48.00,69.00,91.00,98.00,105.00,123.00,138.00,87.85,43.72,15.00,34.00,55.00,63.00,69.00,90.00,111.00,117.00,123.00,141.00,154.00,-18.15
liver_103,1,302,极小(<5k),24.42,38.26,-39.00,-24.90,-6.00,0.00,5.30,24.00,43.00,48.75,55.00,73.80,87.95,107.48,43.99,34.20,51.00,72.00,80.00,86.00,107.00,130.00,137.00,143.00,163.00,180.00,-83.05
liver_103,2,75485,中等(50k-300k),82.50,40.47,16.00,31.00,49.00,56.00,62.00,83.00,104.00,110.00,116.00,134.00,148.00,107.57,42.94,37.00,53.00,73.00,80.00,86.00,108.00,130.00,136.00,143.00,161.00,176.00,-25.07
liver_104,1,320,极小(<5k),55.84,20.87,24.00,29.00,38.00,41.00,44.00,55.00,67.00,71.00,75.20,82.00,89.05,91.27,20.56,56.00,65.00,75.00,78.00,81.00,92.00,102.00,105.00,108.00,117.00,124.00,-35.42
liver_104,2,267741,中等(50k-300k),11.62,69.49,-24.00,-16.00,-8.00,-5.00,-2.00,8.00,19.00,22.00,25.00,35.00,46.00,69.35,159.49,-10.00,5.00,21.00,28.00,34.00,57.00,79.00,84.00,91.00,107.00,124.00,-57.73
liver_104,3,118,极小(<5k),66.82,14.64,40.85,46.70,52.40,56.50,60.00,67.50,75.00,77.75,80.00,84.60,90.00,107.84,27.88,59.00,71.00,83.00,89.00,94.00,110.00,123.00,127.00,131.00,142.00,151.00,-41.02
liver_104,4,1204,极小(<5k),13.91,19.74,-15.00,-10.00,-2.00,1.00,4.00,12.00,22.00,25.00,28.40,40.00,49.00,64.40,34.84,4.00,16.00,30.00,39.00,46.00,68.00,86.00,91.00,96.00,107.00,116.00,-50.49
liver_104,5,6488,小(5k-50k),10.08,18.68,-19.00,-12.00,-5.00,-3.00,0.00,9.00,19.00,22.00,25.00,34.00,42.00,60.29,33.22,4.00,15.00,30.00,36.00,43.00,64.00,81.00,85.75,90.00,101.00,108.00,-50.21
liver_104,6,2,极小(<5k),43.00,6.00,37.60,38.20,39.40,40.00,40.60,43.00,45.40,46.00,46.60,47.80,48.40,71.93,36.08,6.45,16.00,33.20,45.50,57.90,83.00,95.10,98.25,100.40,111.00,114.85,-28.93
liver_104,7,3,极小(<5k),18.00,12.96,2.40,4.80,9.60,12.00,14.40,24.00,26.40,27.00,27.60,28.80,29.40,71.37,35.95,5.00,25.00,37.00,44.00,55.40,82.00,95.00,97.00,99.00,111.60,114.00,-53.37
liver_104,8,2,极小(<5k),31.50,6.50,25.65,26.30,27.60,28.25,28.90,31.50,34.10,34.75,35.40,36.70,37.35,66.06,32.45,12.25,21.60,33.60,42.00,46.00,71.00,90.10,92.00,94.00,104.00,109.70,-34.56
liver_104,9,3,极小(<5k),18.00,2.45,15.30,15.60,16.20,16.50,16.80,18.00,19.20,19.50,19.80,20.40,20.70,64.23,32.29,5.40,25.00,33.20,41.75,44.60,67.50,89.40,91.25,93.00,101.00,107.45,-46.23
liver_104,10,37,极小(<5k),20.57,18.92,-3.80,0.00,7.20,8.00,10.00,17.00,24.20,26.00,31.60,48.80,57.20,82.17,28.08,26.00,40.10,60.00,67.00,72.00,86.00,99.00,103.00,106.00,114.90,121.00,-61.61
liver_107,1,225,极小(<5k),91.67,20.59,53.00,66.00,75.00,78.00,81.00,93.00,102.00,105.00,108.20,118.60,123.80,121.10,21.35,86.00,94.00,104.00,107.00,110.00,122.00,133.00,136.00,139.00,148.00,155.00,-29.43
liver_107,2,954,极小(<5k),82.14,24.47,42.00,51.30,62.00,66.00,70.00,82.00,94.00,96.00,101.00,113.00,123.35,107.93,29.97,56.00,70.50,87.00,91.00,96.00,110.00,124.00,128.00,132.00,142.00,151.00,-25.79
liver_107,3,3732,极小(<5k),105.61,23.20,65.00,75.00,86.00,90.00,94.00,107.00,119.00,122.00,125.00,135.00,143.00,121.34,22.44,86.00,93.00,103.00,106.00,109.00,121.00,133.00,136.00,140.00,150.00,159.00,-15.73
liver_107,4,1042,极小(<5k),93.71,21.39,56.00,65.00,77.00,81.00,84.00,94.00,105.00,108.75,113.00,121.00,127.00,123.66,24.08,86.00,94.00,103.00,108.00,111.00,123.00,136.00,139.00,143.00,154.00,165.00,-29.95
liver_108,1,564,极小(<5k),49.67,23.36,14.00,18.00,29.00,33.75,37.00,49.50,62.00,65.00,69.00,81.00,89.00,76.86,25.33,34.00,44.00,57.00,61.00,65.00,78.00,90.00,94.00,98.00,108.00,116.00,-27.19
liver_108,2,49826,小(5k-50k),62.40,27.41,20.00,29.00,39.00,43.00,47.00,61.00,76.00,80.00,85.00,99.00,110.00,95.44,25.74,51.00,63.00,76.00,81.00,85.00,97.00,109.00,112.00,116.00,125.00,133.00,-33.03
liver_108,3,2089,极小(<5k),46.29,25.94,5.40,14.00,24.00,28.00,32.00,45.00,60.00,65.00,69.00,81.00,91.00,77.65,24.39,34.00,46.00,59.00,63.00,67.00,79.00,91.00,95.00,98.00,107.00,114.00,-31.36
liver_108,4,572,极小(<5k),70.35,29.97,21.55,32.00,47.00,51.00,54.00,69.00,89.00,93.00,97.00,108.00,116.45,91.92,32.54,26.00,43.00,69.00,77.00,82.00,99.00,112.00,115.00,118.00,127.00,133.00,-21.57
liver_108,5,602,极小(<5k),58.10,27.27,19.00,23.10,34.00,37.00,40.00,55.50,74.00,79.00,85.00,96.00,103.95,98.27,20.57,64.00,73.00,81.00,85.00,88.00,99.00,110.00,112.00,116.00,124.00,130.00,-40.17
liver_108,6,1237,极小(<5k),66.19,25.87,24.80,33.00,43.00,48.00,52.00,65.00,79.00,83.00,89.00,100.40,110.00,86.51,25.83,44.00,59.00,70.00,73.00,77.00,88.00,100.00,103.00,106.00,116.00,124.00,-20.32
liver_108,7,2184,极小(<5k),61.25,26.49,18.15,28.00,38.00,43.00,46.00,61.00,76.00,80.00,84.00,96.00,105.00,93.86,27.65,40.00,58.00,74.00,80.00,84.00,98.00,109.00,113.00,116.00,125.00,131.00,-32.61
liver_108,8,21940,小(5k-50k),60.39,28.30,17.00,25.00,36.00,40.00,44.00,59.00,75.00,79.00,85.00,98.00,109.00,96.24,24.83,53.00,65.00,78.00,82.00,85.00,98.00,109.00,112.00,116.00,125.00,134.00,-35.85
liver_108,9,24822,小(5k-50k),58.44,25.54,19.00,27.00,37.00,40.00,44.00,56.00,70.00,75.00,80.00,94.00,104.00,85.39,30.23,31.00,45.00,62.00,68.00,73.00,89.00,103.00,106.00,110.00,120.00,129.00,-26.95
liver_108,10,1747,极小(<5k),67.21,26.65,27.00,34.00,43.00,48.00,51.00,65.00,81.00,85.00,89.00,103.00,114.00,101.10,26.93,57.00,67.00,80.00,84.00,88.00,101.00,114.00,118.00,122.00,135.00,146.00,-33.89
liver_108,11,258,极小(<5k),79.74,24.55,40.00,49.70,57.00,61.25,67.00,79.00,95.00,98.00,101.00,111.00,121.15,109.12,26.21,66.00,79.00,90.00,95.00,98.00,110.00,120.00,123.00,127.00,141.00,155.00,-29.37
liver_108,12,743,极小(<5k),39.81,24.12,4.00,11.00,19.00,23.00,26.00,38.00,51.00,54.00,58.00,72.80,84.00,72.46,31.22,18.00,29.00,44.00,50.50,55.20,75.00,91.00,95.00,100.00,113.00,121.30,-32.66
liver_108,13,598,极小(<5k),48.07,17.60,19.85,27.00,35.00,37.00,39.00,48.00,56.00,59.00,62.00,70.30,80.00,83.86,24.93,41.00,51.00,63.00,68.00,72.00,86.00,98.00,101.00,105.00,114.00,122.00,-35.79
liver_108,14,16772,小(5k-50k),63.84,24.78,26.00,33.00,43.00,46.00,50.00,62.00,76.00,80.00,85.00,97.00,107.00,85.78,36.23,19.00,35.00,54.00,63.00,70.00,92.00,108.00,112.00,116.00,127.00,135.00,-21.94
liver_108,15,34565,小(5k-50k),63.27,26.59,22.00,31.00,41.00,45.00,48.00,62.00,76.00,81.00,86.00,99.00,109.00,94.80,27.38,47.00,60.00,74.00,79.00,83.00,97.00,109.00,113.00,116.00,127.00,135.00,-31.53
liver_108,16,1092424,大(>=300k),60.85,27.33,19.00,27.00,38.00,42.00,45.00,59.00,74.00,79.00,84.00,97.00,109.00,98.49,26.98,53.00,66.00,79.00,84.00,88.00,100.00,112.00,115.00,119.00,129.00,138.00,-37.64
liver_108,17,2005,极小(<5k),67.27,26.51,28.00,36.00,44.00,49.00,52.00,66.00,79.00,84.00,88.20,101.00,113.00,105.54,22.96,68.00,77.00,86.00,90.00,94.00,106.00,117.00,120.00,124.00,135.00,144.00,-38.27
liver_108,18,111,极小(<5k),77.45,23.78,43.00,45.00,54.00,57.00,61.00,77.00,92.00,96.50,99.00,109.00,117.50,105.12,21.92,67.00,75.00,88.00,92.00,96.00,107.00,117.00,120.00,123.00,132.00,138.00,-27.67
liver_108,19,1,极小(<5k),75.00,0.00,75.00,75.00,75.00,75.00,75.00,75.00,75.00,75.00,75.00,75.00,75.00,97.21,19.52,65.15,70.20,81.20,83.25,85.00,98.00,109.10,111.75,115.80,122.00,128.00,-22.21
liver_108,20,9355,小(5k-50k),62.45,27.97,21.00,28.00,38.00,42.00,46.00,60.00,77.00,82.00,87.00,101.00,112.00,99.75,23.53,60.00,70.00,81.00,85.00,89.00,101.00,112.00,115.00,119.00,128.00,136.00,-37.29
liver_108,21,5872,小(5k-50k),62.11,28.52,19.00,28.00,38.00,42.00,45.00,59.00,76.00,81.00,87.00,102.00,113.00,96.17,27.20,50.00,63.00,77.00,82.00,85.00,98.00,110.00,113.00,117.00,127.00,136.00,-34.06
liver_108,22,753,极小(<5k),66.65,25.62,25.00,35.00,43.00,46.00,50.00,67.00,82.00,86.00,90.00,101.00,109.00,95.28,21.03,60.00,68.00,78.00,81.00,84.00,96.00,106.00,109.00,113.00,122.00,129.00,-28.62
liver_108,23,4708,极小(<5k),62.38,25.72,23.00,31.00,41.00,44.00,48.00,60.00,75.00,79.00,84.00,97.00,109.00,97.87,22.55,59.00,71.00,81.00,85.00,88.00,99.00,109.00,112.00,116.00,125.00,132.00,-35.48
liver_108,24,288,极小(<5k),63.18,23.19,23.35,34.00,43.40,47.00,50.00,64.00,76.00,79.00,83.20,93.00,100.30,90.92,22.55,54.00,62.70,73.00,77.00,80.00,91.00,103.00,106.00,110.00,119.00,126.00,-27.73
liver_108,25,345,极小(<5k),76.23,27.20,34.20,41.00,53.00,57.00,60.00,75.00,90.00,95.00,98.00,112.00,123.60,104.36,24.79,66.00,76.00,85.00,89.00,91.00,103.00,115.00,119.00,122.00,134.00,146.00,-28.13
liver_108,26,255,极小(<5k),73.47,28.56,23.70,36.80,48.00,52.50,57.00,74.00,90.60,94.00,99.20,113.00,118.30,100.39,21.44,67.00,73.20,83.00,86.00,89.00,101.00,111.00,115.00,118.00,128.00,136.00,-26.92
liver_108,27,16069,小(5k-50k),54.26,25.89,12.00,22.00,33.00,37.00,41.00,54.00,68.00,71.00,76.00,87.00,97.60,91.63,25.42,47.00,59.00,72.00,77.00,81.00,94.00,106.00,109.00,112.00,122.00,129.00,-37.37
liver_108,28,29602,小(5k-50k),61.37,25.61,23.00,31.00,40.00,44.00,47.00,59.00,73.00,77.00,82.00,96.00,108.00,94.06,29.21,42.00,58.00,74.00,79.00,83.00,97.00,109.00,113.00,116.00,126.00,135.00,-32.68
liver_108,29,768,极小(<5k),57.99,26.03,18.00,26.00,37.00,40.00,43.00,55.50,71.00,76.00,80.60,93.00,104.65,105.62,21.46,72.00,79.00,89.00,92.00,95.00,105.00,115.00,118.00,122.00,132.00,142.00,-47.63
liver_108,30,388,极小(<5k),64.78,24.36,24.70,33.70,42.40,47.00,51.00,65.00,78.00,83.00,87.00,95.00,103.65,100.89,21.95,63.00,72.00,83.00,87.00,90.00,102.00,113.00,116.00,119.00,128.00,136.00,-36.11
liver_108,31,8457,小(5k-50k),65.72,29.23,20.00,29.00,40.00,45.00,49.00,64.00,81.00,85.00,91.00,105.00,115.00,107.70,23.14,70.00,79.00,89.00,92.00,96.00,108.00,120.00,123.00,126.00,136.00,146.00,-41.98
liver_108,32,1,极小(<5k),72.00,0.00,72.00,72.00,72.00,72.00,72.00,72.00,72.00,72.00,72.00,72.00,72.00,96.79,14.82,70.00,76.00,84.00,88.00,91.00,97.00,104.80,106.00,110.00,115.00,120.60,-24.79
liver_108,33,266,极小(<5k),69.26,28.55,25.00,34.00,43.00,46.25,49.50,69.00,84.00,91.75,96.00,108.00,114.75,107.64,22.01,74.00,82.00,90.00,93.75,96.00,106.00,118.00,121.00,124.00,136.00,145.00,-38.38
liver_108,34,815,极小(<5k),75.73,24.12,38.00,46.40,56.00,60.00,63.00,75.00,87.00,90.00,95.00,108.00,116.30,96.05,21.27,60.00,68.00,79.00,83.00,86.00,97.00,107.00,110.00,113.00,123.00,129.00,-20.32
liver_108,35,369,极小(<5k),71.59,23.49,33.00,44.80,54.00,57.00,60.00,71.00,84.00,87.00,92.00,102.00,108.60,88.00,26.06,40.00,51.00,66.00,72.00,77.00,91.00,103.00,106.00,110.00,119.00,127.00,-16.41
liver_108,36,374,极小(<5k),60.52,25.63,21.00,28.00,40.00,44.00,49.00,58.50,73.00,76.75,82.40,97.00,103.35,93.83,19.73,61.00,68.00,77.00,81.00,84.00,95.00,105.00,107.00,110.00,119.00,126.00,-33.32
liver_108,37,11154,小(5k-50k),59.93,28.88,18.00,25.00,35.00,39.00,43.00,57.00,73.00,79.00,85.00,100.00,112.00,105.12,25.56,66.00,76.00,87.00,91.00,95.00,106.00,117.00,120.00,124.00,133.40,142.00,-45.19
liver_108,38,74,极小(<5k),62.05,33.26,11.25,15.30,27.60,33.25,37.80,69.00,86.10,90.00,92.00,102.40,109.40,94.31,20.81,60.45,68.00,78.00,82.00,84.00,94.00,104.00,107.00,110.00,119.00,130.55,-32.25
liver_108,39,2313,极小(<5k),58.69,25.81,19.00,29.00,38.00,41.00,44.00,56.00,70.00,74.00,79.00,94.00,104.00,104.88,22.11,69.00,78.00,87.00,91.00,94.00,105.00,116.00,119.00,122.00,132.00,140.00,-46.19
liver_108,40,2747,极小(<5k),72.64,27.58,27.00,36.00,48.00,53.00,56.00,73.00,88.00,93.00,98.00,109.00,117.00,103.12,21.98,67.00,76.00,86.00,90.00,93.00,103.00,114.00,117.00,121.00,130.00,138.00,-30.48
liver_108,41,413,极小(<5k),68.75,30.40,23.60,33.00,42.00,47.00,52.00,68.00,82.00,87.00,95.00,106.00,121.40,105.58,22.11,70.00,78.00,88.00,91.00,95.00,106.00,116.00,119.00,123.00,132.00,140.40,-36.83
liver_108,42,33,极小(<5k),57.79,21.51,32.60,37.00,39.00,40.00,42.20,53.00,71.00,75.00,80.80,88.20,94.80,86.65,23.47,46.00,54.00,67.00,71.00,76.00,88.00,99.00,103.00,106.20,116.00,125.00,-28.86
liver_108,43,1722,极小(<5k),71.34,26.31,30.05,38.00,48.00,53.00,56.00,70.00,85.00,90.00,95.00,105.00,116.00,101.84,20.93,68.00,75.00,85.00,88.00,92.00,102.00,112.00,115.00,119.00,128.00,135.00,-30.51
liver_108,44,338,极小(<5k),67.22,25.40,27.85,34.00,47.00,51.00,54.00,65.00,79.00,83.00,89.00,102.00,111.00,107.40,21.58,74.00,81.00,89.00,93.00,96.00,107.00,118.00,121.00,124.60,134.00,145.00,-40.18
liver_108,45,386,极小(<5k),71.83,22.83,36.25,43.00,51.00,55.00,57.00,71.00,85.00,89.75,94.00,104.00,109.75,100.34,18.70,71.00,76.20,84.00,87.00,90.00,100.00,111.00,113.00,116.00,124.00,132.00,-28.51
liver_108,46,30580,小(5k-50k),59.34,26.12,20.00,28.00,37.00,41.00,45.00,57.00,72.00,76.00,81.00,94.00,106.00,92.98,30.03,39.00,55.00,72.00,78.00,82.00,97.00,109.00,113.00,117.00,127.00,134.00,-33.64
liver_108,47,218,极小(<5k),35.77,27.51,-15.30,-7.00,15.00,21.25,26.00,40.00,50.90,53.00,55.60,67.30,74.15,92.76,22.36,54.15,64.00,73.60,78.00,81.90,94.00,105.00,108.00,111.00,120.00,127.85,-56.99
liver_108,48,3644,极小(<5k),60.76,26.33,21.00,29.00,39.00,43.00,47.00,58.00,72.00,77.00,82.00,97.00,109.00,100.53,27.26,52.00,66.00,81.00,86.00,90.00,103.00,115.00,118.00,122.00,132.00,141.00,-39.78
liver_108,49,624,极小(<5k),45.31,22.05,11.15,17.00,25.00,29.00,32.00,43.00,57.00,60.00,64.00,74.00,84.00,92.17,23.08,53.00,63.00,73.00,77.00,81.00,94.00,104.00,107.00,111.00,120.60,128.00,-46.87
liver_108,50,1,极小(<5k),78.00,0.00,78.00,78.00,78.00,78.00,78.00,78.00,78.00,78.00,78.00,78.00,78.00,72.37,23.08,37.35,43.00,53.40,56.75,59.00,69.50,84.90,88.25,93.00,102.60,113.30,5.63
liver_108,51,405,极小(<5k),71.56,22.76,35.00,41.00,53.00,57.00,60.00,70.00,81.00,86.00,91.00,101.00,112.00,97.87,19.61,64.00,72.00,82.00,85.00,88.00,98.00,108.00,111.00,114.00,122.00,130.00,-26.30
liver_108,52,41508,小(5k-50k),54.04,27.43,14.00,21.00,31.00,35.00,38.00,51.00,66.00,71.00,76.00,92.00,105.00,97.94,25.36,53.00,65.00,78.00,83.00,87.00,100.00,112.00,115.00,119.00,128.00,136.00,-43.90
liver_108,53,2858,极小(<5k),55.44,23.43,19.00,27.00,36.00,39.00,42.00,53.00,66.00,70.00,75.00,88.00,97.00,93.92,21.44,59.00,67.00,77.00,80.00,83.00,94.00,105.00,108.00,111.00,120.00,128.00,-38.48
liver_108,54,2641,极小(<5k),49.18,24.30,13.00,20.00,29.00,33.00,35.00,46.00,60.00,64.00,69.00,83.00,93.00,91.09,21.58,54.00,63.00,73.00,77.00,80.00,92.00,103.00,106.00,109.00,118.00,125.00,-41.91
liver_108,55,1544,极小(<5k),64.01,23.88,27.00,35.00,44.00,47.00,50.00,61.00,76.10,81.00,86.00,97.00,104.00,100.61,21.56,64.00,73.00,83.00,87.00,90.00,101.00,112.00,115.00,118.00,127.00,136.00,-36.61
liver_108,56,129,极小(<5k),71.60,20.87,35.40,43.00,50.60,55.00,60.20,74.00,83.60,87.00,91.00,101.00,103.60,99.40,19.23,70.00,76.00,83.00,86.00,89.00,99.00,108.00,111.00,114.00,123.00,132.00,-27.80
liver_108,57,223,极小(<5k),72.35,24.03,30.00,42.00,52.40,56.00,61.00,71.00,88.40,92.00,93.60,98.00,106.00,116.61,20.19,83.00,92.00,101.00,104.00,107.00,117.00,127.00,130.00,133.00,142.00,150.00,-44.26
liver_108,58,1267,极小(<5k),72.26,28.26,28.00,37.00,49.00,53.00,56.00,69.00,87.00,92.00,97.00,111.00,122.00,107.27,20.41,73.30,81.00,91.00,94.00,97.00,107.00,118.00,121.00,125.00,133.00,140.00,-35.01
liver_108,59,647,极小(<5k),57.12,23.64,19.00,26.00,38.00,41.00,45.00,56.00,69.00,73.00,77.00,90.40,97.00,97.67,24.27,56.00,66.00,77.00,82.00,85.00,99.00,111.00,114.00,118.00,128.00,136.00,-40.55
liver_108,60,1,极小(<5k),83.00,0.00,83.00,83.00,83.00,83.00,83.00,83.00,83.00,83.00,83.00,83.00,83.00,90.38,20.07,56.50,59.00,72.00,74.75,79.50,92.00,103.50,108.00,110.00,114.00,120.25,-7.38
liver_108,61,51,极小(<5k),61.88,19.55,26.50,35.00,44.00,48.00,51.00,65.00,76.00,77.50,79.00,86.00,89.50,89.42,23.87,50.00,58.00,69.00,74.00,77.00,90.00,102.00,106.00,109.00,120.00,128.00,-27.54
liver_108,62,1777,极小(<5k),60.05,24.32,24.00,30.00,39.00,42.00,45.00,58.00,72.00,76.00,80.00,92.00,104.00,98.74,24.48,59.00,70.00,82.00,85.00,89.00,100.00,111.00,114.00,117.00,127.00,135.00,-38.69
liver_108,63,167,极小(<5k),49.81,28.23,9.60,16.00,25.20,30.50,33.80,50.00,60.20,64.50,68.80,90.20,104.10,105.38,21.62,70.00,79.00,88.00,92.00,95.00,105.00,116.00,119.00,123.00,132.00,141.00,-55.57
liver_108,64,238,极小(<5k),62.90,24.34,28.85,35.00,41.00,44.25,48.10,60.00,74.00,77.75,83.00,96.00,107.00,103.13,20.64,68.00,77.00,86.00,90.00,93.00,104.00,115.00,117.00,120.00,129.00,136.00,-40.23
liver_108,65,1409,极小(<5k),69.98,28.29,28.00,34.00,45.00,49.00,52.00,68.00,86.00,91.00,96.40,110.00,117.60,101.20,24.64,56.00,70.00,83.00,87.00,91.00,103.00,115.00,117.00,121.00,130.00,137.00,-31.22
liver_108,66,4728,极小(<5k),64.50,27.31,23.00,31.00,41.00,45.00,49.00,62.00,78.00,83.00,88.00,101.00,113.00,100.75,25.74,55.00,70.00,83.00,87.00,91.00,103.00,114.00,117.00,121.00,131.00,139.00,-36.25
liver_108,67,235,极小(<5k),78.77,30.61,24.70,38.00,55.00,59.00,63.20,78.00,97.60,100.00,105.00,119.20,127.30,107.75,20.48,73.00,81.00,91.00,95.00,98.00,109.00,119.00,122.00,124.00,134.00,140.00,-28.98
liver_108,68,2029,极小(<5k),67.70,23.32,28.40,37.00,48.00,52.00,56.00,68.00,80.00,83.00,87.00,97.00,105.00,99.67,22.34,60.00,70.00,81.00,86.00,89.00,101.00,112.00,115.00,118.00,127.00,134.00,-31.97
liver_108,69,5111,小(5k-50k),67.58,27.80,24.00,33.00,44.00,48.00,52.00,66.00,82.00,87.00,92.00,105.00,115.00,98.20,22.96,57.00,67.00,79.00,84.00,87.00,100.00,111.00,114.00,118.00,126.00,133.00,-30.62
liver_108,70,2073,极小(<5k),61.76,23.94,24.00,33.00,41.00,45.00,48.00,61.00,74.00,77.00,82.00,93.00,102.00,99.73,22.83,60.00,69.00,81.00,86.00,90.00,101.00,112.00,115.00,119.00,127.50,134.00,-37.97
liver_109,1,32,极小(<5k),7.44,21.27,-26.70,-22.30,-8.80,-7.25,-4.70,9.00,17.70,22.25,23.80,32.00,38.25,67.50,31.72,15.90,26.90,41.00,45.25,51.00,67.00,86.00,92.00,96.00,109.00,116.55,-60.06
liver_109,2,296,极小(<5k),10.93,23.46,-26.25,-17.00,-8.00,-5.00,-2.00,9.00,23.00,26.25,30.00,39.00,46.25,57.09,33.59,-2.00,11.00,30.00,36.00,41.20,61.00,76.00,80.00,86.00,98.00,107.00,-46.16
liver_109,3,13242,小(5k-50k),17.36,29.02,-27.00,-18.00,-7.00,-3.00,1.00,15.00,31.00,35.00,41.00,57.00,70.00,60.58,32.28,4.00,17.00,33.00,40.00,45.00,62.00,79.00,83.00,88.00,101.00,111.00,-43.22
liver_109,4,1325,极小(<5k),25.49,27.56,-18.80,-10.00,2.00,8.00,12.00,27.00,40.00,44.00,48.00,59.00,71.00,73.06,32.77,18.00,31.00,47.00,53.00,58.00,75.00,90.00,95.00,100.00,114.00,124.00,-47.57
liver_109,5,311,极小(<5k),17.69,23.77,-17.00,-12.00,-4.00,1.50,4.00,15.00,28.00,33.00,39.00,51.00,59.00,69.49,28.49,17.00,31.00,47.00,53.00,58.00,72.00,84.00,88.00,92.00,103.00,112.60,-51.80
liver_109,6,251,极小(<5k),27.54,23.50,-7.00,-1.00,6.00,11.50,15.00,25.00,39.00,42.00,47.00,63.00,72.50,73.70,26.79,26.00,40.00,54.00,58.00,62.00,75.00,88.00,92.00,96.00,106.00,115.00,-46.17
liver_109,7,12089,小(5k-50k),12.90,26.26,-28.00,-19.00,-8.00,-4.00,-1.00,12.00,25.00,29.00,33.00,46.00,57.00,71.29,32.39,12.00,27.00,45.00,51.00,57.00,74.00,89.00,94.00,98.00,110.00,120.00,-58.39
liver_109,8,3253,极小(<5k),16.46,23.28,-20.00,-13.00,-3.00,1.00,4.00,16.00,28.00,31.00,35.00,45.00,56.00,59.37,37.68,-5.00,9.00,28.00,35.00,41.00,62.50,81.00,86.00,91.00,105.00,115.00,-42.91
liver_109,9,646,极小(<5k),21.70,27.35,-20.00,-13.50,-2.00,1.00,5.00,21.00,34.00,39.00,44.00,60.00,68.75,71.93,30.44,20.00,30.00,47.00,52.00,58.00,74.00,88.00,92.00,97.00,109.60,121.00,-50.22
liver_109,10,380,极小(<5k),21.11,23.30,-14.00,-7.10,1.00,6.00,10.00,20.00,32.00,36.25,41.00,50.10,59.05,77.70,30.59,21.00,37.00,54.00,60.00,65.00,80.00,94.00,99.00,103.00,114.70,124.35,-56.58
liver_109,11,4450,极小(<5k),20.57,27.52,-24.00,-15.00,-3.00,2.00,6.00,21.00,34.00,38.00,43.00,56.00,66.55,70.76,36.58,4.00,23.00,42.00,49.75,55.00,74.00,91.00,95.00,101.00,114.00,125.00,-50.18
liver_109,12,157,极小(<5k),26.15,29.98,-28.00,-13.00,1.00,6.00,11.80,24.00,43.20,48.00,53.00,67.00,76.20,80.43,33.21,23.00,36.00,53.00,59.00,64.00,81.00,98.00,103.00,108.00,122.00,135.00,-54.28
liver_109,13,11548,小(5k-50k),20.60,27.14,-22.00,-14.00,-2.00,2.00,6.00,20.00,34.00,38.00,43.00,55.00,66.65,72.71,32.77,15.00,29.00,46.00,52.00,57.00,75.00,91.00,95.00,100.00,112.00,123.00,-52.10
liver_109,14,6466,小(5k-50k),14.27,25.07,-26.00,-17.00,-6.00,-2.00,1.00,14.00,26.00,30.00,34.00,46.00,56.00,71.68,31.42,17.00,30.00,46.00,52.00,57.00,74.00,89.00,93.00,98.00,110.00,121.00,-57.41
liver_109,15,705,极小(<5k),17.90,25.79,-26.00,-14.00,-4.00,0.00,4.00,18.00,32.00,35.00,40.00,50.00,60.00,71.73,34.05,13.00,26.00,44.00,52.00,57.00,74.00,91.00,96.00,101.00,113.00,122.00,-53.83
liver_109,16,113,极小(<5k),19.35,28.17,-22.40,-15.80,-8.60,-6.00,1.60,21.00,35.40,42.00,47.20,56.60,66.00,73.29,29.17,22.00,37.00,52.00,57.00,62.00,75.00,89.00,92.00,97.00,108.00,115.00,-53.95
liver_109,17,30,极小(<5k),32.07,26.57,-1.75,4.60,11.80,12.75,15.70,27.00,41.00,42.50,50.20,63.30,77.75,78.47,28.61,27.00,39.00,56.00,61.00,66.00,79.00,94.00,98.00,103.00,114.00,124.00,-46.40
liver_109,18,422,极小(<5k),20.26,25.07,-18.00,-11.90,-2.00,5.00,7.00,20.00,31.00,36.00,40.00,53.00,60.90,73.72,29.52,18.00,34.00,51.00,56.25,62.00,78.00,91.00,95.00,99.00,108.00,115.00,-53.46
liver_109,19,54,极小(<5k),30.70,30.28,-8.05,-1.70,4.00,8.25,10.00,23.50,46.10,50.25,56.00,76.80,90.45,78.23,28.84,29.85,42.00,55.00,61.00,66.00,80.00,94.00,98.00,102.00,113.00,122.15,-47.53
liver_109,20,492,极小(<5k),26.03,23.97,-11.00,-3.90,5.00,8.00,12.30,24.50,38.00,43.00,46.00,58.00,70.00,78.09,30.48,26.55,38.00,53.00,58.75,63.00,79.00,95.00,99.00,104.00,117.00,127.00,-52.07
liver_109,21,260,极小(<5k),25.31,25.63,-19.00,-9.00,4.00,7.00,12.70,24.50,40.00,43.00,47.00,56.10,67.00,79.85,31.37,26.00,38.00,53.00,59.00,64.00,81.00,97.00,101.00,106.00,118.30,129.00,-54.54
liver_109,22,247,极小(<5k),27.85,25.06,-7.00,-3.40,7.00,11.50,14.00,24.00,40.00,42.50,46.00,62.00,73.00,78.25,25.12,34.00,46.00,57.00,62.00,66.00,80.00,91.00,95.00,99.00,110.00,119.00,-50.39
liver_109,23,454,极小(<5k),47.95,24.99,8.30,18.00,28.00,32.25,34.00,48.00,60.00,63.00,69.00,78.70,90.35,72.11,24.73,31.00,41.00,51.00,56.00,59.00,72.00,85.00,89.00,94.00,104.00,113.00,-24.15
liver_109,24,4044,极小(<5k),13.35,25.00,-26.85,-19.00,-8.00,-4.00,-1.00,13.00,27.00,30.00,34.00,45.00,54.00,69.43,32.66,10.00,24.00,41.00,49.00,55.00,73.00,89.00,93.00,97.00,109.00,118.00,-56.07
liver_109,25,1053,极小(<5k),72.03,23.41,34.00,41.00,51.00,56.00,59.00,71.00,84.00,88.00,92.00,103.00,113.00,85.91,21.28,51.00,58.00,68.00,72.00,75.00,86.00,97.00,100.00,104.00,113.80,121.00,-13.88
liver_109,26,1173,极小(<5k),22.29,26.54,-18.40,-10.00,1.00,4.00,8.00,20.00,34.40,40.00,45.00,57.00,70.00,74.24,26.12,27.65,40.00,54.00,59.00,62.00,75.00,88.00,92.00,96.00,107.00,115.00,-51.96
liver_109,27,339,极小(<5k),57.84,20.95,23.00,30.00,41.00,45.00,48.00,58.00,68.00,71.00,75.00,85.00,90.10,78.50,26.16,36.00,45.00,55.00,60.00,64.00,79.00,93.00,97.00,101.60,112.00,122.00,-20.66
liver_109,28,310,极小(<5k),21.66,26.04,-16.10,-9.00,-1.00,2.00,4.70,19.00,35.30,41.00,47.00,57.00,63.00,74.92,31.03,14.00,32.00,52.00,58.00,63.00,79.00,92.00,96.00,100.00,111.00,120.60,-53.25
liver_109,29,8546,小(5k-50k),50.71,26.53,6.00,18.00,30.00,34.00,38.00,52.00,65.00,69.00,73.00,83.00,92.00,67.41,29.35,19.00,32.00,45.00,50.00,54.00,69.00,83.00,87.00,91.00,102.00,112.00,-16.70
liver_109,30,134,极小(<5k),18.00,23.42,-21.05,-12.40,0.60,4.25,6.00,18.00,29.00,32.00,38.00,47.70,57.70,58.18,33.44,-3.00,10.00,31.00,38.00,45.00,63.00,76.00,80.00,85.00,99.00,109.50,-40.18
liver_11,1,197,极小(<5k),57.99,21.67,23.00,32.00,38.00,41.00,46.00,58.00,69.00,72.00,75.00,89.00,96.20,76.69,24.85,39.00,47.20,56.00,60.00,63.00,74.00,89.00,93.00,97.00,110.00,119.00,-18.70
liver_11,2,2857,极小(<5k),53.03,29.03,6.00,17.00,28.00,33.00,37.00,53.00,68.00,73.00,77.00,91.00,102.00,91.37,28.23,45.00,56.00,68.00,73.00,77.00,91.00,105.00,109.00,114.00,127.00,138.00,-38.33
liver_11,3,960,极小(<5k),54.43,25.23,11.95,23.00,33.00,37.00,41.00,53.00,68.00,71.00,77.00,88.00,96.00,86.81,26.52,43.00,53.00,65.00,69.00,73.00,87.00,100.00,104.50,109.00,120.00,131.00,-32.38
liver_11,4,2107,极小(<5k),49.61,26.38,4.00,17.00,28.00,33.00,37.00,50.00,63.00,66.00,71.00,84.00,92.00,86.51,26.68,42.00,52.00,64.00,69.00,73.00,87.00,100.00,104.00,109.00,120.60,129.00,-36.90
liver_11,5,4428,极小(<5k),55.04,27.43,11.00,20.00,32.00,36.00,41.00,55.00,69.00,73.00,78.00,90.00,100.00,91.54,26.38,49.00,58.00,70.00,74.00,78.00,92.00,105.00,109.00,113.00,125.00,134.00,-36.51
liver_110,1,30648,小(5k-50k),90.83,26.60,46.00,56.00,69.00,73.00,78.00,91.00,105.00,109.00,113.00,124.00,134.00,109.59,31.07,57.00,72.00,87.00,92.00,96.00,110.00,125.00,129.00,134.00,147.00,158.00,-18.76
liver_110,2,3086,极小(<5k),90.03,26.43,46.00,55.00,67.00,72.00,76.00,91.00,105.00,109.00,113.00,123.00,132.00,117.25,26.29,74.00,85.00,97.00,101.00,105.00,118.00,130.00,134.00,139.00,150.00,159.00,-27.21
liver_110,3,198,极小(<5k),71.30,27.20,27.55,38.70,53.00,55.00,60.10,70.00,83.00,86.00,93.20,101.90,111.15,125.10,35.74,73.00,83.00,96.00,101.00,106.00,121.50,139.00,144.00,151.00,173.00,194.00,-53.80
liver_110,4,5508,小(5k-50k),93.70,28.66,45.00,57.00,70.00,75.00,79.00,94.00,109.00,113.00,118.00,130.00,139.00,115.22,23.73,75.00,85.00,96.00,100.00,104.00,116.00,127.00,131.00,135.00,145.00,153.00,-21.52
liver_110,5,286,极小(<5k),90.93,24.84,51.25,58.50,71.00,75.00,78.00,90.00,104.00,108.00,112.00,122.50,131.00,119.03,22.75,80.00,90.00,101.00,105.00,108.00,120.00,130.00,133.00,137.00,148.00,157.55,-28.11
liver_110,6,16568,小(5k-50k),93.19,30.78,40.00,52.00,68.00,73.00,79.00,95.00,110.00,115.00,119.00,131.00,140.00,120.02,27.52,76.00,86.00,98.00,103.00,107.00,120.00,134.00,138.00,143.00,154.00,164.00,-26.83
liver_110,7,12042,小(5k-50k),101.24,26.43,57.00,68.00,80.00,84.00,88.00,102.00,115.00,119.00,123.00,134.00,143.00,118.96,27.17,77.00,86.00,97.00,101.00,105.00,118.00,131.00,136.00,140.00,153.00,164.00,-17.72
liver_110,8,12259,小(5k-50k),97.29,29.52,46.00,58.00,73.00,78.00,83.00,99.00,113.00,117.00,122.00,134.00,143.00,123.85,28.72,75.00,88.00,101.00,106.00,110.00,124.00,138.00,143.00,147.00,159.00,170.00,-26.57
liver_110,9,1197,极小(<5k),96.13,27.19,52.00,62.00,74.00,78.00,82.00,95.00,110.00,114.00,119.00,130.00,142.20,121.29,27.99,77.00,85.00,97.00,102.00,106.00,121.00,137.00,141.00,145.00,158.00,166.65,-25.15
liver_110,10,3303,极小(<5k),101.26,26.50,59.00,68.00,80.00,84.00,88.00,100.00,115.00,118.00,123.00,137.00,146.00,127.40,33.08,77.00,88.00,100.00,105.00,110.00,125.00,142.00,147.00,153.00,168.00,184.00,-26.14
liver_110,11,241,极小(<5k),75.01,33.88,22.00,30.00,46.00,50.00,53.00,75.00,96.00,100.00,108.00,121.00,128.00,123.38,26.30,82.00,91.00,101.00,106.00,109.00,123.00,136.00,140.00,145.00,156.00,168.00,-48.36
liver_110,12,142,极小(<5k),91.34,31.68,37.25,49.20,61.20,68.00,71.30,93.50,110.70,113.75,119.00,127.90,139.85,127.76,27.46,83.00,94.00,106.00,110.00,114.00,127.00,140.00,145.00,149.00,163.00,175.00,-36.42
liver_110,13,214,极小(<5k),99.34,32.62,52.00,61.30,73.60,77.25,79.00,95.00,115.00,119.75,124.00,141.70,162.10,132.28,24.30,92.00,101.00,111.00,116.00,119.00,133.00,146.00,149.00,153.00,163.90,172.00,-32.94
liver_110,14,4508,极小(<5k),34.23,33.22,-13.00,-4.00,7.00,11.75,16.00,30.00,47.00,53.00,60.00,79.00,97.00,127.15,31.10,71.00,86.00,104.00,109.00,115.00,130.00,144.00,148.00,152.00,164.00,173.00,-92.92
liver_110,15,33961,小(5k-50k),98.70,28.32,51.00,63.00,76.00,80.00,85.00,99.00,114.00,118.00,122.00,134.00,144.00,124.57,27.27,79.00,90.00,102.00,107.00,111.00,125.00,139.00,143.00,147.00,159.00,168.00,-25.87
liver_110,16,163,极小(<5k),79.18,26.81,27.10,49.20,58.00,61.00,66.00,80.00,92.40,97.50,103.00,115.00,120.80,128.10,25.97,88.30,96.00,108.00,111.00,115.00,127.00,140.00,143.00,149.00,162.00,172.00,-48.91
liver_110,17,82,极小(<5k),78.66,27.36,31.05,42.30,54.00,57.25,67.30,82.00,92.00,94.75,97.00,103.60,127.80,131.13,24.55,91.00,99.10,109.00,114.00,118.00,131.00,144.70,148.00,153.00,162.00,170.45,-52.47
liver_111,1,1912,极小(<5k),78.15,28.84,32.00,41.10,53.00,58.00,62.00,77.00,94.00,97.00,103.00,117.00,127.00,120.70,29.98,71.00,83.00,97.00,102.00,107.00,122.00,137.00,141.00,145.00,157.00,167.00,-42.54
liver_111,2,1113,极小(<5k),72.16,30.31,21.00,32.00,46.00,52.00,58.00,73.00,88.00,93.00,98.60,111.00,121.00,108.69,34.92,54.00,68.00,83.00,89.00,94.00,111.00,127.00,131.00,137.00,150.00,159.70,-36.52
liver_111,3,2060,极小(<5k),76.68,30.70,24.00,36.00,51.00,57.00,62.00,79.00,93.00,97.25,103.00,116.00,125.00,118.32,30.73,67.00,79.00,92.00,98.00,103.00,119.00,135.00,139.00,144.00,156.00,167.60,-41.64
liver_111,4,987,极小(<5k),64.61,27.74,24.00,31.00,40.00,44.00,48.00,64.00,78.00,82.00,88.00,98.40,114.00,102.19,35.68,39.00,55.00,73.00,81.00,85.00,104.00,121.00,126.00,131.00,145.00,158.00,-37.59
liver_111,5,1,极小(<5k),64.00,0.00,64.00,64.00,64.00,64.00,64.00,64.00,64.00,64.00,64.00,64.00,64.00,89.06,39.97,20.85,26.00,55.80,63.75,74.00,94.50,111.00,115.00,120.00,141.30,150.00,-25.06
liver_111,6,912,极小(<5k),69.68,31.88,17.55,30.00,42.00,47.00,51.00,70.00,88.00,94.00,99.80,111.90,120.00,117.89,31.34,64.00,78.00,93.00,98.00,103.00,119.00,134.00,138.00,143.00,157.00,168.00,-48.22
liver_111,7,315,极小(<5k),58.16,27.08,17.70,26.40,35.00,38.50,43.20,54.00,72.00,77.50,81.00,93.60,104.30,113.72,31.66,60.00,74.00,88.00,94.00,99.00,115.50,131.00,135.00,140.00,153.00,163.00,-55.56
liver_112,1,207,极小(<5k),32.19,37.31,-18.00,-14.40,0.40,7.00,9.80,27.00,48.00,52.50,57.80,79.20,111.00,120.77,28.63,72.00,84.00,99.00,104.00,108.00,122.00,135.00,139.00,144.00,155.00,165.00,-88.58
liver_112,2,453,极小(<5k),49.90,25.55,12.00,19.00,29.00,32.00,36.00,46.00,61.00,66.00,70.00,85.00,97.00,136.24,29.99,88.00,99.00,113.00,118.00,122.00,136.00,151.00,155.00,160.00,175.00,187.40,-86.35
liver_112,3,414,极小(<5k),65.32,33.86,14.00,24.00,39.00,43.00,47.00,61.00,82.10,88.75,95.00,109.00,120.00,142.61,29.59,96.00,107.90,120.00,125.00,130.00,142.00,154.00,158.00,163.00,177.00,196.00,-77.29
liver_112,4,107,极小(<5k),50.98,29.74,13.30,18.00,28.00,30.00,33.00,45.00,64.20,67.00,71.60,90.40,104.00,125.28,38.56,46.30,74.00,101.00,109.75,114.00,133.00,146.00,150.00,154.00,165.00,173.00,-74.30
liver_113,1,858,极小(<5k),95.24,19.55,61.00,69.00,79.00,83.00,85.00,96.00,107.00,110.00,113.00,119.00,125.00,109.99,20.99,75.00,83.00,93.00,96.00,100.00,111.00,122.00,124.00,127.00,136.00,142.00,-14.76
liver_113,2,30656,小(5k-50k),84.25,23.09,47.00,55.00,65.00,68.00,72.00,84.00,96.00,99.00,104.00,114.00,123.00,100.78,26.14,58.00,67.00,78.00,83.00,87.00,101.00,115.00,119.00,123.00,134.00,143.00,-16.53
liver_113,3,402,极小(<5k),66.21,21.82,33.05,40.00,49.00,51.00,53.00,64.00,77.00,81.00,85.00,95.90,102.00,102.85,23.02,64.00,73.00,84.00,88.00,91.00,104.00,115.00,118.00,122.00,131.00,140.00,-36.64
liver_113,4,5693,小(5k-50k),84.18,23.64,46.00,54.00,64.00,68.00,71.00,84.00,97.00,100.00,104.00,115.00,123.00,101.87,25.88,59.00,68.00,80.00,85.00,88.00,102.00,116.00,119.00,123.00,134.00,143.00,-17.69
liver_113,5,690,极小(<5k),81.32,20.42,49.45,57.00,65.00,68.00,71.00,80.00,90.00,93.00,96.00,108.00,116.00,108.72,21.20,74.00,82.00,90.00,94.00,98.00,108.00,120.00,123.00,127.00,136.00,144.00,-27.40
liver_113,6,19030,小(5k-50k),77.57,25.17,37.00,47.00,58.00,62.00,66.00,78.00,91.00,94.00,98.00,108.00,116.00,94.08,28.94,48.00,59.00,72.00,77.00,80.00,94.00,108.00,112.00,117.00,129.00,139.00,-16.51
liver_113,7,1855,极小(<5k),47.47,22.60,10.00,20.00,29.00,32.00,35.20,47.00,58.00,62.00,66.00,77.00,87.00,90.72,28.33,39.00,52.00,67.00,73.00,78.00,94.00,108.00,111.00,114.00,124.00,132.00,-43.25
liver_113,8,16217,小(5k-50k),83.97,24.14,46.00,54.00,64.00,68.00,72.00,84.00,96.00,99.00,103.00,113.00,123.00,101.57,27.83,55.00,67.00,80.00,85.00,89.00,103.00,116.00,120.00,124.00,135.00,144.00,-17.60
liver_113,9,665,极小(<5k),61.10,20.60,28.00,35.00,44.00,47.00,51.00,60.00,72.00,75.00,79.00,89.00,95.00,95.90,23.89,54.00,64.00,76.00,81.00,84.00,98.00,109.00,112.00,115.00,125.00,133.00,-34.80
liver_113,10,7967,小(5k-50k),72.19,24.40,32.00,41.00,52.00,56.00,59.00,72.00,85.00,89.00,93.00,104.00,113.00,102.39,32.11,44.00,63.00,80.00,86.00,90.00,106.00,120.00,124.00,128.00,139.00,147.00,-30.19
liver_113,11,16,极小(<5k),51.38,27.18,8.25,11.50,29.00,32.75,36.00,59.50,69.50,73.00,76.00,82.50,89.50,91.61,28.53,38.00,52.70,69.00,76.00,82.00,96.00,107.00,112.00,116.00,125.00,132.00,-40.24
liver_113,12,2,极小(<5k),56.50,3.50,53.35,53.70,54.40,54.75,55.10,56.50,57.90,58.25,58.60,59.30,59.65,94.37,25.82,52.40,59.00,71.00,76.00,79.00,98.00,108.00,113.75,116.60,129.00,136.00,-37.87
liver_113,13,1,极小(<5k),17.00,0.00,17.00,17.00,17.00,17.00,17.00,17.00,17.00,17.00,17.00,17.00,17.00,94.27,28.20,43.70,59.40,70.80,76.00,77.00,93.00,111.80,117.50,120.20,131.60,136.30,-77.27
liver_113,14,1,极小(<5k),50.00,0.00,50.00,50.00,50.00,50.00,50.00,50.00,50.00,50.00,50.00,50.00,50.00,89.96,25.39,48.50,57.00,66.00,74.00,76.50,91.00,104.00,110.25,115.00,122.00,130.00,-39.96
liver_113,15,11,极小(<5k),65.09,23.38,31.00,41.00,52.00,52.50,53.00,56.00,82.00,86.50,91.00,93.00,96.00,97.39,27.94,45.45,64.30,79.60,83.75,87.00,101.00,114.00,116.00,120.00,127.00,138.00,-32.30
liver_113,16,1,极小(<5k),44.00,0.00,44.00,44.00,44.00,44.00,44.00,44.00,44.00,44.00,44.00,44.00,44.00,82.70,28.46,38.45,47.00,56.60,60.00,66.00,83.00,99.30,102.00,110.00,123.20,129.55,-38.70
liver_113,17,1,极小(<5k),68.00,0.00,68.00,68.00,68.00,68.00,68.00,68.00,68.00,68.00,68.00,68.00,68.00,93.58,21.88,52.45,66.90,76.60,80.75,85.00,94.50,106.00,109.25,112.40,118.00,124.70,-25.58
liver_113,18,14,极小(<5k),75.36,22.05,41.30,50.50,55.80,59.75,66.90,77.50,85.40,88.00,93.80,103.80,105.70,106.71,24.44,65.00,74.60,86.00,90.00,93.90,106.50,121.10,124.00,129.00,138.00,144.00,-31.35
liver_113,19,2,极小(<5k),22.00,21.00,3.10,5.20,9.40,11.50,13.60,22.00,30.40,32.50,34.60,38.80,40.90,81.93,29.97,34.90,46.90,52.80,58.75,61.00,83.00,100.30,104.25,108.00,121.50,130.00,-59.93
liver_113,20,1,极小(<5k),17.00,0.00,17.00,17.00,17.00,17.00,17.00,17.00,17.00,17.00,17.00,17.00,17.00,90.82,21.76,54.75,62.50,75.00,76.75,80.00,90.50,105.50,108.25,111.00,117.00,121.25,-73.82
liver_113,21,1,极小(<5k),57.00,0.00,57.00,57.00,57.00,57.00,57.00,57.00,57.00,57.00,57.00,57.00,57.00,103.44,22.18,71.80,76.00,83.00,86.00,90.00,100.00,118.00,120.00,126.00,132.60,139.60,-46.44
liver_113,22,1,极小(<5k),78.00,0.00,78.00,78.00,78.00,78.00,78.00,78.00,78.00,78.00,78.00,78.00,78.00,113.59,24.01,78.65,83.00,90.00,95.75,99.00,113.00,126.20,129.00,136.80,143.70,154.40,-35.59
liver_113,23,1,极小(<5k),26.00,0.00,26.00,26.00,26.00,26.00,26.00,26.00,26.00,26.00,26.00,26.00,26.00,79.43,27.83,34.40,46.40,54.00,60.00,62.80,80.00,92.80,102.00,105.00,114.80,126.60,-53.43
liver_113,24,1,极小(<5k),38.00,0.00,38.00,38.00,38.00,38.00,38.00,38.00,38.00,38.00,38.00,38.00,38.00,86.28,24.03,47.15,51.90,67.60,70.75,75.00,88.00,99.00,102.00,105.00,115.70,126.80,-48.28
liver_113,25,1,极小(<5k),28.00,0.00,28.00,28.00,28.00,28.00,28.00,28.00,28.00,28.00,28.00,28.00,28.00,95.04,21.14,62.10,68.40,78.00,80.50,83.60,94.00,108.40,113.00,117.00,120.80,125.00,-67.04
liver_113,26,1,极小(<5k),126.00,0.00,126.00,126.00,126.00,126.00,126.00,126.00,126.00,126.00,126.00,126.00,126.00,100.90,21.25,69.90,74.00,82.00,84.25,86.00,98.50,113.20,118.00,120.20,131.10,138.00,25.10
liver_113,27,1,极小(<5k),87.00,0.00,87.00,87.00,87.00,87.00,87.00,87.00,87.00,87.00,87.00,87.00,87.00,109.69,24.84,73.00,78.90,84.80,90.00,95.00,107.50,125.00,127.25,130.40,140.10,157.00,-22.69
liver_113,28,18,极小(<5k),74.39,22.96,47.75,51.40,57.20,59.00,59.40,73.50,78.70,83.50,88.00,102.30,108.10,106.74,24.24,63.00,73.80,89.00,93.00,97.00,109.00,120.00,123.00,126.00,135.00,143.10,-32.35
liver_113,29,1,极小(<5k),85.00,0.00,85.00,85.00,85.00,85.00,85.00,85.00,85.00,85.00,85.00,85.00,85.00,93.07,22.35,50.50,66.00,76.00,80.00,82.00,93.00,108.00,108.50,115.00,120.00,129.50,-8.07
liver_113,30,1,极小(<5k),101.00,0.00,101.00,101.00,101.00,101.00,101.00,101.00,101.00,101.00,101.00,101.00,101.00,107.93,22.92,71.60,76.60,86.00,90.50,94.60,107.00,122.20,127.00,131.00,138.00,142.70,-6.93
liver_113,31,1,极小(<5k),95.00,0.00,95.00,95.00,95.00,95.00,95.00,95.00,95.00,95.00,95.00,95.00,95.00,102.36,21.83,69.40,74.80,81.00,84.00,89.20,102.00,113.60,119.00,122.20,132.00,138.00,-7.36
liver_113,32,1,极小(<5k),67.00,0.00,67.00,67.00,67.00,67.00,67.00,67.00,67.00,67.00,67.00,67.00,67.00,88.84,22.68,50.60,62.20,69.40,74.00,76.60,90.00,99.40,108.00,109.00,119.80,121.80,-21.84
liver_113,33,2,极小(<5k),45.00,9.00,36.90,37.80,39.60,40.50,41.40,45.00,48.60,49.50,50.40,52.20,53.10,97.62,28.15,45.50,57.00,75.00,80.50,87.00,103.00,113.00,115.00,122.00,130.00,138.00,-52.62
liver_113,34,1,极小(<5k),88.00,0.00,88.00,88.00,88.00,88.00,88.00,88.00,88.00,88.00,88.00,88.00,88.00,107.75,24.09,63.25,79.10,87.00,91.00,98.00,111.00,122.70,126.00,128.80,136.80,142.00,-19.75
liver_113,35,4,极小(<5k),77.00,22.21,49.85,52.70,58.40,61.25,64.10,78.00,91.50,93.75,96.00,100.50,102.75,100.83,28.54,47.00,63.40,77.80,85.00,89.40,102.00,115.00,120.00,124.00,134.60,143.80,-23.83
liver_113,36,1,极小(<5k),32.00,0.00,32.00,32.00,32.00,32.00,32.00,32.00,32.00,32.00,32.00,32.00,32.00,112.36,19.81,77.90,84.00,98.60,103.00,106.00,114.00,124.00,125.50,128.00,136.00,139.10,-80.36
liver_113,37,1,极小(<5k),81.00,0.00,81.00,81.00,81.00,81.00,81.00,81.00,81.00,81.00,81.00,81.00,81.00,111.46,22.42,76.55,81.00,91.40,95.50,103.20,116.00,124.90,127.75,130.00,138.30,143.15,-30.46
liver_113,38,1,极小(<5k),25.00,0.00,25.00,25.00,25.00,25.00,25.00,25.00,25.00,25.00,25.00,25.00,25.00,91.89,21.03,54.80,58.60,74.40,77.00,82.00,95.00,104.00,106.00,110.40,114.40,118.40,-66.89
liver_113,39,2,极小(<5k),63.50,4.50,59.45,59.90,60.80,61.25,61.70,63.50,65.30,65.75,66.20,67.10,67.55,93.32,26.07,46.20,55.00,74.60,79.50,87.60,98.00,107.00,111.50,114.00,121.40,128.40,-29.82
liver_113,40,2,极小(<5k),35.50,6.50,29.65,30.30,31.60,32.25,32.90,35.50,38.10,38.75,39.40,40.70,41.35,97.26,27.50,39.00,67.00,77.00,81.00,85.00,99.00,112.00,117.00,121.00,132.00,137.00,-61.76
liver_113,41,1,极小(<5k),65.00,0.00,65.00,65.00,65.00,65.00,65.00,65.00,65.00,65.00,65.00,65.00,65.00,111.58,20.15,87.00,89.20,94.00,96.00,99.00,107.00,120.00,125.00,127.60,139.80,146.60,-46.58
liver_113,42,2,极小(<5k),65.00,5.00,60.50,61.00,62.00,62.50,63.00,65.00,67.00,67.50,68.00,69.00,69.50,104.43,25.57,60.15,68.30,84.00,88.75,92.90,108.00,120.10,122.25,126.40,134.00,138.85,-39.43
liver_113,43,1,极小(<5k),44.00,0.00,44.00,44.00,44.00,44.00,44.00,44.00,44.00,44.00,44.00,44.00,44.00,91.54,24.70,54.00,58.00,72.40,77.25,80.30,93.00,104.00,107.00,111.00,117.00,130.00,-47.54
liver_113,44,6,极小(<5k),54.17,15.25,37.50,38.00,39.00,41.00,43.00,50.50,62.00,66.00,70.00,74.00,76.00,95.53,27.47,52.10,57.10,72.40,79.00,83.30,98.00,111.70,115.00,117.00,129.90,140.00,-41.36
liver_113,45,1,极小(<5k),57.00,0.00,57.00,57.00,57.00,57.00,57.00,57.00,57.00,57.00,57.00,57.00,57.00,93.25,31.30,49.00,56.00,68.00,71.00,77.50,93.00,109.50,117.00,121.00,140.00,142.75,-36.25
liver_113,46,8,极小(<5k),37.25,19.68,5.70,13.40,26.00,31.25,35.50,40.00,41.80,45.75,51.00,59.70,62.85,90.98,25.65,39.75,53.00,71.00,77.00,80.00,93.00,105.00,109.25,114.00,123.50,129.00,-53.73
liver_113,47,1,极小(<5k),68.00,0.00,68.00,68.00,68.00,68.00,68.00,68.00,68.00,68.00,68.00,68.00,68.00,97.05,23.45,63.55,69.10,80.00,82.00,86.00,95.00,109.80,116.00,118.80,125.00,132.45,-29.05
liver_113,48,28,极小(<5k),46.36,23.33,16.40,23.20,30.40,34.00,35.10,41.00,56.30,59.00,63.80,80.30,88.80,100.63,27.87,48.00,63.00,81.00,85.75,87.70,102.50,116.00,121.00,125.00,135.00,140.00,-54.27
liver_113,49,1,极小(<5k),74.00,0.00,74.00,74.00,74.00,74.00,74.00,74.00,74.00,74.00,74.00,74.00,74.00,97.08,29.53,40.60,57.00,68.20,76.00,83.00,100.00,118.20,120.00,123.00,132.40,137.20,-23.08
liver_113,50,2,极小(<5k),25.00,3.00,22.30,22.60,23.20,23.50,23.80,25.00,26.20,26.50,26.80,27.40,27.70,92.15,32.60,35.00,50.40,63.40,69.00,74.60,93.00,115.40,118.00,125.20,134.00,140.40,-67.15
liver_113,51,1,极小(<5k),51.00,0.00,51.00,51.00,51.00,51.00,51.00,51.00,51.00,51.00,51.00,51.00,51.00,88.89,28.29,41.25,54.00,65.00,69.50,74.10,91.50,106.00,110.50,114.00,118.90,130.60,-37.89
liver_113,52,1,极小(<5k),33.00,0.00,33.00,33.00,33.00,33.00,33.00,33.00,33.00,33.00,33.00,33.00,33.00,95.59,29.19,42.90,56.60,71.60,77.00,80.00,99.00,112.60,114.50,122.20,134.20,140.00,-62.59
liver_113,53,9,极小(<5k),61.11,32.33,10.00,22.00,44.80,56.00,56.40,57.00,73.60,80.00,88.00,102.00,106.00,99.00,30.06,51.00,61.00,71.00,77.00,81.00,101.00,118.00,124.00,126.00,139.00,144.00,-37.88
liver_113,54,7,极小(<5k),49.71,15.11,31.20,32.40,34.40,35.00,35.60,54.00,59.40,61.50,63.60,67.40,69.20,99.98,24.93,49.75,66.50,83.00,87.00,91.00,102.00,112.50,116.00,119.00,128.00,135.75,-50.26
liver_113,55,1,极小(<5k),43.00,0.00,43.00,43.00,43.00,43.00,43.00,43.00,43.00,43.00,43.00,43.00,43.00,83.31,32.33,33.00,37.60,52.80,58.00,63.60,86.00,102.00,107.50,112.00,122.20,136.80,-40.31
liver_113,56,5,极小(<5k),42.60,20.24,21.40,23.80,28.60,31.00,32.40,38.00,44.40,46.00,52.60,65.80,72.40,88.35,27.98,37.00,52.00,65.00,71.50,75.00,89.00,105.00,107.50,113.60,121.00,133.60,-45.75
liver_113,57,6,极小(<5k),34.50,11.41,24.25,24.50,25.00,25.00,25.00,29.50,39.50,42.25,45.00,49.50,51.75,94.12,32.63,36.00,48.00,66.00,72.50,79.00,96.00,112.00,115.00,122.00,135.00,148.00,-59.62
liver_113,58,1,极小(<5k),4.00,0.00,4.00,4.00,4.00,4.00,4.00,4.00,4.00,4.00,4.00,4.00,4.00,73.25,31.32,30.80,34.60,45.20,51.00,52.80,68.00,92.20,98.00,102.00,116.00,124.00,-69.25
liver_113,59,1,极小(<5k),7.00,0.00,7.00,7.00,7.00,7.00,7.00,7.00,7.00,7.00,7.00,7.00,7.00,72.11,27.51,30.20,34.40,46.80,50.00,54.60,72.00,89.00,96.00,99.00,108.80,111.00,-65.11
liver_113,60,1,极小(<5k),36.00,0.00,36.00,36.00,36.00,36.00,36.00,36.00,36.00,36.00,36.00,36.00,36.00,96.82,26.51,47.00,58.60,82.00,85.00,92.80,102.00,111.00,112.00,115.40,124.40,132.60,-60.82
liver_113,61,9,极小(<5k),49.44,16.68,23.80,32.60,38.20,39.00,42.20,52.00,57.00,59.00,63.80,71.00,71.00,81.29,29.22,33.10,45.20,59.40,64.00,68.00,79.00,95.00,101.00,106.00,122.60,130.90,-31.85
liver_113,62,1,极小(<5k),39.00,0.00,39.00,39.00,39.00,39.00,39.00,39.00,39.00,39.00,39.00,39.00,39.00,93.55,27.85,47.50,49.00,69.00,81.00,84.00,100.00,110.00,112.00,113.00,124.00,130.50,-54.55
liver_113,63,45,极小(<5k),38.78,25.01,11.20,13.80,18.80,20.00,22.40,31.00,49.60,52.00,63.00,73.40,87.80,88.22,29.04,36.00,49.00,66.00,71.00,74.00,90.00,105.00,109.00,113.00,124.00,130.40,-49.44
liver_113,64,4,极小(<5k),32.25,17.88,11.40,13.80,18.60,21.00,23.40,31.00,39.10,42.25,45.40,51.70,54.85,85.68,31.25,29.55,43.10,60.00,64.75,69.30,85.00,105.00,111.00,114.00,127.90,131.90,-53.43
liver_113,65,1,极小(<5k),16.00,0.00,16.00,16.00,16.00,16.00,16.00,16.00,16.00,16.00,16.00,16.00,16.00,77.04,30.42,27.00,36.90,50.60,54.75,60.00,75.00,98.10,102.50,105.40,113.70,125.95,-61.04
liver_116,1,611132,大(>=300k),57.87,33.14,6.00,17.00,31.00,36.00,40.00,57.00,74.00,78.00,84.00,100.00,114.00,63.75,35.15,9.00,22.00,36.00,41.00,46.00,63.00,80.00,85.00,91.00,108.00,123.00,-5.88
liver_117,1,93918,中等(50k-300k),67.58,26.14,26.00,35.00,46.00,50.00,53.00,67.00,81.00,85.00,89.00,102.00,112.00,95.31,31.60,39.00,52.00,69.00,75.00,80.00,98.00,113.00,118.00,122.00,134.00,143.00,-27.73
liver_117,2,1837,极小(<5k),58.48,21.36,22.00,32.00,42.00,45.00,48.00,59.00,70.00,73.00,76.00,84.40,93.00,98.63,21.01,65.00,73.00,81.00,85.00,87.00,99.00,110.00,113.00,116.00,125.00,132.00,-40.15
liver_117,3,1,极小(<5k),58.00,0.00,58.00,58.00,58.00,58.00,58.00,58.00,58.00,58.00,58.00,58.00,58.00,96.78,16.17,68.80,76.80,83.80,86.50,88.20,98.00,105.00,107.50,110.40,115.60,117.60,-38.78
liver_117,4,1,极小(<5k),99.00,0.00,99.00,99.00,99.00,99.00,99.00,99.00,99.00,99.00,99.00,99.00,99.00,92.57,18.76,58.15,65.80,77.80,82.25,85.00,95.50,101.00,102.00,104.20,115.10,123.55,6.43
liver_117,5,1764,极小(<5k),68.73,29.11,25.00,32.00,43.00,48.00,52.00,66.00,83.00,88.00,93.00,110.00,122.00,116.24,25.24,75.00,86.00,98.00,103.00,107.00,118.00,129.00,133.00,136.00,145.00,152.00,-47.51
liver_117,6,5011,小(5k-50k),55.19,25.43,14.50,23.00,33.00,37.00,41.00,55.00,69.00,73.00,77.00,88.00,97.00,117.32,24.11,80.00,90.00,99.00,103.00,107.00,118.00,130.00,133.00,137.00,146.00,154.00,-62.12
liver_117,7,544,极小(<5k),74.38,24.63,31.30,42.00,55.00,60.00,63.00,75.50,88.00,91.00,95.00,105.00,113.00,122.55,21.52,90.00,97.00,106.00,109.00,113.00,122.00,133.00,136.00,140.00,150.00,157.00,-48.17
liver_117,8,174,极小(<5k),49.75,20.68,17.30,24.30,33.00,36.25,39.00,48.00,58.00,61.75,67.00,79.70,87.35,105.55,32.58,48.95,61.00,80.00,86.00,91.00,107.00,123.00,128.00,133.00,146.00,156.00,-55.80
liver_117,9,3,极小(<5k),116.00,10.61,103.20,105.40,109.80,112.00,114.20,123.00,123.40,123.50,123.60,123.80,123.90,123.26,18.82,90.00,99.00,104.00,109.00,112.00,123.00,136.00,139.00,141.00,148.00,153.00,-7.26
liver_117,10,295736,中等(50k-300k),74.02,27.76,31.00,40.00,51.00,55.00,59.00,73.00,88.00,92.00,97.00,111.00,122.00,117.84,28.44,72.00,84.00,96.00,101.00,105.00,119.00,132.00,136.00,140.00,152.00,161.00,-43.82
liver_117,11,548,极小(<5k),58.75,18.51,33.00,37.00,42.40,45.00,47.00,57.00,68.00,71.00,74.60,85.30,90.65,109.09,20.60,77.00,83.00,92.00,95.00,97.00,108.00,119.00,123.00,127.00,137.00,145.00,-50.34
liver_117,12,1341,极小(<5k),74.63,21.06,40.00,47.00,58.00,61.00,64.00,75.00,86.00,88.00,91.00,101.00,109.00,122.17,24.02,82.00,91.00,102.00,106.00,110.00,123.00,135.00,138.00,142.00,152.00,161.00,-47.53
liver_117,13,479,极小(<5k),62.99,26.48,16.00,29.80,42.00,46.00,52.00,65.00,79.60,83.00,87.00,93.20,99.10,98.01,26.98,46.00,62.00,78.00,83.00,87.00,101.00,113.00,116.00,120.00,130.00,138.00,-35.02
liver_117,14,558,极小(<5k),96.50,23.35,55.00,66.00,77.00,80.25,84.00,97.00,110.00,113.00,117.00,126.00,132.15,125.44,23.84,85.00,98.00,109.00,113.00,116.00,128.00,138.00,141.00,144.00,153.00,158.00,-28.94
liver_117,15,17303,小(5k-50k),79.39,28.26,35.00,44.00,56.00,60.00,64.00,78.00,93.00,97.00,102.00,116.00,128.00,122.62,27.42,79.00,89.00,101.00,105.00,109.00,122.00,135.00,139.00,144.00,157.00,169.00,-43.23
liver_117,16,913,极小(<5k),81.09,27.58,36.00,47.00,58.00,62.00,66.00,80.00,95.00,100.00,105.00,118.80,128.40,129.59,20.50,95.00,103.00,112.00,116.00,119.00,130.00,141.00,144.00,147.00,156.00,163.00,-48.50
liver_117,17,286,极小(<5k),78.23,22.46,43.25,48.50,57.00,62.00,64.50,79.00,91.50,94.00,97.00,106.00,116.75,113.52,20.99,78.00,88.00,97.00,100.00,103.00,114.00,124.00,127.00,130.00,139.00,147.00,-35.28
liver_117,18,940,极小(<5k),71.99,23.78,35.00,43.00,52.00,56.00,58.00,71.00,84.00,88.00,93.00,104.00,113.00,123.06,29.55,72.00,83.00,98.00,104.00,109.00,125.00,140.00,144.00,148.00,159.00,167.10,-51.07
liver_117,19,68889,中等(50k-300k),68.42,21.94,33.00,41.00,50.00,54.00,57.00,68.00,80.00,83.00,86.00,96.00,105.00,102.25,29.06,55.00,68.00,81.00,86.00,90.00,104.00,117.00,121.00,126.00,137.00,146.00,-33.84
liver_117,20,380862,大(>=300k),66.46,26.76,24.00,33.00,44.00,48.00,52.00,66.00,80.00,84.00,88.00,101.00,112.00,105.65,26.79,62.00,73.00,85.00,89.00,93.00,106.00,119.00,122.00,126.00,138.00,147.00,-39.20
liver_117,21,2652,极小(<5k),78.34,23.67,39.00,48.00,59.00,63.00,66.00,79.00,91.00,94.00,98.00,108.00,115.00,125.79,31.90,76.00,94.00,108.00,113.00,117.00,129.00,140.00,144.00,148.00,158.00,168.00,-47.45
liver_117,22,1479,极小(<5k),55.27,26.70,10.00,22.00,32.00,37.00,42.00,56.00,69.00,74.00,78.00,90.20,99.00,107.16,26.05,59.00,73.00,88.00,92.00,97.00,110.00,122.00,125.00,129.00,138.00,145.00,-51.89
liver_117,23,438,极小(<5k),77.89,16.32,50.85,56.70,63.00,66.00,69.00,78.00,87.00,89.00,93.00,99.00,105.00,122.41,20.31,90.00,97.00,105.00,109.00,112.00,122.00,133.00,137.00,140.00,149.00,157.00,-44.52
liver_117,24,149,极小(<5k),73.34,17.77,46.80,51.00,57.00,59.00,60.00,73.00,85.60,87.00,90.00,96.00,101.60,121.39,20.79,85.00,93.00,104.00,108.00,111.00,121.00,133.00,136.00,140.00,148.00,155.00,-48.05
liver_117,25,818,极小(<5k),73.92,18.38,45.00,49.00,58.00,62.00,65.00,73.00,83.00,86.00,89.00,98.00,105.00,124.67,27.73,86.00,94.00,103.00,106.00,110.00,121.00,134.00,138.00,143.00,160.00,178.00,-50.75
liver_117,26,1783,极小(<5k),75.98,18.40,45.00,51.00,60.00,63.00,66.00,77.00,86.00,89.00,93.00,100.00,105.00,125.52,20.64,92.00,100.00,108.00,112.00,115.00,125.00,136.00,139.00,142.00,151.00,160.00,-49.54
liver_117,27,346,极小(<5k),76.00,26.41,30.25,40.50,55.00,59.00,63.00,78.50,91.00,94.00,99.00,109.00,116.00,105.03,32.96,35.00,60.00,84.00,91.00,96.00,111.00,124.00,127.00,131.00,140.00,147.00,-29.03
liver_117,28,9519,小(5k-50k),72.99,22.74,35.00,43.00,54.00,58.00,61.00,73.00,85.00,89.00,93.00,102.00,110.00,118.80,26.76,74.00,87.00,99.00,104.00,107.00,120.00,133.00,137.00,141.00,151.00,160.00,-45.81
liver_117,29,7188,小(5k-50k),63.62,21.25,27.00,36.00,46.00,50.00,53.00,64.00,76.00,79.00,82.00,90.00,97.00,126.32,26.30,89.95,97.00,105.00,109.00,112.00,124.00,137.00,140.00,145.00,157.00,172.00,-62.70
liver_117,30,6039,小(5k-50k),50.54,22.12,13.00,21.00,32.00,35.00,39.00,51.00,63.00,67.00,70.00,78.00,86.00,112.16,22.49,76.00,84.00,94.00,98.00,101.00,113.00,124.00,127.00,131.00,140.00,147.00,-61.62
liver_117,31,120,极小(<5k),91.76,19.13,60.95,67.00,73.80,78.75,81.00,94.00,101.00,106.00,109.00,115.00,121.05,113.70,20.80,78.00,86.70,96.00,100.00,103.00,115.00,125.00,128.00,131.00,140.00,147.00,-21.94
liver_117,32,1327,极小(<5k),65.08,19.16,32.00,39.00,49.00,53.00,56.00,67.00,76.00,79.00,82.00,88.00,94.00,121.34,21.14,86.00,93.00,103.00,107.00,110.00,122.00,132.00,136.00,139.00,149.00,156.00,-56.26
liver_117,33,313,极小(<5k),63.76,17.33,37.00,42.00,47.40,51.00,54.00,63.00,72.00,76.00,77.60,84.00,91.40,102.42,19.27,71.00,78.00,86.00,89.00,92.00,102.00,113.00,116.00,119.00,127.00,134.00,-38.66
liver_117,34,19553,小(5k-50k),64.07,20.90,29.00,37.00,47.00,50.00,53.00,65.00,75.00,78.00,82.00,90.00,97.00,107.27,24.97,66.00,76.00,87.00,91.00,95.00,107.00,120.00,124.00,128.00,139.00,148.00,-43.20
liver_117,35,1570,极小(<5k),71.90,20.36,34.00,45.00,56.00,59.00,63.00,73.50,83.00,85.00,88.00,96.00,103.00,111.74,22.38,76.00,84.00,94.00,97.00,100.00,112.00,123.00,126.00,130.00,140.00,148.15,-39.85
liver_117,36,499,极小(<5k),77.63,18.59,47.00,53.00,63.00,67.00,69.00,77.00,87.00,89.00,91.00,102.00,111.00,115.01,20.58,81.00,89.00,98.00,101.00,104.00,115.00,126.00,129.00,132.00,141.00,148.00,-37.38
liver_117,37,526,极小(<5k),74.14,19.16,40.00,48.00,57.00,61.00,65.00,76.00,86.00,88.00,90.00,98.00,105.00,113.58,19.81,80.00,90.00,98.00,101.00,104.00,114.00,124.00,126.00,130.00,139.00,146.00,-39.44
liver_117,38,818,极小(<5k),76.68,17.26,48.00,54.00,62.00,65.00,67.10,78.00,87.00,89.00,92.00,98.00,103.00,115.08,19.06,85.00,91.00,100.00,103.00,105.00,115.00,125.00,127.00,131.00,139.00,146.00,-38.40
liver_117,39,998,极小(<5k),60.62,19.89,29.00,37.00,45.00,48.00,50.00,60.00,72.00,75.00,78.00,86.00,91.00,110.45,20.44,78.00,85.00,93.00,96.00,99.00,110.00,120.00,123.00,127.00,136.00,145.00,-49.84
liver_117,40,179,极小(<5k),65.59,19.00,34.80,39.80,49.00,51.00,53.00,66.00,76.60,79.50,82.00,88.00,97.20,108.25,21.38,71.25,81.00,91.00,95.00,98.00,108.00,119.00,123.00,126.00,135.00,142.00,-42.66
liver_117,41,185,极小(<5k),68.18,16.80,41.20,46.00,55.00,58.00,61.00,66.00,74.00,77.00,82.00,88.00,98.00,105.63,27.33,59.00,69.00,80.00,85.00,90.00,108.00,123.00,126.00,130.00,139.00,145.00,-37.45
liver_117,42,1084,极小(<5k),76.88,20.19,41.00,50.00,61.00,64.00,67.90,79.00,88.00,90.00,93.00,101.00,107.00,123.77,20.33,93.00,99.00,106.00,109.00,112.00,123.00,134.00,137.00,140.00,150.00,159.00,-46.89
liver_117,43,2363,极小(<5k),75.94,26.04,30.00,41.20,54.00,59.00,63.00,77.00,90.00,94.00,98.60,109.00,116.00,107.51,20.64,73.00,81.00,90.00,94.00,97.00,108.00,118.00,121.00,125.00,134.00,141.00,-31.57
liver_117,44,802,极小(<5k),80.95,18.59,48.00,57.00,66.00,70.00,72.30,81.00,91.00,93.00,96.00,103.00,110.00,125.28,21.96,91.00,98.00,107.00,111.00,114.00,124.00,136.00,139.00,142.00,153.00,164.00,-44.34
liver_117,45,3373,极小(<5k),76.11,20.81,41.00,49.00,59.00,63.00,67.00,77.00,87.00,90.00,93.60,102.00,108.00,119.75,23.44,84.00,92.00,101.00,104.00,108.00,118.00,130.00,134.00,138.00,150.00,159.00,-43.64
liver_117,46,385,极小(<5k),77.52,21.22,43.00,52.40,60.00,63.00,66.00,77.00,87.80,92.00,95.00,104.00,114.00,115.87,22.31,78.00,86.00,97.00,101.00,105.00,117.00,128.00,132.00,135.00,145.00,151.00,-38.35
liver_117,47,482,极小(<5k),82.02,19.26,46.10,59.00,68.20,71.00,73.00,82.00,92.00,95.00,98.00,107.00,112.00,128.71,23.38,94.00,101.40,110.00,113.00,116.00,127.00,139.00,142.00,146.00,158.00,170.00,-46.68
liver_117,48,815,极小(<5k),73.41,19.27,37.00,47.00,58.00,62.00,65.00,74.00,85.00,88.00,90.00,97.00,103.00,118.85,20.73,87.00,93.00,101.00,104.00,107.00,118.00,129.00,132.00,136.00,146.00,154.00,-45.45
liver_117,49,1115,极小(<5k),71.02,18.36,41.00,47.00,55.00,58.00,61.00,71.00,81.00,84.00,87.00,95.00,101.30,112.47,21.14,78.00,86.00,95.00,98.50,101.00,112.00,123.00,126.00,129.00,139.00,148.00,-41.45
liver_117,50,281,极小(<5k),69.29,19.41,41.00,46.00,53.00,56.00,58.00,67.00,77.00,80.00,85.00,97.00,105.00,119.34,22.61,81.55,90.00,101.00,104.00,108.00,121.00,131.00,135.00,138.00,148.00,155.00,-50.05
liver_117,51,42869,小(5k-50k),68.66,21.69,33.00,41.00,50.00,54.00,57.00,69.00,80.00,83.00,87.00,96.00,104.00,108.45,23.40,70.00,79.00,90.00,94.00,97.00,109.00,121.00,124.00,128.00,138.00,146.00,-39.79
liver_117,52,411,极小(<5k),81.61,25.96,38.50,50.00,59.00,62.00,67.00,81.00,95.00,98.00,103.00,117.00,126.00,108.99,24.05,67.00,79.00,91.20,96.00,99.00,110.00,121.00,125.00,129.00,139.00,146.00,-27.38
liver_117,53,553,极小(<5k),66.23,20.28,30.00,38.00,48.40,53.00,57.00,68.00,79.00,81.00,83.00,90.00,98.00,113.21,18.33,84.00,90.00,98.00,100.00,103.00,113.00,123.00,126.00,129.00,137.00,144.00,-46.98
liver_117,54,490,极小(<5k),81.30,19.51,51.45,57.90,66.00,68.00,70.00,79.00,92.00,94.00,99.00,108.10,117.00,120.61,25.05,78.00,88.00,100.00,104.00,109.00,122.00,134.00,138.00,141.00,152.00,160.00,-39.31
liver_117,55,25602,小(5k-50k),65.32,22.72,28.00,36.00,46.00,50.00,54.00,66.00,77.00,81.00,84.00,94.00,102.00,103.68,24.48,62.00,73.00,85.00,89.00,92.00,105.00,117.00,120.00,123.00,133.00,142.00,-38.36
liver_117,56,175,极小(<5k),70.59,15.95,47.70,51.80,57.00,59.00,62.00,68.00,77.80,80.00,83.00,91.00,101.00,116.36,24.20,74.00,83.00,96.00,100.00,104.00,118.00,130.00,134.00,137.00,148.00,153.00,-45.77
liver_117,57,4353,极小(<5k),67.98,24.08,29.00,38.00,48.00,52.00,55.00,67.00,80.00,84.00,88.00,100.00,109.00,105.05,21.85,69.00,77.00,87.00,91.00,94.00,105.00,116.00,119.00,123.00,132.00,141.00,-37.07
liver_117,58,1083,极小(<5k),67.24,18.01,37.00,43.00,53.00,55.00,58.00,67.00,78.00,80.00,82.00,91.00,96.00,125.17,23.20,87.00,94.00,106.00,110.00,114.00,125.50,137.00,140.00,144.00,154.00,163.00,-57.93
liver_117,59,30,极小(<5k),90.90,15.41,62.90,64.90,81.40,85.00,85.70,92.00,99.00,100.50,104.20,109.40,115.20,102.27,25.80,58.00,71.00,84.00,89.00,92.00,105.00,116.00,118.00,123.00,133.00,140.00,-11.37
liver_117,60,211,极小(<5k),68.73,19.91,34.00,43.00,54.00,57.50,60.00,69.00,78.00,80.00,85.00,92.00,98.00,112.90,24.80,74.80,83.00,94.00,98.00,102.00,112.00,125.00,128.00,132.00,143.40,154.00,-44.16
liver_117,61,2271,极小(<5k),63.70,19.76,31.00,37.00,47.00,51.00,54.00,65.00,75.00,77.00,80.00,88.00,94.00,111.06,21.69,76.00,84.00,93.00,97.00,100.00,111.00,122.00,125.00,129.00,139.00,147.00,-47.36
liver_117,62,251,极小(<5k),72.68,17.74,39.50,47.00,59.00,62.50,65.00,73.00,85.00,86.00,89.00,93.00,97.00,113.89,22.07,76.00,85.00,95.20,99.00,102.80,115.00,126.00,129.00,132.00,141.00,149.00,-41.21
liver_117,63,411,极小(<5k),84.33,20.51,49.00,59.00,68.00,71.00,74.00,84.00,95.00,98.00,101.00,111.00,117.50,113.80,24.68,74.00,81.00,92.00,97.00,101.00,115.00,127.00,130.00,134.00,145.00,154.00,-29.47
liver_117,64,159,极小(<5k),78.97,23.02,45.00,48.40,56.60,60.00,65.40,80.00,91.00,93.00,96.00,108.00,120.10,117.67,25.09,75.00,85.00,96.00,100.00,104.00,118.00,132.00,136.00,139.00,150.00,159.00,-38.70
liver_117,65,242,极小(<5k),75.46,20.04,40.05,51.00,59.00,63.25,65.00,75.00,87.00,89.00,91.00,100.90,107.95,115.31,22.88,77.00,86.00,96.00,100.00,104.00,117.00,128.00,131.00,134.00,144.00,152.00,-39.85
liver_117,66,1914,极小(<5k),60.84,21.53,26.65,34.00,42.00,46.00,49.00,61.00,72.00,76.00,80.00,88.00,96.00,116.75,21.99,83.00,89.40,98.00,102.00,105.00,116.00,128.00,131.00,135.00,145.00,154.00,-55.91
liver_117,67,1594,极小(<5k),73.25,20.75,38.00,46.00,57.00,60.00,63.00,74.00,84.00,87.00,90.00,98.00,106.00,122.24,21.11,88.00,95.00,104.00,108.00,111.00,122.00,133.00,136.00,140.00,149.00,158.00,-48.99
liver_117,68,1265,极小(<5k),64.43,22.13,28.00,35.00,45.00,49.00,53.00,66.00,78.00,81.00,84.00,92.00,98.00,119.90,21.09,86.00,93.00,102.00,105.00,109.00,120.00,131.00,134.00,138.00,147.00,154.00,-55.47
liver_117,69,2381,极小(<5k),68.30,20.36,34.00,43.00,53.00,56.00,59.00,69.00,79.00,82.00,84.00,93.00,101.00,113.58,21.79,78.00,85.00,94.00,98.25,102.00,114.00,125.00,128.00,132.00,141.00,150.00,-45.28
liver_117,70,239,极小(<5k),68.29,23.75,34.00,37.80,46.60,49.00,52.40,67.00,81.00,86.50,92.40,101.00,109.10,110.99,25.43,65.00,77.00,92.00,96.00,100.00,114.00,125.00,129.50,133.00,141.00,147.00,-42.70
liver_117,71,394,极小(<5k),76.46,23.50,34.00,45.30,57.00,62.00,66.00,79.00,90.10,93.00,98.00,106.00,110.35,123.90,19.58,93.00,100.00,108.00,110.00,114.00,123.00,133.00,136.00,139.00,149.00,158.00,-47.44
liver_117,72,182,极小(<5k),75.28,22.99,44.00,51.00,56.00,60.00,61.30,73.00,83.00,89.75,94.80,101.90,115.95,108.12,23.72,67.00,77.00,88.00,93.00,96.00,109.00,121.00,124.00,128.00,137.00,145.00,-32.84
liver_117,73,2208,极小(<5k),64.60,20.31,30.00,37.70,47.00,51.00,54.00,66.00,76.00,79.00,82.00,90.00,95.65,112.38,21.17,79.00,86.00,95.00,98.00,101.00,112.00,123.00,126.00,130.00,139.00,146.45,-47.79
liver_117,74,419,极小(<5k),62.62,21.42,27.90,37.00,45.00,48.00,50.00,61.00,75.00,78.00,83.00,92.00,96.10,104.89,25.08,60.00,71.00,84.00,89.00,93.00,108.00,119.00,122.00,125.00,134.00,142.00,-42.27
liver_117,75,2075,极小(<5k),67.49,21.44,29.00,39.00,50.00,55.00,58.00,69.00,79.00,82.00,85.00,93.00,100.00,110.44,23.46,74.00,83.00,93.00,97.00,100.00,111.00,122.00,125.00,129.00,139.00,147.00,-42.95
liver_117,76,197,极小(<5k),58.95,24.26,22.00,29.00,40.20,44.00,47.00,58.00,69.00,72.00,77.80,92.00,101.20,109.63,22.80,74.00,81.00,90.00,93.00,97.00,110.00,122.00,125.00,129.00,138.00,147.00,-50.68
liver_117,77,2704,极小(<5k),63.30,27.27,15.00,26.00,41.00,46.00,51.00,66.00,78.00,82.00,87.00,96.00,104.00,106.08,32.12,62.00,75.00,87.00,91.00,95.00,107.00,120.00,123.00,127.00,137.00,145.00,-42.79
liver_117,78,662,极小(<5k),61.66,20.95,26.00,35.00,45.00,49.00,52.00,62.00,73.00,76.00,79.00,88.00,94.00,105.54,24.57,64.65,75.00,85.00,89.00,93.00,105.00,118.00,122.00,126.00,137.00,146.00,-43.89
liver_117,79,440,极小(<5k),60.41,21.64,24.00,33.00,42.00,45.00,48.00,60.00,73.00,75.25,80.00,90.00,96.00,108.33,20.10,77.00,84.00,92.00,95.00,97.30,107.50,118.00,121.00,124.80,134.00,142.00,-47.92
liver_118,1,345,极小(<5k),59.17,27.39,10.20,22.00,37.00,42.00,46.20,60.00,73.80,78.00,81.20,92.60,101.80,89.44,30.11,42.10,53.00,64.00,70.00,74.00,88.00,103.00,108.00,114.00,127.00,140.00,-30.27
liver_118,2,158,极小(<5k),48.19,24.53,11.25,17.00,30.40,33.00,35.00,49.00,60.90,64.00,67.60,80.30,87.15,86.84,25.40,44.00,55.00,67.00,70.00,74.00,87.00,99.00,103.00,108.00,117.00,128.00,-38.65
liver_118,3,616,极小(<5k),86.11,26.69,41.00,51.50,62.00,67.00,72.00,86.00,101.00,105.00,110.00,121.00,128.00,102.78,26.15,62.00,72.00,82.00,86.00,89.00,102.00,114.00,117.00,122.00,134.00,148.00,-16.67
liver_118,4,405839,大(>=300k),72.55,29.54,23.00,34.00,48.00,53.00,58.00,73.00,88.00,93.00,97.00,109.00,120.00,95.22,27.93,51.00,60.00,72.00,77.00,81.00,95.00,109.00,113.00,118.00,131.00,142.00,-22.67
liver_118,5,258,极小(<5k),64.79,25.15,19.70,30.40,43.00,46.25,52.00,67.00,79.00,83.00,86.60,96.30,103.15,90.76,26.68,47.90,58.00,69.00,73.00,77.00,89.00,103.60,107.00,112.00,126.00,137.00,-25.97
liver_118,6,611,极小(<5k),46.05,28.68,2.00,10.00,20.00,25.00,31.00,45.00,63.00,66.00,70.00,84.00,95.00,90.82,25.08,49.00,59.00,71.00,75.00,79.00,91.00,104.00,108.00,111.00,122.00,130.70,-44.76
liver_118,7,198,极小(<5k),61.32,23.38,26.00,31.00,40.00,43.00,48.00,61.50,72.90,75.00,79.60,93.00,99.15,98.60,26.40,60.00,68.00,78.00,81.00,85.00,97.00,109.00,112.00,118.00,133.00,146.00,-37.28
liver_118,8,10064,小(5k-50k),75.86,25.28,34.00,44.00,55.00,59.00,63.00,76.00,89.00,93.00,97.00,108.00,117.00,97.66,26.18,55.00,65.00,77.00,81.00,85.00,99.00,111.00,115.00,119.00,130.00,139.00,-21.80
liver_118,9,877,极小(<5k),78.17,27.46,34.00,43.00,55.00,58.00,62.00,77.00,92.00,97.00,101.00,113.00,124.20,91.35,22.91,55.00,63.00,73.00,76.00,79.00,91.00,102.00,105.00,109.80,121.00,131.00,-13.18
liver_118,10,152,极小(<5k),90.30,28.21,46.55,54.20,66.00,71.00,78.30,91.50,102.70,108.00,113.80,127.00,138.45,115.83,24.23,76.00,85.00,95.00,100.00,103.00,117.00,129.00,132.00,136.00,146.00,154.00,-25.53
liver_118,11,1,极小(<5k),74.00,0.00,74.00,74.00,74.00,74.00,74.00,74.00,74.00,74.00,74.00,74.00,74.00,97.81,37.21,26.00,41.60,61.40,75.00,80.00,108.00,119.20,123.00,127.00,140.40,149.00,-23.81
liver_12,1,790,极小(<5k),55.53,21.79,20.00,28.00,37.00,41.00,44.00,55.00,67.00,71.00,75.00,84.00,90.55,82.23,18.76,51.00,58.00,67.00,70.00,73.00,83.00,92.00,95.00,98.00,106.00,112.00,-26.71
liver_120,1,164,极小(<5k),79.15,21.07,48.15,52.30,60.00,62.00,66.00,77.50,90.10,95.25,100.80,108.00,114.70,113.17,17.78,78.00,91.00,101.00,104.00,107.00,116.00,123.00,125.00,127.00,133.00,138.00,-34.02
liver_120,2,3,极小(<5k),59.33,6.18,54.20,54.40,54.80,55.00,55.20,56.00,60.80,62.00,63.20,65.60,66.80,102.68,25.48,61.00,72.00,80.00,85.00,89.00,107.00,118.00,120.00,122.00,132.00,141.00,-43.35
liver_120,3,3,极小(<5k),61.33,18.45,41.90,43.80,47.60,49.50,51.40,59.00,69.40,72.00,74.60,79.80,82.40,102.68,19.30,65.00,73.00,88.00,92.00,96.00,105.00,112.00,116.00,120.00,125.00,131.00,-41.35
liver_120,4,2507,极小(<5k),79.72,16.56,53.00,59.00,66.00,68.00,71.00,80.00,89.00,91.00,93.00,101.00,107.00,110.70,20.22,75.00,85.00,96.00,100.00,102.00,113.00,122.00,125.00,128.00,134.00,140.00,-30.98
liver_120,5,2021,极小(<5k),91.47,11.12,73.00,77.00,82.00,84.00,86.00,91.00,97.00,99.00,101.00,105.00,110.00,104.45,18.14,73.00,84.00,92.00,95.00,97.00,106.00,114.00,116.00,119.00,125.00,130.00,-12.98
liver_120,6,124,极小(<5k),89.96,11.75,72.15,76.00,78.00,81.00,84.00,90.00,96.00,99.00,100.40,107.00,109.85,109.79,17.74,77.00,87.00,97.00,100.00,103.00,112.00,120.00,122.00,124.00,130.00,134.00,-19.83
liver_120,7,409,极小(<5k),66.04,17.63,39.40,45.00,52.00,54.00,57.00,65.00,73.00,76.00,80.00,89.00,95.00,115.73,19.82,77.00,89.00,101.00,105.00,108.00,118.00,127.00,129.00,131.00,138.00,145.00,-49.69
liver_121,1,68,极小(<5k),57.10,16.71,35.70,38.70,45.00,46.75,47.00,56.00,66.50,70.25,72.60,78.90,86.60,89.42,19.56,57.00,67.00,75.00,79.00,81.00,90.00,99.30,102.00,105.00,113.00,119.00,-32.32
liver_121,2,2004,极小(<5k),100.53,21.72,65.00,73.00,82.00,86.00,89.00,101.00,112.00,115.00,119.00,128.00,136.00,80.27,26.71,33.00,47.00,60.00,65.00,69.00,82.00,94.00,98.00,102.00,113.00,121.00,20.27
liver_121,3,51,极小(<5k),40.53,15.20,16.50,21.00,27.00,28.50,31.00,41.00,49.00,52.50,54.00,59.00,64.00,85.63,22.53,53.00,60.00,67.00,71.00,73.00,84.00,94.00,97.00,102.00,114.00,127.05,-45.10
liver_122,1,63019,中等(50k-300k),91.80,17.03,64.00,71.00,79.00,82.00,84.00,92.00,100.00,103.00,105.00,112.00,118.00,105.00,20.11,73.00,82.00,92.00,95.00,97.00,106.00,115.00,117.00,120.00,127.00,133.00,-13.20
liver_122,2,385,极小(<5k),77.95,21.00,45.00,52.00,60.00,63.00,66.00,77.00,88.80,92.00,94.20,104.00,109.00,97.37,21.92,59.00,69.00,80.00,85.00,88.00,99.00,108.00,111.00,114.00,122.00,130.00,-19.42
liver_122,3,7,极小(<5k),37.57,10.66,20.60,24.20,30.80,33.50,36.20,41.00,42.20,42.50,42.80,47.00,50.00,94.99,25.08,45.00,59.80,76.00,81.00,85.00,100.00,110.00,112.00,115.00,124.00,129.00,-57.42
liver_122,4,1,极小(<5k),53.00,0.00,53.00,53.00,53.00,53.00,53.00,53.00,53.00,53.00,53.00,53.00,53.00,94.77,26.23,41.20,64.20,74.00,78.50,81.60,99.00,111.40,114.00,116.60,125.00,129.80,-41.77
liver_122,5,6,极小(<5k),28.00,15.37,9.75,13.50,21.00,21.25,21.50,24.50,31.50,33.75,36.00,46.00,51.00,88.02,23.49,45.00,56.00,71.00,73.00,78.00,90.00,101.00,104.00,108.00,117.00,122.00,-60.02
liver_122,6,12,极小(<5k),37.17,28.81,-8.00,-6.30,11.00,16.50,19.60,45.50,55.40,56.50,57.60,70.60,76.50,83.92,25.73,37.30,47.30,64.60,69.00,72.00,84.00,100.10,104.00,106.00,115.70,124.00,-46.75
liver_122,7,1,极小(<5k),39.00,0.00,39.00,39.00,39.00,39.00,39.00,39.00,39.00,39.00,39.00,39.00,39.00,93.09,25.27,43.00,53.80,73.00,79.50,82.40,99.00,111.60,113.00,114.00,120.40,126.10,-54.09
liver_122,8,2,极小(<5k),38.50,6.50,32.65,33.30,34.60,35.25,35.90,38.50,41.10,41.75,42.40,43.70,44.35,94.77,22.62,45.00,69.00,77.00,80.50,85.00,99.00,109.00,112.00,114.00,120.00,125.00,-56.27
liver_122,9,49,极小(<5k),47.00,20.65,14.20,21.80,34.20,36.00,38.40,49.00,56.60,61.00,62.40,71.20,77.60,99.33,18.82,65.00,76.00,86.00,89.00,92.00,101.00,109.70,112.00,114.00,121.00,126.00,-52.33
liver_122,10,2,极小(<5k),34.50,18.50,17.85,19.70,23.40,25.25,27.10,34.50,41.90,43.75,45.60,49.30,51.15,89.49,22.10,50.10,64.40,72.20,76.50,79.80,93.00,105.00,105.00,106.80,114.00,116.70,-54.99
liver_122,11,1,极小(<5k),60.00,0.00,60.00,60.00,60.00,60.00,60.00,60.00,60.00,60.00,60.00,60.00,60.00,97.39,19.52,65.00,71.00,81.00,86.25,89.00,101.00,108.50,111.50,114.00,120.00,124.50,-37.39
liver_122,12,9,极小(<5k),55.33,9.89,40.80,41.60,46.20,49.00,50.20,55.00,62.80,64.00,64.40,66.00,68.00,92.17,18.07,62.00,69.00,75.00,78.00,83.00,93.00,102.10,105.00,108.00,114.00,119.85,-36.84
liver_122,13,1,极小(<5k),-7.00,0.00,-7.00,-7.00,-7.00,-7.00,-7.00,-7.00,-7.00,-7.00,-7.00,-7.00,-7.00,71.82,18.35,37.70,49.10,59.00,62.00,65.00,74.00,82.00,84.00,86.20,93.00,96.15,-78.82
liver_122,14,1,极小(<5k),31.00,0.00,31.00,31.00,31.00,31.00,31.00,31.00,31.00,31.00,31.00,31.00,31.00,91.88,21.08,58.00,63.00,70.40,78.00,81.00,96.00,104.80,108.00,110.00,114.00,120.80,-60.88
liver_122,15,3114,极小(<5k),87.33,16.43,60.00,66.00,74.00,77.00,79.00,88.00,96.00,98.00,101.00,108.00,114.00,100.45,21.68,63.00,73.00,84.00,88.00,91.00,102.00,112.00,114.00,118.00,125.00,133.00,-13.12
liver_122,16,1,极小(<5k),26.00,0.00,26.00,26.00,26.00,26.00,26.00,26.00,26.00,26.00,26.00,26.00,26.00,89.72,21.33,53.95,59.90,72.20,76.00,79.00,92.50,104.30,106.00,107.20,113.10,120.05,-63.72
liver_122,17,345,极小(<5k),77.61,17.01,52.00,57.00,63.00,66.00,69.00,78.00,86.00,87.00,91.00,99.00,107.00,96.73,18.39,66.00,73.00,82.00,85.00,88.00,97.00,106.00,108.00,111.00,120.00,126.00,-19.12
liver_122,18,3627,极小(<5k),88.83,14.32,65.00,71.00,77.00,79.00,81.00,89.00,96.00,98.00,101.00,107.00,112.00,106.84,21.08,69.00,81.80,93.00,96.00,99.00,108.00,117.00,119.00,122.00,130.00,138.00,-18.00
liver_122,19,1457,极小(<5k),94.59,14.87,71.00,75.00,81.00,84.00,86.00,94.00,103.00,105.00,108.00,114.40,119.20,103.18,17.31,74.00,82.00,90.00,93.00,96.00,104.00,112.00,114.00,117.00,124.00,130.00,-8.58
liver_122,20,673,极小(<5k),84.08,14.67,61.00,66.00,72.00,74.00,76.00,83.00,92.00,93.00,97.00,103.80,109.00,98.34,17.53,71.00,77.00,84.00,87.00,89.00,98.00,107.00,109.00,112.00,120.00,128.00,-14.26
liver_122,21,608,极小(<5k),86.92,12.08,67.00,71.00,76.00,79.00,81.00,87.00,94.00,95.00,97.00,102.00,106.65,98.80,13.45,77.00,82.00,88.00,90.00,92.00,99.00,105.00,107.25,110.00,116.00,121.00,-11.88
liver_122,22,3445,极小(<5k),98.60,13.79,76.00,81.00,87.00,89.00,91.00,99.00,106.00,108.00,110.00,116.00,121.00,110.01,16.43,83.00,90.00,98.00,101.00,103.00,111.00,118.00,121.00,123.00,130.00,135.00,-11.41
liver_122,23,2792,极小(<5k),95.29,15.41,71.00,76.00,82.00,85.00,87.00,95.00,102.00,105.00,107.00,115.00,121.00,107.11,15.95,81.00,87.00,94.00,97.00,99.00,107.00,115.00,118.00,120.00,127.00,133.00,-11.82
liver_122,24,245,极小(<5k),97.91,13.02,76.20,82.00,88.80,91.00,93.00,99.00,104.00,106.00,109.00,113.00,117.00,106.71,19.33,68.00,86.00,96.00,99.00,101.00,109.00,117.00,119.00,121.00,128.00,133.00,-8.79
liver_123,1,2534,极小(<5k),57.39,16.78,31.00,37.00,43.00,46.00,48.90,57.00,66.00,68.00,71.00,80.00,86.00,76.50,19.71,45.00,53.00,62.00,65.00,68.00,77.00,87.00,90.00,92.00,100.00,106.00,-19.12
liver_123,2,4062,极小(<5k),53.76,17.49,26.00,32.00,39.00,42.00,45.00,53.00,62.00,65.00,68.00,76.00,84.00,65.08,19.27,33.00,40.00,49.00,52.00,55.00,65.00,75.00,78.00,81.00,89.00,97.00,-11.32
liver_123,3,199317,中等(50k-300k),51.71,23.10,14.00,22.00,32.00,36.00,40.00,52.00,64.00,67.00,71.00,81.00,89.00,69.55,20.92,35.00,44.00,53.00,56.00,59.00,70.00,80.00,83.00,86.00,95.00,103.00,-17.84
liver_123,4,8574,小(5k-50k),46.67,17.51,17.00,24.00,33.00,36.00,38.00,47.00,56.00,58.00,61.00,68.00,74.00,65.04,16.91,37.00,44.00,51.00,54.00,56.00,65.00,74.00,76.00,79.00,86.00,93.00,-18.37
liver_123,5,13490,小(5k-50k),47.86,18.14,18.00,25.00,33.00,36.00,39.00,48.00,57.00,60.00,63.00,71.00,78.00,62.86,18.48,32.00,40.00,48.00,51.00,54.00,64.00,73.00,75.00,78.00,85.00,92.00,-15.00
liver_123,6,274,极小(<5k),46.19,14.36,24.65,28.00,33.00,36.00,38.00,45.00,54.00,56.00,59.00,66.00,71.00,66.93,16.25,40.00,46.00,53.00,55.00,58.00,67.00,76.00,78.00,81.00,88.00,94.00,-20.74
liver_124,1,38252,小(5k-50k),62.64,21.27,27.00,34.00,44.00,48.00,52.00,63.00,74.00,77.00,80.00,89.00,97.00,99.35,19.53,68.00,76.00,85.00,88.00,91.00,100.00,109.00,111.00,114.00,122.00,129.00,-36.70
liver_124,2,113,极小(<5k),77.42,16.86,52.00,55.20,61.00,65.00,66.60,77.00,88.00,90.00,90.60,98.00,102.40,101.54,18.06,73.00,79.00,87.00,90.00,92.00,101.00,109.00,112.00,116.00,123.50,133.00,-24.11
liver_124,3,1202,极小(<5k),68.31,12.94,46.00,52.00,58.00,60.00,62.00,68.00,75.00,77.00,79.00,85.00,89.95,86.98,19.46,54.00,63.00,71.00,76.00,78.00,89.00,98.00,100.00,103.00,110.00,115.00,-18.67
liver_124,4,106,极小(<5k),88.65,12.88,68.50,71.00,78.00,80.00,81.50,89.00,96.00,97.75,100.00,105.00,108.00,102.78,14.96,78.00,84.00,91.00,93.00,95.00,103.00,110.00,112.00,114.00,121.00,128.00,-14.13
liver_124,5,1586,极小(<5k),71.45,16.25,45.25,51.50,59.00,61.00,63.00,71.00,79.00,82.00,84.00,91.00,99.00,98.83,26.29,60.00,70.00,82.00,85.00,88.00,99.00,108.00,111.00,114.00,126.00,145.00,-27.38
liver_124,6,376,极小(<5k),84.72,16.47,59.00,63.00,71.00,73.00,76.00,86.00,93.00,96.00,99.00,106.00,112.25,103.88,19.12,69.00,81.00,90.00,94.00,97.00,106.00,114.00,117.00,119.00,125.30,131.00,-19.17
liver_124,7,175,极小(<5k),93.07,14.87,66.70,74.40,83.00,84.00,86.20,93.00,101.00,104.00,105.00,110.00,114.00,108.08,19.84,82.00,86.00,93.00,95.00,97.00,105.00,114.00,117.00,121.00,132.00,149.00,-15.00
liver_124,8,72,极小(<5k),91.39,18.40,65.00,71.00,75.20,76.00,79.30,88.00,97.40,101.25,112.00,118.90,122.00,110.12,12.19,89.00,94.00,101.00,103.00,104.00,111.00,117.00,119.00,120.00,125.00,129.00,-18.73
liver_124,9,29094,小(5k-50k),66.08,18.87,35.00,42.00,50.00,53.00,56.00,66.00,76.00,79.00,82.00,91.00,97.00,103.99,15.66,80.00,86.00,92.00,94.00,96.00,104.00,111.00,113.00,115.00,122.00,128.00,-37.91
liver_124,10,376,极小(<5k),89.80,11.78,69.00,74.00,80.00,82.75,84.50,91.00,96.00,98.00,100.00,103.00,107.00,105.51,13.33,84.00,89.00,95.00,97.00,99.00,105.00,112.00,114.00,116.00,123.00,128.00,-15.71
liver_124,11,214,极小(<5k),82.12,15.48,55.65,61.00,69.00,71.25,74.00,84.50,91.00,93.00,95.00,100.70,105.70,108.37,14.95,84.00,90.00,97.00,99.00,101.00,108.00,115.00,117.00,120.00,127.00,133.00,-26.25
liver_124,12,199,极小(<5k),87.05,15.11,62.90,67.00,73.00,74.00,77.00,88.00,97.60,100.00,102.40,108.00,110.10,109.54,15.55,86.00,91.00,97.00,99.00,101.00,109.00,117.00,119.00,122.00,129.00,136.00,-22.49
liver_124,13,228,极小(<5k),87.87,15.66,65.00,68.00,74.00,76.75,79.00,86.00,95.00,100.00,103.60,110.00,113.65,108.19,13.29,87.00,92.00,97.00,100.00,101.00,108.00,115.00,117.00,119.00,125.00,130.00,-20.31
liver_124,14,99,极小(<5k),89.32,15.48,69.80,71.00,76.00,79.00,80.00,87.00,96.00,98.00,100.40,110.20,118.50,103.16,14.09,79.45,84.00,91.00,93.00,96.00,104.00,111.00,113.00,115.20,121.00,125.00,-13.84
liver_125,1,754,极小(<5k),55.87,20.26,24.65,31.00,39.00,42.00,45.00,56.00,66.00,68.00,72.00,82.00,90.00,103.96,21.48,66.00,77.00,87.00,91.00,94.00,105.00,115.00,118.00,122.00,131.00,138.00,-48.09
liver_126,1,5090,小(5k-50k),45.73,29.07,-2.00,9.00,21.00,26.00,30.00,46.00,61.00,66.00,70.00,83.00,93.00,97.24,33.34,42.00,55.00,70.00,76.00,81.00,98.00,114.00,119.00,124.00,138.00,150.00,-51.52
liver_127,1,298,极小(<5k),79.14,25.20,40.85,48.70,59.00,61.00,64.00,78.00,91.90,96.00,101.60,111.30,121.15,96.63,24.53,57.00,66.00,76.00,80.00,84.00,96.00,109.00,113.00,117.00,129.00,137.00,-17.49
liver_128,1,4695,极小(<5k),57.16,34.61,0.00,13.00,28.00,34.00,39.00,57.00,75.00,80.00,86.00,101.00,115.00,72.20,36.41,12.00,27.00,42.00,47.00,53.00,72.00,91.00,96.00,102.00,119.00,132.00,-15.04
liver_128,2,6376,小(5k-50k),66.92,39.03,2.00,16.00,33.00,40.00,47.00,68.00,88.00,94.00,100.00,116.00,131.00,77.74,40.23,12.00,26.00,44.00,51.00,57.00,78.00,99.00,105.00,112.00,129.00,144.00,-10.82
liver_128,3,11163,小(5k-50k),48.64,43.52,-22.00,-7.00,12.00,19.00,26.00,49.00,72.00,78.00,85.00,104.00,120.00,60.97,45.00,-13.00,3.00,23.00,31.00,38.00,61.00,84.00,91.00,99.00,119.00,135.00,-12.33
liver_128,4,69045,中等(50k-300k),67.55,37.91,5.00,19.00,36.00,42.00,48.00,68.00,87.00,93.00,99.00,116.00,129.00,82.45,38.67,19.00,33.00,51.00,57.00,63.00,83.00,102.00,108.00,115.00,132.00,146.00,-14.90
liver_128,5,33869,小(5k-50k),52.67,53.57,-35.00,-16.00,8.00,17.00,25.00,52.00,80.00,88.00,97.00,121.00,142.00,70.52,51.42,-14.00,5.00,28.00,36.00,44.00,70.00,97.00,105.00,113.00,136.00,155.00,-17.85
liver_128,6,14045,小(5k-50k),66.30,36.13,7.00,20.00,36.00,42.00,47.00,67.00,85.00,90.00,96.00,112.00,125.00,78.75,37.67,16.00,31.00,47.00,54.00,59.00,79.00,98.00,104.00,111.00,127.00,140.00,-12.45
liver_128,7,29469,小(5k-50k),54.97,37.50,-6.00,7.00,24.00,30.00,35.00,55.00,75.00,80.00,86.00,103.00,117.00,87.18,36.30,28.00,41.00,57.00,63.00,68.00,87.00,106.00,111.00,117.00,133.00,147.00,-32.22
liver_128,8,103220,中等(50k-300k),48.48,41.33,-19.00,-4.00,14.00,21.00,27.00,48.50,70.00,76.00,83.00,101.00,117.00,75.43,39.80,10.00,25.00,42.00,49.00,55.00,75.00,96.00,102.00,108.00,126.00,141.00,-26.95
liver_128,9,53748,中等(50k-300k),50.92,38.05,-13.00,3.00,20.00,27.00,32.00,52.00,70.00,76.00,82.00,97.00,111.00,73.64,37.79,11.00,26.00,42.00,49.00,55.00,74.00,93.00,99.00,105.00,121.00,134.00,-22.72
liver_128,10,271,极小(<5k),68.86,22.62,32.00,39.00,49.00,51.50,54.00,69.00,82.00,86.00,88.00,98.00,102.00,87.11,25.24,45.00,55.00,66.00,70.00,74.00,87.00,100.00,103.00,108.00,119.00,128.00,-18.25
liver_128,11,651,极小(<5k),39.45,40.50,-29.50,-14.00,4.00,11.50,18.00,41.00,62.00,68.00,71.00,90.00,106.00,76.49,39.07,13.00,28.00,44.00,50.00,56.00,77.00,96.00,102.00,108.00,126.00,141.00,-37.03
liver_128,12,1,极小(<5k),108.00,0.00,108.00,108.00,108.00,108.00,108.00,108.00,108.00,108.00,108.00,108.00,108.00,96.35,20.05,65.90,73.90,79.00,80.75,87.40,96.50,106.30,108.00,109.40,122.00,126.15,11.65
liver_129,1,217122,中等(50k-300k),47.86,38.38,-14.00,0.00,16.00,22.00,27.00,47.00,67.00,73.00,80.00,97.00,112.00,88.35,40.30,20.00,37.00,57.00,64.00,70.00,91.00,110.00,116.00,121.00,137.00,150.00,-40.49
liver_129,2,108196,中等(50k-300k),15.65,48.58,-61.00,-45.00,-25.00,-17.00,-10.00,14.00,39.00,46.00,55.00,78.00,99.00,81.97,47.96,2.00,20.00,42.00,50.00,58.00,83.00,107.00,114.00,122.00,142.00,159.00,-66.32
liver_129,3,357364,大(>=300k),46.57,47.85,-31.00,-14.00,7.00,14.00,21.00,46.00,71.00,78.00,86.00,108.00,126.00,94.95,44.06,22.00,39.00,59.00,66.00,73.00,95.00,118.00,124.00,132.00,151.00,167.00,-48.38
liver_129,4,5817,小(5k-50k),35.95,48.36,-39.00,-24.00,-6.00,2.00,9.00,32.00,60.00,67.00,77.00,103.00,120.00,95.85,37.34,33.00,48.00,65.00,72.00,77.00,97.00,115.00,120.00,127.00,143.00,156.50,-59.90
liver_129,5,271780,中等(50k-300k),54.47,46.26,-22.00,-5.00,16.00,23.00,30.00,55.00,79.00,86.00,93.00,113.00,130.00,96.41,40.97,29.00,44.00,63.00,70.00,76.00,97.00,118.00,124.00,130.00,148.00,163.00,-41.94
liver_129,6,502701,大(>=300k),38.89,48.78,-40.00,-23.00,-2.00,6.00,13.00,38.00,64.00,71.00,80.00,101.00,120.00,87.97,46.53,11.00,29.00,49.00,57.00,64.00,88.00,112.00,119.00,127.00,147.00,164.00,-49.08
liver_129,7,179481,中等(50k-300k),39.21,41.76,-28.00,-14.00,4.00,11.00,17.00,39.00,60.00,67.00,74.00,93.00,109.00,89.74,39.30,25.00,40.00,57.00,64.00,70.00,90.00,110.00,116.00,122.00,139.00,153.00,-50.54
liver_129,8,259698,中等(50k-300k),50.84,43.66,-20.00,-5.00,14.00,21.00,28.00,51.00,74.00,80.00,87.00,107.00,123.00,95.69,38.94,31.00,46.00,64.00,70.00,76.00,96.00,116.00,122.00,128.00,144.00,159.00,-44.85
liver_129,9,2599,极小(<5k),47.71,41.87,-24.00,-7.00,11.00,18.00,25.00,49.00,72.00,77.00,84.00,100.00,112.10,73.03,33.80,17.00,29.10,45.00,50.00,56.00,73.00,91.00,96.00,101.00,116.00,127.45,-25.33
liver_129,10,5027,小(5k-50k),59.23,49.66,-22.00,-5.00,14.00,22.00,29.00,59.00,89.00,96.00,104.00,125.00,140.00,103.40,35.52,44.00,58.00,74.00,81.00,86.00,104.00,122.00,127.00,133.00,148.00,160.00,-44.17
liver_13,1,185,极小(<5k),16.12,30.41,-39.00,-24.20,-6.20,-4.00,1.20,17.00,30.00,35.00,39.00,55.60,63.80,71.23,32.43,16.00,29.00,45.00,51.00,55.00,73.00,88.00,92.00,97.00,111.00,122.00,-55.11
liver_13,2,10877,小(5k-50k),40.23,18.91,9.00,16.00,24.00,28.00,30.00,40.00,50.00,52.00,56.00,64.00,72.00,54.20,28.95,5.00,17.00,31.00,37.00,41.00,56.00,70.00,74.00,78.00,89.00,97.00,-13.97
liver_13,3,1482,极小(<5k),39.77,16.52,14.00,20.00,27.00,30.00,32.00,39.00,47.70,50.00,52.00,61.00,67.00,64.19,19.53,34.00,41.00,48.00,51.00,54.00,64.00,73.00,76.00,80.00,88.00,96.00,-24.42
liver_13,4,912,极小(<5k),38.93,21.86,4.55,12.00,21.00,24.00,27.00,39.00,49.00,52.00,56.00,67.00,77.00,57.93,22.45,21.00,30.00,39.00,43.00,46.00,58.00,70.00,73.00,77.00,86.00,94.00,-19.01
liver_13,5,7779,小(5k-50k),29.76,21.36,-5.00,3.00,12.00,16.00,19.00,29.00,41.00,44.00,48.00,57.00,65.00,54.45,25.16,12.00,24.00,36.00,40.00,44.00,56.00,68.00,71.00,74.00,85.00,93.00,-24.69
liver_13,6,1684,极小(<5k),36.24,21.81,1.00,7.30,17.00,21.00,25.00,36.00,48.00,52.00,56.00,64.00,72.00,63.87,28.11,19.00,30.00,41.00,45.00,49.00,63.00,76.00,80.00,85.00,98.00,112.00,-27.63
liver_13,7,199,极小(<5k),42.75,21.28,12.90,16.80,23.00,28.00,31.00,41.00,53.00,57.00,61.00,71.60,80.20,65.00,22.79,27.00,36.00,46.00,50.00,54.00,65.00,77.00,80.00,84.00,92.40,102.00,-22.25
liver_13,8,514,极小(<5k),48.47,18.13,20.65,28.00,33.00,35.00,38.00,48.00,57.00,59.00,64.00,72.00,79.00,54.21,22.64,18.00,26.00,35.00,39.00,42.00,54.00,65.00,68.00,72.00,83.00,92.70,-5.75
liver_13,9,19,极小(<5k),48.74,24.89,9.80,13.20,19.40,32.00,43.00,49.00,63.00,68.00,71.00,79.20,84.90,42.73,23.50,7.00,12.00,23.00,27.75,29.90,41.50,57.20,62.00,63.80,74.40,81.85,6.01
liver_130,1,1352419,大(>=300k),83.39,37.20,20.00,35.00,52.00,59.00,65.00,84.00,104.00,109.00,115.00,131.00,142.00,97.74,45.23,14.00,36.00,62.00,72.00,80.00,105.00,125.00,129.00,135.00,149.00,160.00,-14.36
liver_130,2,105,极小(<5k),50.10,20.65,19.40,25.20,32.00,34.00,36.20,47.00,62.80,64.00,68.40,76.00,81.60,104.68,31.55,44.00,59.00,79.00,85.50,91.00,109.00,123.00,127.00,131.00,141.60,150.00,-54.58
liver_130,3,2520,极小(<5k),86.17,31.63,32.00,44.00,60.00,66.00,70.00,87.00,104.00,108.00,113.00,126.00,136.00,110.64,33.85,52.00,66.00,83.00,89.00,95.00,112.00,129.00,134.00,139.00,152.00,163.00,-24.47
liver_130,4,964,极小(<5k),77.78,33.54,23.00,34.00,50.00,55.00,60.00,79.00,95.00,100.00,106.00,120.00,131.85,107.15,33.80,50.00,63.00,79.00,85.00,90.00,108.00,125.00,130.00,136.00,149.00,160.00,-29.37
liver_130,5,871,极小(<5k),59.09,33.56,5.00,15.00,31.00,36.00,41.00,59.00,76.00,81.50,87.00,102.00,117.00,109.54,31.62,57.00,68.00,84.00,89.00,94.00,111.00,126.00,131.00,136.00,149.00,160.00,-50.45
liver_130,6,1999,极小(<5k),65.19,35.10,8.00,20.00,35.00,42.00,46.00,65.00,84.00,89.00,95.00,111.00,122.00,98.66,42.66,16.00,42.00,66.00,74.00,82.00,103.00,123.00,128.00,134.00,149.00,160.00,-33.47
liver_130,7,491,极小(<5k),63.04,30.62,13.00,23.00,37.00,43.00,46.00,62.00,79.00,86.50,91.00,101.00,115.50,111.34,31.75,55.00,70.00,87.00,93.00,98.00,114.00,129.00,133.00,137.00,149.00,159.00,-48.30
liver_130,8,1016,极小(<5k),53.02,27.80,10.00,20.00,29.00,33.00,38.00,52.00,66.00,72.00,77.00,90.50,101.25,115.58,32.26,57.00,72.00,90.00,96.00,101.00,118.00,134.00,138.00,143.00,154.00,163.00,-62.56
liver_130,9,1171,极小(<5k),74.35,32.85,21.00,31.00,44.00,50.00,55.00,75.00,94.00,98.00,103.00,116.00,128.50,118.69,32.83,63.00,76.00,91.00,98.00,103.00,121.00,137.00,142.00,147.00,159.00,169.00,-44.34
liver_130,10,1859,极小(<5k),84.89,31.84,36.00,46.00,59.00,64.00,68.00,83.00,99.00,104.00,109.00,125.00,140.00,114.47,31.27,64.00,75.00,89.00,94.00,98.00,114.00,130.00,135.00,140.00,154.00,167.00,-29.58
liver_130,11,1795,极小(<5k),55.89,29.43,17.00,23.00,31.00,34.00,37.00,50.00,67.00,73.00,80.00,102.00,114.00,116.10,27.01,65.00,78.00,95.20,101.00,106.00,120.00,132.00,134.00,138.00,147.00,154.00,-60.21
liver_130,12,42,极小(<5k),71.33,21.15,35.00,39.60,56.20,61.25,62.00,70.50,79.80,85.75,93.20,100.80,102.95,103.20,22.50,64.00,75.00,85.00,90.00,94.00,105.00,115.00,118.00,121.00,129.00,137.00,-31.87
liver_130,13,479,极小(<5k),69.64,32.84,11.00,25.00,42.20,48.00,53.40,73.00,87.60,92.00,97.00,110.00,119.00,125.26,33.70,62.70,80.00,99.00,105.00,111.00,128.00,144.00,148.00,154.00,166.00,176.00,-55.62
liver_130,14,10024,小(5k-50k),74.14,32.16,24.00,35.00,47.00,52.00,56.00,73.00,90.00,95.00,101.00,115.00,128.00,112.17,29.85,61.00,74.00,88.00,93.00,97.00,113.00,128.00,132.00,137.00,149.00,160.00,-38.03
liver_130,15,317,极小(<5k),48.41,30.85,-3.40,9.60,24.00,27.00,32.80,48.00,68.00,71.00,76.00,86.00,95.40,107.99,33.27,50.70,65.40,81.00,86.00,92.00,109.00,126.00,131.00,136.00,150.00,161.00,-59.58
liver_130,16,315,极小(<5k),60.95,28.87,13.70,27.00,38.00,41.00,46.00,61.00,73.00,78.00,81.00,98.60,112.30,97.05,36.66,27.00,46.00,71.00,79.00,85.00,103.00,117.00,122.00,126.00,137.00,146.60,-36.10
liver_130,17,4834,极小(<5k),88.66,33.60,34.00,45.00,60.00,65.00,70.00,89.00,107.00,112.00,118.00,132.00,144.00,123.73,28.73,75.00,87.00,100.00,105.00,109.00,125.00,139.00,143.00,148.00,160.00,170.00,-35.07
liver_130,18,168,极小(<5k),88.81,22.88,51.35,59.70,70.00,74.75,78.00,88.50,99.00,102.00,106.20,121.00,126.90,122.40,26.63,78.00,88.00,100.00,104.00,109.00,123.00,137.00,141.00,145.00,155.00,164.70,-33.59
liver_130,19,352,极小(<5k),76.72,19.68,40.55,50.00,61.20,65.00,68.00,78.00,88.00,91.00,93.00,102.00,106.00,100.68,21.88,62.00,74.00,84.00,87.00,91.00,102.00,112.00,115.00,118.00,127.00,134.00,-23.96
liver_130,20,66,极小(<5k),71.32,12.78,49.50,54.00,60.00,63.25,64.50,70.50,80.50,82.00,84.00,87.50,89.75,103.69,22.68,63.00,75.00,87.00,91.00,95.00,106.00,117.00,119.00,122.00,130.00,134.00,-32.37
liver_130,21,344,极小(<5k),80.45,22.39,42.15,51.00,62.00,66.00,69.00,81.00,93.00,96.00,98.40,110.70,115.00,113.42,22.58,75.00,84.00,95.00,99.00,102.00,114.00,125.00,128.00,132.00,142.00,150.00,-32.97
liver_130,22,1448,极小(<5k),63.72,25.38,24.00,30.70,43.00,47.00,51.00,63.00,76.00,80.00,85.60,96.00,104.00,106.65,24.92,64.00,75.00,87.00,91.00,95.00,108.00,120.00,124.00,128.00,137.00,146.00,-42.93
liver_130,23,93,极小(<5k),57.60,25.68,15.20,25.20,34.40,41.00,44.20,58.00,71.40,74.00,80.60,89.60,95.40,110.10,30.33,55.00,70.00,85.00,91.00,96.00,111.50,127.00,131.00,136.00,149.00,157.00,-52.50
liver_14,1,2610,极小(<5k),77.24,27.73,30.00,42.00,55.00,60.00,64.00,78.00,92.00,96.00,100.00,112.00,121.00,105.76,26.47,62.00,72.00,84.00,88.00,92.00,106.00,120.00,124.00,128.00,139.30,150.00,-28.52
liver_14,2,2,极小(<5k),28.00,3.00,25.30,25.60,26.20,26.50,26.80,28.00,29.20,29.50,29.80,30.40,30.70,91.50,27.28,48.00,57.40,68.00,71.50,75.20,92.00,106.80,111.00,114.00,126.60,140.00,-63.50
liver_15,1,833,极小(<5k),44.55,21.01,11.60,19.00,27.00,32.00,34.00,44.00,54.00,58.00,60.00,70.80,80.40,71.31,20.72,38.00,45.00,54.00,57.00,60.00,71.00,82.00,86.00,89.00,98.00,106.00,-26.76
liver_15,2,9,极小(<5k),42.89,15.69,22.20,25.40,28.20,29.00,30.20,44.00,55.60,58.00,59.60,62.20,62.60,65.02,20.31,34.00,41.00,47.00,50.00,53.00,65.00,75.00,77.75,80.20,91.00,100.00,-22.13
liver_15,3,13,极小(<5k),36.38,9.45,21.20,26.20,27.80,29.00,33.20,40.00,41.00,41.00,43.40,45.00,47.00,59.76,20.36,29.00,34.00,41.00,45.00,48.00,60.00,71.00,74.00,77.00,87.00,95.00,-23.38
liver_15,4,12,极小(<5k),46.50,9.33,32.55,33.60,39.40,40.50,41.90,47.00,51.10,52.00,52.00,54.70,60.40,57.60,20.67,25.00,31.00,40.00,43.00,46.00,57.00,68.00,73.00,76.00,85.00,91.95,-11.10
liver_15,5,5,极小(<5k),36.80,21.58,11.20,15.40,23.80,28.00,29.00,33.00,41.00,43.00,49.00,61.00,67.00,54.29,18.03,25.35,31.00,38.00,42.00,45.00,55.00,64.00,66.00,69.00,78.00,84.00,-17.49
liver_15,6,3,极小(<5k),38.33,7.04,30.10,31.20,33.40,34.50,35.60,40.00,42.40,43.00,43.60,44.80,45.40,54.43,18.16,23.20,32.00,39.00,42.00,45.00,55.00,64.00,67.00,71.00,76.60,85.80,-16.10
liver_16,1,11180,小(5k-50k),67.22,29.03,21.00,31.00,43.00,48.00,52.00,66.00,81.00,86.00,91.00,103.00,115.00,103.33,27.41,59.00,69.00,81.00,86.00,90.00,103.00,117.00,121.00,126.00,138.00,148.00,-36.11
liver_16,2,409,极小(<5k),69.38,34.46,13.00,24.00,40.00,48.00,52.40,68.00,88.60,93.00,98.40,115.00,122.00,92.04,34.44,37.00,49.50,64.00,69.00,74.00,93.00,109.00,114.00,119.00,135.00,147.00,-22.66
liver_16,3,291003,中等(50k-300k),72.47,28.93,26.00,36.00,48.00,53.00,57.00,72.00,87.00,91.00,96.00,110.00,121.00,102.32,32.04,48.00,61.00,76.00,82.00,87.00,104.00,119.00,124.00,129.00,142.00,153.00,-29.85
liver_16,4,13,极小(<5k),77.85,14.91,54.40,66.80,72.00,75.00,75.00,78.00,86.60,89.00,89.60,92.40,95.40,91.65,27.19,44.00,57.00,68.00,73.00,76.40,93.00,106.60,111.00,116.00,125.20,134.00,-13.80
liver_16,5,2859,极小(<5k),80.86,37.76,19.00,34.00,50.00,56.00,62.00,80.00,100.00,105.00,112.00,131.00,144.00,107.37,38.38,48.00,60.00,75.00,81.00,87.00,106.00,125.00,130.25,138.00,157.00,174.00,-26.52
liver_16,6,1,极小(<5k),74.00,0.00,74.00,74.00,74.00,74.00,74.00,74.00,74.00,74.00,74.00,74.00,74.00,102.87,28.52,59.70,68.00,75.80,83.50,89.20,102.00,118.00,121.00,125.20,138.00,149.60,-28.87
liver_16,7,130,极小(<5k),48.92,30.01,2.35,11.90,20.80,26.75,35.00,48.00,67.30,71.00,76.40,88.30,101.55,99.08,32.87,45.00,57.00,71.00,77.00,82.00,100.00,117.00,123.00,128.00,141.00,151.20,-50.16
liver_16,8,3,极小(<5k),99.67,9.74,87.90,89.80,93.60,95.50,97.40,105.00,106.20,106.50,106.80,107.40,107.70,99.32,24.41,55.00,64.80,77.80,85.00,90.00,103.00,113.00,117.00,120.00,128.00,132.30,0.35
liver_16,9,42945,小(5k-50k),69.62,32.09,19.00,30.00,43.00,48.00,53.00,69.00,85.00,90.00,96.00,110.00,123.00,96.47,35.57,37.00,53.00,69.00,75.00,80.00,98.00,115.00,120.00,125.00,140.00,153.00,-26.85
liver_16,10,8,极小(<5k),67.62,16.50,46.05,47.10,51.60,54.75,57.70,65.00,82.20,84.50,85.20,87.50,89.25,90.93,29.97,42.65,50.00,65.00,70.00,75.00,91.00,106.00,109.00,113.00,128.00,141.00,-23.31
liver_16,11,5715,小(5k-50k),74.53,26.67,33.00,42.00,52.00,57.00,60.00,73.00,87.00,91.50,96.00,109.00,120.00,113.57,29.48,65.00,76.00,89.00,94.00,99.00,114.00,128.00,132.00,137.00,149.00,161.00,-39.04
liver_16,12,18792,小(5k-50k),76.23,30.98,27.00,38.00,50.00,55.00,60.00,76.00,92.00,96.00,102.00,116.00,128.00,104.50,34.58,48.00,61.00,77.00,83.00,88.00,105.00,122.00,127.00,133.00,147.00,159.00,-28.26
liver_16,13,64,极小(<5k),72.83,20.65,39.45,46.30,56.00,59.50,61.90,73.00,84.00,87.00,90.00,99.20,107.40,111.03,27.56,63.45,75.00,88.00,93.00,97.00,112.00,126.00,130.00,134.00,146.00,153.00,-38.20
liver_17,1,5183,小(5k-50k),56.55,29.69,7.00,19.00,33.00,37.00,42.00,57.00,72.00,76.00,81.00,93.00,105.00,88.12,33.72,31.00,46.00,62.00,68.00,72.00,90.00,106.00,111.00,116.00,129.00,140.00,-31.57
liver_17,2,14167,小(5k-50k),61.65,30.11,12.00,23.00,36.00,41.00,46.00,62.00,78.00,82.00,87.00,100.00,111.00,95.03,31.57,45.00,55.00,68.00,74.00,78.00,94.00,111.00,116.00,121.00,136.00,148.00,-33.38
liver_17,3,1,极小(<5k),101.00,0.00,101.00,101.00,101.00,101.00,101.00,101.00,101.00,101.00,101.00,101.00,101.00,87.14,27.91,32.90,50.00,63.20,70.00,77.00,90.00,104.00,108.00,111.00,121.00,126.40,13.86
liver_17,4,14281,小(5k-50k),63.49,26.06,20.00,30.00,42.00,46.00,50.00,64.00,77.00,81.00,86.00,97.00,106.00,92.24,27.63,46.00,57.00,69.00,74.00,78.00,93.00,107.00,111.00,115.00,127.00,137.00,-28.74
liver_17,5,4041,极小(<5k),65.47,25.69,23.00,33.00,44.00,48.00,52.00,66.00,79.00,83.00,87.00,99.00,107.00,97.23,28.64,51.00,61.00,73.00,78.00,82.00,96.00,112.00,116.00,121.00,133.00,144.00,-31.76
liver_17,6,3,极小(<5k),71.33,10.96,58.10,60.20,64.40,66.50,68.60,77.00,78.60,79.00,79.40,80.20,80.60,92.41,26.92,47.00,56.00,70.00,73.75,77.50,93.50,108.00,111.00,116.00,126.50,136.00,-21.08
liver_18,1,955,极小(<5k),75.53,25.53,34.00,41.40,54.00,58.00,62.00,76.00,90.00,94.00,97.00,107.60,114.30,94.98,25.24,52.00,62.00,74.00,78.00,82.00,96.00,109.00,113.00,117.00,126.00,133.00,-19.46
liver_18,2,5558,小(5k-50k),76.59,24.85,35.00,44.00,56.00,60.00,64.00,77.00,90.00,94.00,98.00,108.00,116.00,100.53,24.39,61.00,69.00,80.00,84.00,88.00,100.00,113.00,117.00,121.00,132.00,141.00,-23.94
liver_18,3,1,极小(<5k),73.00,0.00,73.00,73.00,73.00,73.00,73.00,73.00,73.00,73.00,73.00,73.00,73.00,88.44,27.09,43.00,55.00,67.00,70.00,76.00,87.50,99.00,107.25,109.00,123.00,133.00,-15.44
liver_18,4,3218,极小(<5k),82.93,21.25,48.00,56.00,66.00,69.00,72.00,83.00,94.00,97.00,101.00,111.00,118.00,101.56,21.42,67.00,74.00,84.00,87.00,90.00,101.00,113.00,116.00,119.00,129.00,137.00,-18.62
liver_18,5,478,极小(<5k),81.09,21.92,42.00,53.00,62.00,66.00,69.00,81.00,93.00,96.75,100.00,110.00,117.00,100.19,21.89,64.00,71.00,82.00,85.00,89.00,100.50,112.00,115.00,118.00,128.00,136.00,-19.09
liver_19,1,1833,极小(<5k),29.83,47.64,-34.00,-20.00,-4.00,2.00,8.00,29.00,48.00,54.00,60.00,78.00,95.00,147.45,277.89,9.00,25.00,43.00,49.00,56.00,79.00,105.00,114.00,125.00,214.00,649.70,-117.62
liver_19,2,3328,极小(<5k),44.94,34.62,-11.00,-1.00,16.00,22.00,27.00,45.00,63.00,69.00,74.00,90.00,101.00,63.29,48.52,4.00,17.00,33.00,38.00,43.00,62.00,81.00,86.00,92.00,108.00,122.00,-18.34
liver_19,3,12665,小(5k-50k),49.02,33.03,-4.00,7.00,21.00,27.00,32.00,49.00,66.00,71.00,76.00,91.00,104.00,75.84,84.83,14.00,27.00,42.00,48.00,53.00,71.00,89.00,95.00,100.80,116.00,130.00,-26.83
liver_19,4,1,极小(<5k),53.00,0.00,53.00,53.00,53.00,53.00,53.00,53.00,53.00,53.00,53.00,53.00,53.00,72.99,37.45,12.30,27.30,39.00,46.00,50.00,75.50,95.00,99.75,107.00,117.70,136.35,-19.99
liver_19,5,200,极小(<5k),38.97,16.41,11.80,17.00,27.00,29.00,31.00,39.00,48.00,50.00,52.20,59.00,64.15,68.87,22.24,30.00,39.00,49.00,53.00,58.00,70.00,82.00,85.00,89.00,97.00,103.00,-29.90
liver_19,6,498,极小(<5k),51.84,27.86,7.00,15.00,28.00,33.00,37.00,52.00,67.00,71.00,74.60,88.00,96.15,69.77,34.16,16.00,27.00,40.00,45.00,50.00,69.00,88.00,93.75,99.00,114.00,126.00,-17.94
liver_19,7,3,极小(<5k),9.00,24.83,-21.00,-16.00,-6.00,-1.00,4.00,24.00,26.00,26.50,27.00,28.00,28.50,45.86,28.51,0.00,6.00,19.00,26.00,31.00,46.00,61.00,66.00,69.00,81.00,88.80,-36.86
liver_2,1,14131,小(5k-50k),54.44,24.70,14.00,23.00,34.00,38.00,42.00,55.00,67.00,71.00,75.00,86.00,95.00,82.63,25.12,40.00,51.00,62.00,67.00,71.00,83.00,96.00,99.00,103.00,113.00,122.00,-28.19
liver_20,1,722,极小(<5k),40.78,25.80,1.00,9.00,19.00,23.00,26.00,40.00,55.00,58.00,63.00,76.00,82.00,72.43,28.62,24.00,36.00,49.00,53.00,57.00,72.00,88.00,92.00,97.00,109.00,120.00,-31.66
liver_20,2,1,极小(<5k),9.00,0.00,9.00,9.00,9.00,9.00,9.00,9.00,9.00,9.00,9.00,9.00,9.00,69.17,26.69,30.90,37.80,47.60,51.00,54.00,67.00,82.00,86.00,89.40,105.60,115.20,-60.17
liver_20,3,10,极小(<5k),47.70,19.80,17.30,32.60,36.80,38.00,39.80,48.50,59.50,61.75,63.60,67.10,72.05,70.18,38.86,12.50,25.00,39.00,43.00,49.00,67.00,87.00,95.00,100.00,120.00,136.00,-22.48
liver_20,4,2,极小(<5k),41.00,1.00,40.10,40.20,40.40,40.50,40.60,41.00,41.40,41.50,41.60,41.80,41.90,157.15,283.88,23.00,40.00,53.00,59.50,66.00,85.00,111.00,123.50,144.00,240.00,542.00,-116.15
liver_20,5,32,极小(<5k),20.19,27.06,-16.00,-12.70,-2.60,0.50,3.30,19.00,26.80,33.00,38.60,66.70,71.35,213.17,403.70,13.00,28.00,43.00,50.00,55.00,82.00,118.00,132.00,157.40,492.00,1245.30,-192.98
liver_20,6,902,极小(<5k),30.70,34.70,-26.95,-12.00,4.20,9.00,14.00,29.00,47.00,52.00,58.00,73.00,85.95,179.08,329.02,16.00,33.00,53.00,61.00,66.00,88.00,115.00,124.00,137.00,332.20,882.60,-148.38
liver_21,1,8099,小(5k-50k),71.59,27.11,27.00,37.00,49.00,53.00,57.00,71.00,86.00,90.00,95.00,106.00,116.00,89.67,26.86,46.00,55.00,67.00,72.00,76.00,90.00,104.00,107.00,112.00,124.00,134.00,-18.09
liver_21,2,15787,小(5k-50k),72.19,31.32,21.00,32.00,46.00,51.00,56.00,72.00,88.00,93.00,98.00,112.00,123.00,85.83,30.65,35.00,46.00,60.00,66.00,70.00,86.00,102.00,107.00,111.00,125.00,135.00,-13.64
liver_21,3,13,极小(<5k),92.38,39.01,32.00,46.20,53.80,64.00,72.40,115.00,118.80,120.00,124.80,132.80,136.80,82.78,31.74,31.00,41.00,56.00,62.00,66.00,84.00,99.00,106.00,110.00,124.00,134.00,9.60
liver_21,4,11132,小(5k-50k),70.79,28.25,25.00,35.00,47.00,52.00,56.00,71.00,85.00,89.00,95.00,107.00,118.00,91.29,29.28,44.00,55.00,67.00,72.00,76.00,91.00,106.00,110.00,115.00,129.00,140.00,-20.49
liver_21,5,1240,极小(<5k),79.71,24.47,41.00,50.00,60.00,63.00,67.00,78.00,91.00,95.00,100.00,112.00,120.00,94.02,22.19,58.60,66.00,76.00,79.00,82.00,94.00,105.00,109.00,112.00,123.00,131.00,-14.31
liver_22,1,9424,小(5k-50k),46.60,21.33,13.15,20.00,28.00,32.00,35.00,46.00,57.00,60.00,64.00,75.00,84.00,76.71,26.34,32.00,43.00,55.00,60.00,64.00,78.00,91.00,95.00,99.00,109.00,117.00,-30.12
liver_23,1,42904,小(5k-50k),44.66,20.46,13.00,19.00,27.00,31.00,34.00,44.00,55.00,58.00,62.00,71.00,80.00,83.68,24.23,43.00,52.00,63.00,67.00,71.00,84.00,97.00,100.00,104.00,115.00,123.00,-39.01
liver_24,1,1422,极小(<5k),81.68,17.72,53.00,59.00,66.00,70.00,72.00,82.00,91.00,94.00,96.00,105.00,111.00,96.65,18.21,66.00,73.00,81.00,84.00,87.00,97.00,106.00,109.00,112.00,120.00,126.00,-14.97
liver_25,1,454,极小(<5k),74.01,15.80,47.65,53.00,60.00,64.00,66.00,74.00,83.00,85.00,88.00,95.00,100.00,119.82,24.71,81.00,90.00,99.00,104.00,107.00,119.00,131.00,135.00,140.00,152.00,163.00,-45.81
liver_26,1,16017,小(5k-50k),55.08,22.70,20.00,28.00,37.00,41.00,44.00,55.00,66.00,69.00,73.00,82.00,92.00,92.30,31.58,43.00,55.00,68.00,73.00,77.00,93.00,107.00,111.00,116.00,128.00,138.00,-37.22
liver_26,2,3,极小(<5k),53.67,2.62,50.50,51.00,52.00,52.50,53.00,55.00,55.40,55.50,55.60,55.80,55.90,79.67,24.23,35.10,48.00,60.00,63.00,68.60,82.00,92.00,94.00,96.00,109.00,122.60,-26.00
liver_26,3,1,极小(<5k),99.00,0.00,99.00,99.00,99.00,99.00,99.00,99.00,99.00,99.00,99.00,99.00,99.00,88.05,25.92,37.10,57.80,69.00,72.50,76.00,90.00,103.60,106.50,108.00,115.00,124.20,10.95
liver_26,4,19,极小(<5k),45.37,24.69,10.10,17.40,26.80,30.00,30.40,38.00,61.60,63.50,68.20,79.40,85.50,93.09,37.31,37.00,53.00,65.00,70.00,73.00,90.00,106.00,111.00,117.00,133.00,163.60,-47.73
liver_26,5,35250,小(5k-50k),47.12,18.08,18.00,25.00,32.00,35.00,38.00,47.00,56.00,59.00,62.00,70.00,77.00,82.36,28.81,37.00,47.00,59.00,63.00,67.00,83.00,99.00,103.00,107.00,118.00,127.00,-35.24
liver_26,6,456,极小(<5k),61.09,14.33,39.00,44.00,50.00,51.00,53.00,61.00,68.00,70.00,72.00,79.00,86.25,100.55,22.22,61.00,71.00,83.00,87.00,90.00,103.00,113.00,116.00,119.00,127.00,134.00,-39.46
liver_26,7,38,极小(<5k),37.00,15.19,14.85,15.00,22.00,31.25,33.20,38.00,43.00,46.50,47.60,56.00,59.60,72.64,28.12,26.00,35.60,46.00,51.00,56.00,73.00,90.00,94.00,98.00,108.00,117.00,-35.64
liver_26,8,10,极小(<5k),55.10,14.27,31.25,42.50,49.80,51.75,53.10,58.50,60.30,60.75,62.00,67.10,72.05,82.08,26.49,34.00,44.00,57.00,64.00,70.00,85.00,99.00,101.00,105.00,115.00,120.00,-26.98
liver_26,9,15,极小(<5k),33.93,9.77,19.90,23.20,28.20,29.00,29.20,32.00,36.80,38.50,41.80,49.00,49.30,73.33,29.16,27.50,37.00,46.00,51.25,56.00,73.00,90.00,94.75,99.00,109.00,120.00,-39.40
liver_27,1,2535,极小(<5k),65.57,19.70,35.00,41.00,49.00,52.00,55.00,65.00,75.00,78.00,81.00,91.00,99.00,98.52,21.71,60.00,69.00,81.00,85.00,89.00,100.00,111.00,114.00,117.00,125.00,131.00,-32.95
liver_27,2,31192,小(5k-50k),63.01,25.77,24.00,33.00,43.00,46.00,50.00,61.00,74.00,78.00,83.00,96.00,108.00,90.94,27.69,43.00,56.00,70.00,76.00,80.00,94.00,106.00,109.00,113.00,123.00,131.00,-27.93
liver_27,3,14251,小(5k-50k),54.63,20.15,23.00,30.00,38.00,41.00,44.00,54.00,65.00,68.00,71.00,80.00,88.00,88.43,23.68,48.00,57.00,68.00,72.00,76.00,90.00,102.00,105.00,109.00,118.00,125.00,-33.80
liver_27,4,389,极小(<5k),62.18,17.59,34.00,39.00,45.60,49.00,52.00,63.00,72.00,75.00,77.40,86.00,90.00,92.31,28.16,45.00,56.00,67.00,73.00,77.00,94.00,110.00,113.00,118.00,128.00,134.55,-30.13
liver_27,5,97660,中等(50k-300k),50.61,21.35,17.00,24.00,33.00,36.00,39.00,50.00,61.00,64.00,68.00,78.00,87.00,75.36,27.58,32.00,42.00,54.00,58.00,62.00,76.00,90.00,94.00,99.00,109.00,118.00,-24.75
liver_27,6,118,极小(<5k),19.83,21.64,-11.60,-7.00,2.40,5.00,6.00,19.00,30.90,33.00,37.00,47.30,59.00,53.83,22.26,22.20,30.20,34.80,38.25,40.80,54.00,65.20,67.50,70.20,83.70,92.10,-34.00
liver_27,7,2,极小(<5k),67.50,4.50,63.45,63.90,64.80,65.25,65.70,67.50,69.30,69.75,70.20,71.10,71.55,39.10,12.00,21.85,27.70,29.80,30.50,31.40,39.50,47.10,50.25,52.20,53.20,54.10,28.40
liver_27,8,37,极小(<5k),37.51,11.01,24.60,26.60,29.20,30.00,31.00,35.00,40.00,41.00,43.40,53.60,58.80,76.08,21.26,38.00,45.00,56.00,61.00,65.00,79.00,90.00,92.00,95.00,101.80,106.00,-38.57
liver_27,9,36,极小(<5k),47.86,11.76,29.75,33.50,39.00,39.75,41.00,48.00,53.50,55.00,58.00,65.50,67.50,74.75,20.99,37.00,44.70,54.40,59.00,63.10,78.00,88.00,90.00,93.00,100.00,105.00,-26.89
liver_27,10,68,极小(<5k),35.46,14.74,13.35,17.00,23.00,23.75,25.20,35.00,41.90,43.25,45.60,53.20,61.25,77.36,15.31,49.00,58.00,67.00,70.00,72.00,79.00,85.00,87.00,89.00,95.00,100.00,-41.90
liver_27,11,41371,小(5k-50k),46.72,21.39,13.00,20.00,29.00,32.00,35.00,46.00,57.00,61.00,64.00,74.00,83.00,91.76,23.20,51.00,62.00,74.00,78.00,82.00,94.00,104.00,107.00,111.00,119.00,126.00,-45.04
liver_27,12,84,极小(<5k),47.96,10.29,35.00,36.30,39.00,40.00,42.00,46.00,53.00,54.00,55.40,60.40,66.00,80.66,16.55,51.00,59.00,67.00,70.00,72.00,82.00,91.00,93.00,95.00,100.00,106.00,-32.69
liver_28,1,7192,小(5k-50k),97.05,26.56,56.00,63.00,73.00,77.00,81.00,96.00,112.00,117.00,121.00,132.00,140.00,129.73,17.33,103.00,110.00,117.00,120.00,122.00,129.00,136.00,139.00,142.00,150.00,159.00,-32.68
liver_28,2,5224,小(5k-50k),89.88,26.16,54.00,58.30,65.00,69.00,72.00,86.00,105.00,110.00,116.00,127.00,136.00,127.22,20.65,84.00,105.00,117.00,121.00,123.00,130.00,137.00,139.00,141.00,147.00,152.00,-37.34
liver_28,3,19426,小(5k-50k),89.92,29.75,41.00,49.00,62.00,68.00,73.00,90.00,107.00,112.00,117.00,128.00,137.00,128.58,21.50,98.00,105.00,113.00,115.00,118.00,126.00,136.00,139.00,143.00,155.00,166.00,-38.66
liver_28,4,162337,中等(50k-300k),75.63,24.92,40.00,47.00,55.00,58.00,61.00,72.00,87.00,92.00,97.00,110.00,120.00,112.21,24.49,70.00,84.00,98.00,102.00,105.00,115.00,124.00,126.00,129.00,137.00,145.00,-36.58
liver_28,5,4859,极小(<5k),125.52,36.51,71.90,84.00,99.00,104.00,108.00,123.00,138.00,143.00,148.40,169.00,190.00,119.73,22.88,87.00,95.00,104.00,107.00,109.00,118.00,127.00,130.00,133.00,146.00,161.00,5.79
liver_28,6,14464,小(5k-50k),76.32,29.18,32.00,41.00,51.00,55.00,59.00,75.00,92.00,96.00,102.00,116.00,125.00,112.84,25.33,72.00,87.00,98.00,102.00,105.00,115.00,124.00,127.00,130.00,139.00,149.00,-36.52
liver_28,7,766,极小(<5k),90.64,14.92,68.00,73.00,78.00,80.00,82.00,90.00,98.00,100.00,102.00,110.00,114.00,110.54,13.83,87.00,94.00,100.00,102.00,104.00,111.00,118.00,119.00,121.00,127.00,132.00,-19.90
liver_29,1,14062,小(5k-50k),80.26,26.84,33.00,46.00,61.00,66.00,70.00,82.00,93.00,96.00,100.00,110.00,121.00,96.26,30.14,39.00,60.00,80.00,86.00,90.00,101.00,110.00,113.00,116.00,126.00,135.00,-16.01
liver_3,1,2793,极小(<5k),74.15,23.75,36.00,44.00,53.00,57.00,60.00,74.00,87.00,91.00,94.00,104.00,113.00,95.65,30.53,44.00,61.00,75.00,80.00,84.00,98.00,111.00,115.00,119.00,130.00,139.00,-21.50
liver_30,1,14252,小(5k-50k),84.68,21.09,49.00,58.00,68.00,71.00,74.00,85.00,96.00,99.00,102.00,111.00,118.00,74.45,41.85,1.00,12.00,31.00,42.00,53.00,85.00,102.00,106.00,110.00,121.00,130.00,10.23
liver_31,1,1362,极小(<5k),54.41,23.09,20.00,26.00,33.00,37.00,40.00,53.00,67.00,71.00,75.00,86.00,94.00,94.47,24.09,50.35,70.00,83.00,86.00,89.00,98.00,106.00,108.00,111.00,118.00,125.00,-40.06
liver_31,2,43,极小(<5k),83.16,10.93,61.50,72.00,76.00,77.00,78.00,82.00,88.60,94.50,95.00,97.80,98.00,109.28,11.20,92.00,95.00,100.00,102.00,104.00,109.00,115.00,117.00,118.00,123.00,126.00,-26.12
liver_31,3,2374,极小(<5k),56.00,25.41,19.00,25.00,33.00,36.00,39.00,54.00,70.00,74.00,79.00,91.00,99.00,107.82,18.51,81.00,87.00,94.00,96.00,99.00,106.00,115.00,117.00,121.00,131.00,143.00,-51.81
liver_31,4,414,极小(<5k),68.14,21.00,32.00,38.30,49.00,53.00,55.90,68.50,80.00,84.00,87.00,94.00,101.35,109.22,13.01,90.00,94.40,99.00,101.00,103.00,108.00,114.00,116.00,118.00,125.00,132.00,-41.08
liver_31,5,1059,极小(<5k),56.62,23.40,21.00,27.00,35.00,38.50,41.00,55.00,71.60,76.00,79.00,87.00,96.00,104.45,12.79,84.00,89.00,94.00,96.00,98.00,104.00,111.00,113.00,115.00,120.00,124.30,-47.83
liver_31,6,853,极小(<5k),54.30,21.12,23.00,28.00,35.00,39.00,42.00,52.00,65.00,69.00,73.60,84.00,90.00,100.11,26.09,46.00,73.00,90.00,93.00,96.00,105.00,112.00,114.00,117.00,124.00,132.00,-45.82
liver_31,7,35,极小(<5k),85.54,10.07,71.50,74.00,76.80,78.00,81.00,84.00,91.80,92.00,93.40,99.80,101.00,108.34,9.53,92.10,96.00,100.00,102.00,104.00,108.00,113.00,115.00,116.00,121.00,125.00,-22.79
liver_31,8,596,极小(<5k),78.05,16.47,50.00,57.00,64.00,67.00,69.00,78.00,86.00,89.00,92.00,98.50,104.25,103.26,13.76,78.00,86.00,93.00,96.00,98.00,104.00,111.00,113.00,114.00,119.00,123.00,-25.21
liver_33,1,1359,极小(<5k),104.45,34.61,42.00,60.80,79.00,84.00,90.00,107.00,121.00,124.00,128.00,145.00,159.10,118.38,31.33,65.00,81.00,96.00,101.00,106.00,119.00,131.00,136.00,140.00,156.00,170.90,-13.93
liver_33,2,722,极小(<5k),84.62,43.76,4.00,27.10,55.00,62.00,70.00,92.00,108.00,111.00,116.00,130.90,143.00,114.92,35.52,57.00,75.00,93.00,98.00,102.00,116.00,130.00,134.00,140.00,157.00,171.00,-30.30
liver_33,3,357147,大(>=300k),71.45,44.79,1.00,17.00,34.00,41.00,47.00,70.00,95.00,102.00,110.00,129.00,145.00,115.89,40.84,48.00,69.00,90.00,96.00,101.00,117.00,132.00,137.00,144.00,163.00,182.00,-44.44
liver_33,4,14095,小(5k-50k),84.06,38.27,22.00,36.00,51.00,57.00,63.00,85.00,106.00,111.00,117.00,131.00,145.00,105.28,41.40,25.00,52.00,80.00,88.00,95.00,112.00,125.00,129.00,133.00,148.00,163.00,-21.22
liver_33,5,798,极小(<5k),94.69,26.20,49.00,63.00,75.00,79.00,85.00,96.50,106.90,110.00,114.00,124.30,135.00,107.22,28.37,63.15,76.00,90.00,95.00,98.00,109.00,120.00,123.00,126.00,137.00,148.00,-12.52
liver_33,6,10680,小(5k-50k),81.36,42.79,14.00,29.00,44.00,49.00,55.00,81.00,107.00,113.00,120.00,135.00,149.00,124.88,41.80,65.00,80.00,97.00,103.00,107.00,121.00,138.00,145.00,153.00,179.00,201.00,-43.51
liver_33,7,711,极小(<5k),109.66,35.78,50.00,66.00,85.00,91.00,95.00,109.00,124.00,130.00,138.00,152.00,167.50,119.52,37.68,58.65,77.00,96.00,103.00,108.00,122.00,135.00,140.00,145.00,162.00,176.00,-9.85
liver_33,8,24897,小(5k-50k),77.59,45.02,7.00,22.00,37.00,44.00,50.00,76.00,104.00,111.00,118.00,135.00,150.00,123.78,35.61,65.00,81.00,99.00,104.00,109.00,123.00,138.00,143.00,149.00,168.00,185.00,-46.19
liver_33,9,1782,极小(<5k),90.80,40.87,25.00,41.00,57.00,64.00,70.00,92.00,112.00,116.00,123.00,141.00,156.00,106.42,38.04,38.00,55.00,77.00,85.00,92.00,110.00,125.00,129.00,135.00,150.00,167.00,-15.62
liver_33,10,12118,小(5k-50k),78.54,44.15,10.00,25.00,40.00,45.00,51.00,77.00,106.00,112.00,118.00,134.00,150.00,114.60,38.64,43.00,69.00,92.00,99.00,104.00,118.00,131.00,135.00,140.00,156.00,172.00,-36.06
liver_33,11,1118,极小(<5k),99.27,34.36,41.00,55.00,71.00,78.00,85.00,103.00,116.00,119.00,124.00,137.30,150.15,119.32,31.33,71.00,83.90,98.00,101.00,105.00,117.00,130.00,135.00,140.00,158.00,176.55,-20.04
liver_33,12,1911,极小(<5k),84.20,36.67,25.00,37.00,51.00,58.00,64.00,91.00,107.00,110.00,114.00,125.00,136.00,108.93,31.01,56.00,78.00,94.00,98.00,101.00,112.00,122.00,125.00,129.00,140.00,150.40,-24.74
liver_33,13,605,极小(<5k),101.48,27.63,50.20,65.00,82.00,87.00,91.00,105.00,115.00,119.00,123.00,132.60,141.00,105.01,32.79,47.00,66.00,84.00,91.00,95.00,107.00,119.00,123.00,128.00,142.00,155.00,-3.52
liver_33,14,445,极小(<5k),105.75,34.96,51.00,62.40,75.00,84.00,90.20,107.00,122.00,126.00,132.00,147.00,161.80,118.65,32.90,63.00,78.40,96.00,102.00,106.00,118.00,132.00,137.00,142.00,159.00,174.00,-12.90
liver_33,15,6333,小(5k-50k),82.08,40.44,16.00,32.00,50.00,56.00,61.00,81.00,103.00,109.00,116.00,133.00,148.00,113.97,37.50,47.00,65.00,87.00,95.00,101.00,116.00,130.00,135.00,140.00,159.00,174.00,-31.90
liver_35,1,1129,极小(<5k),103.95,30.64,54.40,64.00,76.60,82.00,87.00,104.00,122.00,126.00,133.00,144.00,151.00,145.15,25.12,102.00,115.00,129.00,132.00,136.00,147.00,157.00,160.00,164.00,174.00,183.00,-41.21
liver_35,2,1,极小(<5k),124.00,0.00,124.00,124.00,124.00,124.00,124.00,124.00,124.00,124.00,124.00,124.00,124.00,126.51,39.08,55.50,76.50,92.80,98.25,109.50,132.00,151.10,154.00,159.80,168.70,179.00,-2.51
liver_35,3,8421,小(5k-50k),126.41,32.32,76.00,86.00,97.00,102.00,107.00,127.00,146.00,152.00,157.00,168.00,176.00,160.51,38.58,68.00,110.00,147.00,154.00,159.00,171.00,180.00,182.00,185.00,192.00,198.00,-34.10
liver_35,4,10767,小(5k-50k),144.70,23.49,107.00,117.00,128.00,132.00,135.00,144.00,155.00,158.00,162.00,173.00,184.00,155.14,27.21,109.00,124.00,137.00,141.00,145.00,157.00,168.00,171.00,175.00,186.00,196.00,-10.44
liver_36,1,39483,小(5k-50k),58.48,26.05,14.00,24.00,36.00,41.00,45.00,60.00,73.00,77.00,81.00,91.00,99.00,86.78,31.10,45.00,63.00,75.00,78.00,81.00,91.00,100.00,103.00,106.00,113.00,120.00,-28.30
liver_36,2,1,极小(<5k),103.00,0.00,103.00,103.00,103.00,103.00,103.00,103.00,103.00,103.00,103.00,103.00,103.00,97.60,35.76,20.35,60.40,85.40,94.00,97.00,106.00,115.00,117.00,119.00,126.00,133.95,5.40
liver_37,1,4802,极小(<5k),63.78,30.00,19.00,29.00,39.00,43.00,47.00,62.00,78.70,83.00,88.00,101.00,114.00,109.31,25.27,69.00,81.00,92.00,96.00,99.00,109.00,119.00,123.00,127.00,139.00,151.00,-45.53
liver_37,2,5089,小(5k-50k),62.05,26.17,24.00,32.00,40.00,43.00,47.00,59.00,74.00,79.00,84.00,97.00,108.00,108.63,20.37,77.00,86.00,95.00,98.00,100.00,108.00,116.00,118.00,122.00,132.00,143.00,-46.58
liver_37,3,204,极小(<5k),64.25,19.69,35.00,42.00,49.60,51.75,54.90,63.00,73.00,76.25,81.00,87.70,98.85,98.24,21.04,64.00,73.00,82.00,86.00,88.00,99.00,108.00,111.00,114.00,122.00,132.00,-33.99
liver_37,4,56,极小(<5k),77.70,18.65,40.50,56.00,66.00,69.75,72.50,77.50,88.00,89.25,91.00,96.00,104.00,105.75,19.87,74.00,81.00,90.00,93.00,96.00,106.00,115.00,117.00,121.00,130.00,137.00,-28.05
liver_37,5,2070,极小(<5k),66.87,32.74,12.45,25.90,43.00,48.00,52.00,66.00,83.00,88.00,92.00,107.00,122.00,112.69,34.83,61.00,74.00,88.00,93.00,96.00,108.00,122.00,129.00,137.00,163.00,179.00,-45.82
liver_37,6,2041,极小(<5k),49.87,31.33,0.00,13.00,25.00,30.00,34.00,48.00,64.00,69.00,75.00,90.00,102.00,100.50,32.61,39.00,60.00,80.00,86.00,91.00,105.00,115.00,118.00,122.00,136.00,148.00,-50.63
liver_37,7,524,极小(<5k),67.55,29.02,28.15,34.00,45.60,48.75,52.00,66.00,80.00,84.00,89.80,105.70,117.85,104.41,24.73,63.00,75.00,88.00,92.00,95.00,105.00,115.00,117.00,121.00,133.00,144.20,-36.86
liver_37,8,195,极小(<5k),58.65,19.70,26.00,33.40,42.80,47.00,49.20,58.00,68.00,70.00,74.00,82.00,89.30,98.51,23.35,57.00,68.00,80.00,84.00,87.90,100.00,111.00,113.00,117.00,127.00,135.00,-39.86
liver_39,1,348986,大(>=300k),121.85,19.12,92.00,100.00,109.00,112.00,114.00,123.00,131.00,134.00,136.00,144.00,150.00,130.45,34.69,72.00,90.00,107.00,112.00,117.00,132.00,150.00,155.00,160.00,171.00,179.00,-8.60
liver_4,1,8676,小(5k-50k),37.49,29.48,-11.00,0.00,13.00,18.00,23.00,37.00,53.00,57.00,62.00,75.00,86.00,64.95,35.86,4.00,20.00,37.00,43.00,48.00,66.00,84.00,89.00,95.00,109.00,121.00,-27.46
liver_4,2,7,极小(<5k),39.71,22.83,16.80,18.60,21.40,22.00,22.60,33.00,44.80,55.00,65.20,73.60,74.80,56.74,30.77,5.00,20.00,31.00,36.00,39.00,55.00,73.00,79.00,85.00,97.00,109.00,-17.03
liver_4,3,875,极小(<5k),53.69,42.26,-20.30,2.40,21.00,28.00,35.00,57.00,77.00,82.00,89.00,105.00,117.00,72.19,41.05,1.00,20.00,39.00,47.00,54.00,74.00,95.00,101.00,107.00,122.00,135.00,-18.50
liver_4,4,1980,极小(<5k),43.46,44.10,-31.00,-12.00,7.00,14.00,21.00,43.00,68.00,74.00,81.20,101.00,116.00,71.76,40.86,1.00,19.00,40.00,48.00,53.00,74.00,94.00,100.00,106.00,121.00,134.00,-28.30
liver_4,5,15236,小(5k-50k),37.98,38.30,-24.00,-11.00,6.00,12.00,18.00,38.00,58.00,64.00,70.00,87.00,102.00,68.27,42.06,-2.00,13.00,33.00,40.00,47.00,69.00,90.00,97.00,104.00,122.00,137.00,-30.29
liver_4,6,1,极小(<5k),59.00,0.00,59.00,59.00,59.00,59.00,59.00,59.00,59.00,59.00,59.00,59.00,59.00,40.97,47.89,-25.90,-17.20,-6.20,6.00,12.00,37.00,62.80,72.50,76.20,100.00,134.30,18.03
liver_4,7,1487023,大(>=300k),29.40,31.61,-21.00,-9.00,4.00,9.00,13.00,29.00,45.00,50.00,55.00,69.00,81.00,54.05,44.77,-10.00,6.00,24.00,31.00,37.00,56.00,76.00,81.00,88.00,104.00,117.00,-24.66
liver_4,8,1,极小(<5k),-52.00,0.00,-52.00,-52.00,-52.00,-52.00,-52.00,-52.00,-52.00,-52.00,-52.00,-52.00,-52.00,31.56,30.04,-20.20,-10.80,10.00,14.00,19.00,32.00,46.00,49.00,52.80,68.00,79.80,-83.56
liver_4,9,2425,极小(<5k),41.76,28.74,-3.80,5.00,18.00,22.00,26.20,41.00,55.00,60.00,66.00,79.00,90.00,65.10,31.08,12.00,25.00,39.00,45.00,49.00,65.00,82.00,87.00,92.00,105.00,115.00,-23.34
liver_4,10,1,极小(<5k),45.00,0.00,45.00,45.00,45.00,45.00,45.00,45.00,45.00,45.00,45.00,45.00,45.00,55.63,35.95,0.80,12.00,29.00,32.00,36.00,52.00,71.40,78.00,82.80,104.00,113.80,-10.63
liver_4,11,1,极小(<5k),72.00,0.00,72.00,72.00,72.00,72.00,72.00,72.00,72.00,72.00,72.00,72.00,72.00,53.29,37.25,0.55,11.10,23.40,28.00,31.30,48.00,71.70,77.00,84.40,103.80,114.80,18.71
liver_4,12,1,极小(<5k),25.00,0.00,25.00,25.00,25.00,25.00,25.00,25.00,25.00,25.00,25.00,25.00,25.00,51.66,36.71,-6.75,8.80,24.80,28.25,34.00,48.50,69.00,74.00,78.00,100.20,112.55,-26.66
liver_4,13,1,极小(<5k),50.00,0.00,50.00,50.00,50.00,50.00,50.00,50.00,50.00,50.00,50.00,50.00,50.00,47.74,35.87,-16.65,7.70,21.80,26.00,30.00,45.00,59.90,69.00,74.60,96.00,110.25,2.26
liver_4,14,1,极小(<5k),-9.00,0.00,-9.00,-9.00,-9.00,-9.00,-9.00,-9.00,-9.00,-9.00,-9.00,-9.00,-9.00,45.44,33.25,-9.40,4.40,18.00,24.00,28.00,45.00,60.80,68.00,74.00,86.40,102.40,-54.44
liver_4,15,1,极小(<5k),39.00,0.00,39.00,39.00,39.00,39.00,39.00,39.00,39.00,39.00,39.00,39.00,39.00,44.78,36.15,-18.00,-5.20,14.80,23.00,26.30,42.00,62.70,69.00,75.00,94.90,106.80,-5.78
liver_4,16,1,极小(<5k),23.00,0.00,23.00,23.00,23.00,23.00,23.00,23.00,23.00,23.00,23.00,23.00,23.00,20.99,29.64,-27.95,-15.30,-5.00,-1.25,3.10,21.50,35.00,41.50,48.00,58.30,68.30,2.01
liver_4,17,1,极小(<5k),-4.00,0.00,-4.00,-4.00,-4.00,-4.00,-4.00,-4.00,-4.00,-4.00,-4.00,-4.00,-4.00,52.70,38.34,-3.00,4.40,13.80,20.00,31.40,55.00,78.00,83.00,88.00,102.60,108.80,-56.70
liver_4,18,1,极小(<5k),67.00,0.00,67.00,67.00,67.00,67.00,67.00,67.00,67.00,67.00,67.00,67.00,67.00,74.91,30.20,30.70,38.80,49.00,53.00,59.70,76.00,91.30,94.75,98.00,116.00,124.10,-7.91
liver_4,19,2,极小(<5k),82.00,17.00,66.70,68.40,71.80,73.50,75.20,82.00,88.80,90.50,92.20,95.60,97.30,72.37,19.95,40.00,45.60,55.00,58.50,62.00,73.00,84.00,86.50,89.80,94.40,104.50,9.63
liver_4,20,1,极小(<5k),80.00,0.00,80.00,80.00,80.00,80.00,80.00,80.00,80.00,80.00,80.00,80.00,80.00,58.45,33.77,-3.60,17.80,34.00,37.00,42.40,59.00,77.00,82.00,86.00,100.20,109.60,21.55
liver_4,21,2,极小(<5k),35.00,5.00,30.50,31.00,32.00,32.50,33.00,35.00,37.00,37.50,38.00,39.00,39.50,27.50,32.62,-21.25,-11.50,8.00,14.00,20.00,32.50,42.00,46.50,51.00,61.50,66.75,7.50
liver_4,22,1,极小(<5k),51.00,0.00,51.00,51.00,51.00,51.00,51.00,51.00,51.00,51.00,51.00,51.00,51.00,31.48,33.26,-24.80,-14.00,-1.20,6.00,12.40,33.00,49.00,53.00,59.20,76.60,84.80,19.52
liver_4,23,2,极小(<5k),-5.00,19.00,-22.10,-20.20,-16.40,-14.50,-12.60,-5.00,2.60,4.50,6.40,10.20,12.10,25.82,29.14,-19.40,-13.20,-2.00,4.00,7.00,28.00,41.60,45.50,51.00,61.20,70.30,-30.82
liver_4,24,1,极小(<5k),-36.00,0.00,-36.00,-36.00,-36.00,-36.00,-36.00,-36.00,-36.00,-36.00,-36.00,-36.00,-36.00,23.96,31.83,-28.25,-15.90,-3.80,2.50,11.00,27.50,37.10,44.00,47.40,61.70,73.95,-59.96
liver_4,25,1,极小(<5k),-1.00,0.00,-1.00,-1.00,-1.00,-1.00,-1.00,-1.00,-1.00,-1.00,-1.00,-1.00,-1.00,27.78,31.25,-26.20,-20.80,-1.80,4.00,15.40,31.00,47.80,56.00,59.20,64.00,68.20,-28.78
liver_4,26,1,极小(<5k),11.00,0.00,11.00,11.00,11.00,11.00,11.00,11.00,11.00,11.00,11.00,11.00,11.00,37.02,28.34,-7.25,-2.50,15.00,25.00,27.00,37.00,56.00,58.75,60.00,64.50,74.25,-26.02
liver_4,27,1,极小(<5k),28.00,0.00,28.00,28.00,28.00,28.00,28.00,28.00,28.00,28.00,28.00,28.00,28.00,36.76,28.31,-6.80,-1.60,13.00,20.00,25.00,37.00,56.00,58.00,60.00,64.20,78.40,-8.76
liver_4,28,1,极小(<5k),57.00,0.00,57.00,57.00,57.00,57.00,57.00,57.00,57.00,57.00,57.00,57.00,57.00,37.81,32.85,-26.25,0.20,18.80,24.25,26.10,37.00,57.80,60.00,61.60,72.50,86.50,19.19
liver_4,29,1,极小(<5k),35.00,0.00,35.00,35.00,35.00,35.00,35.00,35.00,35.00,35.00,35.00,35.00,35.00,33.16,34.53,-32.95,-11.30,3.80,15.00,24.10,37.00,51.90,57.50,61.20,69.20,88.80,1.84
liver_4,30,1,极小(<5k),87.00,0.00,87.00,87.00,87.00,87.00,87.00,87.00,87.00,87.00,87.00,87.00,87.00,31.46,41.88,-34.00,-27.50,-8.00,0.75,6.50,37.00,55.00,60.25,69.00,93.00,98.75,55.54
liver_4,31,1,极小(<5k),-2.00,0.00,-2.00,-2.00,-2.00,-2.00,-2.00,-2.00,-2.00,-2.00,-2.00,-2.00,-2.00,18.68,32.07,-32.40,-22.70,-9.00,-2.75,2.90,20.00,35.10,40.75,47.40,58.70,66.25,-20.68
liver_4,32,1,极小(<5k),53.00,0.00,53.00,53.00,53.00,53.00,53.00,53.00,53.00,53.00,53.00,53.00,53.00,25.25,25.78,-27.15,-8.10,7.00,12.00,18.70,28.50,36.00,42.00,44.00,55.10,62.00,27.75
liver_4,33,2,极小(<5k),90.50,5.50,85.55,86.10,87.20,87.75,88.30,90.50,92.70,93.25,93.80,94.90,95.45,46.86,28.56,1.95,12.60,23.00,25.00,29.00,45.00,62.00,67.75,72.40,85.70,91.40,43.64
liver_4,34,1,极小(<5k),70.00,0.00,70.00,70.00,70.00,70.00,70.00,70.00,70.00,70.00,70.00,70.00,70.00,61.69,24.93,17.65,34.30,43.00,47.00,49.00,59.50,72.00,76.00,80.00,92.00,104.00,8.31
liver_40,1,468,极小(<5k),98.47,27.30,51.35,65.00,78.00,82.75,88.00,100.00,112.00,115.00,119.00,132.00,139.00,115.72,29.62,63.00,80.00,96.00,101.00,106.00,118.00,128.00,132.00,136.00,149.00,161.00,-17.25
liver_40,2,690,极小(<5k),97.49,25.58,54.00,64.90,77.00,82.00,85.00,99.00,111.00,114.00,119.00,129.00,136.00,123.80,24.24,86.00,97.10,107.00,110.00,113.00,123.00,133.00,136.00,140.00,152.00,165.00,-26.30
liver_40,3,3166,极小(<5k),97.41,27.40,54.00,64.00,75.00,80.00,84.00,97.00,110.50,115.00,119.00,131.00,143.00,112.80,26.78,68.00,80.00,92.00,97.00,101.00,114.00,125.00,129.00,133.00,144.00,156.00,-15.39
liver_40,4,18280,小(5k-50k),82.62,34.34,28.00,40.00,54.00,60.00,65.00,82.00,100.00,105.00,111.00,125.00,138.00,120.39,28.92,73.00,87.00,101.00,106.00,109.00,121.00,132.00,136.00,141.00,155.00,167.00,-37.77
liver_40,5,1156,极小(<5k),99.39,35.68,49.00,63.00,74.00,77.00,82.00,97.00,113.00,119.00,124.00,138.00,159.00,125.57,30.88,76.00,90.00,105.00,109.00,113.00,124.00,137.00,141.00,147.00,162.00,178.00,-26.18
liver_40,6,960,极小(<5k),88.14,37.17,30.00,43.00,59.80,65.00,69.70,87.00,105.00,110.00,116.00,133.00,146.05,117.15,31.62,60.00,77.00,96.00,102.00,106.00,119.00,131.00,135.00,140.00,153.00,168.00,-29.02
liver_40,7,2536,极小(<5k),91.52,32.24,39.00,53.00,66.00,70.00,75.00,91.00,107.00,111.00,116.00,131.50,145.00,115.08,30.39,59.00,75.00,95.00,101.00,105.00,117.00,129.00,132.00,136.00,149.00,163.00,-23.55
liver_40,8,39325,小(5k-50k),84.17,35.92,25.00,38.40,55.00,61.00,66.00,84.00,102.00,107.00,113.00,128.00,142.00,117.73,33.43,66.00,80.00,95.00,99.00,103.00,116.00,130.00,135.00,141.00,160.00,178.00,-33.56
liver_40,9,11909,小(5k-50k),78.75,38.54,14.40,32.00,50.00,56.00,61.00,79.00,97.00,103.00,108.00,125.00,141.00,109.91,34.88,50.00,68.00,87.00,93.00,98.00,111.50,125.00,129.00,134.00,150.00,166.00,-31.16
liver_40,10,990,极小(<5k),96.19,30.18,45.45,58.00,73.00,79.00,83.00,96.00,110.00,114.00,119.20,133.20,145.00,118.02,25.28,78.00,89.00,101.00,104.00,107.00,117.00,128.00,131.00,135.00,149.00,162.40,-21.83
liver_40,11,23047,小(5k-50k),62.76,36.18,5.00,18.00,33.00,38.00,43.00,62.00,81.00,87.00,93.00,108.00,122.00,109.40,30.29,60.00,74.00,88.00,93.00,96.00,108.00,121.00,125.00,130.00,147.00,162.00,-46.64
liver_40,12,566,极小(<5k),96.01,29.64,44.25,57.00,72.00,79.00,84.00,100.00,112.00,115.00,118.00,131.50,140.00,114.42,29.28,61.00,83.00,99.00,103.00,107.00,117.00,127.00,130.00,134.00,144.00,155.00,-18.41
liver_40,13,1924,极小(<5k),102.05,25.81,59.15,73.00,83.00,88.00,91.00,102.00,113.00,117.00,121.00,131.00,143.85,108.88,27.85,64.00,77.00,92.00,96.00,99.50,110.00,121.00,124.00,128.00,140.00,151.00,-6.83
liver_40,14,444,极小(<5k),84.02,27.40,37.15,48.30,62.00,67.00,71.90,85.50,97.00,100.00,103.40,117.00,129.85,107.38,27.24,63.00,75.00,88.00,92.00,96.00,107.00,118.00,122.00,126.00,141.00,153.00,-23.36
liver_40,15,1066,极小(<5k),97.10,31.59,44.00,59.00,75.00,79.00,84.00,96.00,111.00,115.00,120.00,136.00,151.75,123.47,35.44,69.00,83.00,97.00,102.00,105.00,119.00,138.00,145.00,153.00,171.00,185.00,-26.37
liver_40,16,11169,小(5k-50k),72.05,34.87,16.00,29.00,44.00,49.00,54.00,72.00,90.00,95.00,100.00,115.00,127.00,107.52,25.87,64.80,77.00,89.00,93.00,97.00,108.00,118.00,122.00,126.00,139.00,151.00,-35.48
liver_40,17,4417,极小(<5k),67.61,34.74,12.00,26.00,41.00,46.00,51.00,67.00,84.00,89.00,94.00,111.00,126.00,102.75,28.53,55.00,69.00,83.00,87.00,91.00,103.00,115.00,118.00,123.00,137.00,151.00,-35.14
liver_40,18,367,极小(<5k),78.47,28.12,31.30,44.00,59.20,62.00,66.00,77.00,92.00,96.00,101.00,110.00,124.40,104.29,29.09,56.00,68.00,82.00,86.00,91.00,105.00,118.00,122.00,125.00,139.00,154.00,-25.82
liver_42,1,1552,极小(<5k),69.81,32.94,19.00,29.00,42.00,46.00,51.00,69.00,87.00,93.00,98.00,112.00,124.00,103.58,28.94,53.00,66.00,83.00,89.00,92.00,105.00,117.00,121.00,125.00,138.00,149.00,-33.77
liver_42,2,86,极小(<5k),82.92,19.21,48.00,60.00,67.00,70.25,72.00,84.00,92.00,96.25,100.00,106.00,114.75,106.83,23.61,79.00,86.40,96.00,99.00,101.00,108.00,115.00,117.00,120.00,128.00,136.00,-23.91
liver_43,1,7337,小(5k-50k),14.64,37.29,-48.00,-31.00,-12.00,-6.00,-1.00,14.00,31.00,36.00,42.00,61.00,78.00,32.29,37.07,-30.00,-13.00,5.00,12.00,17.00,31.00,47.00,53.00,59.00,78.00,96.00,-17.66
liver_44,1,89029,中等(50k-300k),63.27,31.93,14.00,23.00,35.00,40.00,45.00,63.00,81.00,86.00,91.00,104.00,115.00,97.92,32.61,40.00,57.00,75.00,81.00,86.00,101.00,114.00,118.00,122.00,135.00,146.00,-34.65
liver_44,2,96961,中等(50k-300k),88.14,88.93,10.00,22.00,36.00,42.00,48.00,75.00,99.00,106.00,114.00,140.00,238.00,97.71,64.10,48.00,67.00,85.00,89.00,93.00,104.00,114.00,117.00,121.00,131.00,141.00,-9.57
liver_45,1,4539,极小(<5k),91.90,27.21,44.00,56.00,71.00,75.00,80.00,94.00,107.00,111.00,114.00,125.00,134.00,54.62,29.78,14.00,26.00,35.00,39.00,42.00,53.00,67.00,72.00,77.00,91.00,104.00,37.28
liver_46,1,298,极小(<5k),85.34,31.44,34.00,41.70,56.00,63.00,68.00,85.00,102.00,107.00,112.60,126.30,139.15,123.72,27.29,70.00,87.20,106.40,111.00,116.00,128.00,139.00,142.00,145.00,153.80,160.90,-38.38
liver_46,2,118,极小(<5k),83.52,30.48,46.70,50.00,57.40,61.00,65.00,77.50,92.80,98.75,107.00,130.00,154.15,106.48,58.52,-32.40,8.60,70.60,96.00,108.00,129.00,140.00,143.00,145.00,152.00,159.00,-22.96
liver_46,3,127,极小(<5k),91.41,30.25,47.30,53.00,65.00,68.50,72.00,86.00,106.20,117.00,120.80,136.00,145.20,123.79,36.76,48.00,100.00,114.00,118.00,121.00,131.00,140.00,142.00,145.00,152.50,158.00,-32.38
liver_46,4,89,极小(<5k),104.13,17.55,77.00,80.80,89.60,93.00,94.40,103.00,113.20,116.00,119.00,128.20,133.60,126.05,30.99,79.00,102.00,113.00,117.00,120.00,129.00,139.00,142.00,145.00,154.00,162.00,-21.92
liver_46,5,241,极小(<5k),94.78,27.54,53.00,62.00,69.00,73.00,76.00,92.00,109.00,114.00,121.00,134.00,142.00,135.47,22.74,101.00,111.00,119.00,122.00,124.00,134.00,144.00,148.00,152.00,162.00,173.30,-40.69
liver_46,6,443,极小(<5k),73.74,33.34,20.00,28.00,43.00,50.50,55.00,71.00,93.00,101.50,108.00,119.00,127.00,126.25,26.73,71.05,105.00,115.00,119.00,122.00,130.00,138.00,140.00,142.00,151.00,157.00,-52.51
liver_46,7,54,极小(<5k),122.65,19.91,92.65,98.00,103.20,105.00,110.50,123.00,134.20,137.75,140.80,147.70,153.70,132.54,26.92,75.00,94.00,117.00,122.00,125.00,137.00,147.00,150.00,152.20,160.00,167.05,-9.89
liver_46,8,56,极小(<5k),94.82,29.35,53.75,58.50,68.00,74.75,78.00,96.00,107.50,112.75,119.00,133.00,143.50,128.95,42.37,38.45,76.00,116.00,121.00,124.00,135.00,146.00,149.00,153.00,168.10,184.55,-34.13
liver_46,9,672,极小(<5k),69.90,37.85,15.00,25.10,38.00,43.00,49.00,65.00,89.00,97.25,107.00,122.90,135.00,131.80,38.41,53.75,102.00,119.00,123.00,126.00,137.00,147.00,150.00,154.00,165.50,179.00,-61.91
liver_46,10,124,极小(<5k),87.63,23.06,49.30,58.30,68.00,71.00,75.90,88.00,98.00,101.00,103.40,115.10,129.70,136.37,28.37,102.00,108.00,117.00,120.00,123.00,132.00,141.00,145.00,149.00,163.00,207.60,-48.74
liver_46,11,118,极小(<5k),107.06,25.01,63.40,74.10,88.40,95.25,97.00,109.00,117.00,122.25,125.00,140.00,147.35,138.90,15.56,115.00,120.00,127.00,130.00,131.20,138.00,146.00,148.00,150.20,157.00,165.00,-31.84
liver_46,12,627,极小(<5k),68.62,28.10,31.30,37.00,43.00,45.00,49.00,64.00,83.20,88.00,94.00,110.00,122.00,140.97,31.53,92.00,114.00,125.00,129.00,131.00,141.00,151.00,153.00,157.00,173.00,197.00,-72.35
liver_46,13,168,极小(<5k),108.76,24.95,64.00,77.00,87.00,93.75,96.00,110.00,121.00,125.00,132.60,144.00,148.65,139.06,17.90,111.00,118.00,126.00,128.00,131.00,139.00,147.00,149.00,152.00,161.00,170.00,-30.30
liver_46,14,1186,极小(<5k),73.24,37.24,18.00,26.00,37.00,42.00,47.00,72.00,99.00,105.00,110.00,123.00,131.00,143.01,33.28,106.00,113.00,121.00,124.00,126.00,136.00,148.00,153.00,159.00,188.00,219.00,-69.78
liver_46,15,10894,小(5k-50k),61.34,39.09,12.00,19.00,28.00,32.00,35.00,51.00,78.00,88.00,98.00,121.00,136.00,144.84,36.49,98.00,112.00,123.00,127.00,130.00,141.00,153.00,158.00,163.00,191.00,221.00,-83.51
liver_46,16,982,极小(<5k),76.66,34.43,28.00,33.00,44.00,47.00,52.00,73.00,99.00,103.00,109.00,123.00,133.00,142.23,25.66,112.00,117.00,124.00,127.00,129.00,137.00,147.00,150.00,155.00,173.00,199.00,-65.57
liver_46,17,2620,极小(<5k),83.14,36.63,26.00,34.00,45.00,51.00,57.00,87.00,108.00,113.00,117.00,128.00,138.00,139.08,25.23,104.00,114.00,123.00,126.00,129.00,139.00,148.00,151.00,155.00,165.00,177.00,-55.95
liver_46,18,248,极小(<5k),105.44,35.90,40.35,53.40,74.40,82.00,88.00,110.50,128.00,132.00,137.00,149.00,156.00,143.77,25.44,111.00,117.00,125.00,128.00,130.00,140.00,150.00,154.00,159.00,174.00,194.00,-38.33
liver_46,19,170,极小(<5k),105.72,25.85,59.45,68.60,82.00,87.00,92.00,107.00,123.00,126.75,130.20,139.00,145.00,140.11,22.74,108.00,117.00,126.00,129.00,131.00,141.00,151.00,153.00,156.00,164.00,172.00,-34.39
liver_46,20,294,极小(<5k),71.60,35.49,18.65,31.00,40.60,45.00,50.00,71.00,95.00,100.00,105.40,117.70,124.00,156.20,53.80,107.00,116.00,124.00,127.00,130.00,141.00,168.00,198.00,216.80,237.00,244.00,-84.60
liver_46,21,75,极小(<5k),80.81,27.47,40.40,49.00,54.80,56.00,60.20,82.00,96.80,101.50,109.20,120.00,126.90,130.65,24.77,92.00,108.00,118.00,121.00,124.00,133.00,142.00,145.00,148.00,155.00,161.15,-49.84
liver_46,22,512,极小(<5k),88.27,36.51,32.55,41.00,54.00,58.00,64.00,89.50,109.00,115.00,119.80,133.00,147.00,143.37,19.98,115.00,121.00,128.00,131.00,133.00,142.00,150.00,153.00,157.00,167.00,179.00,-55.10
liver_46,23,4097,极小(<5k),57.72,39.72,12.00,19.00,27.00,30.00,33.00,48.00,77.00,86.00,95.00,115.00,128.00,147.06,37.19,110.00,118.40,126.00,129.00,132.00,141.00,151.00,156.00,164.00,205.00,224.00,-89.33
liver_46,24,209,极小(<5k),89.69,31.86,38.00,46.80,60.00,66.00,69.20,88.00,112.00,117.00,122.00,133.20,138.60,131.07,27.12,84.40,107.00,119.00,122.00,125.00,134.00,143.00,146.00,149.00,157.00,164.00,-41.38
liver_46,25,2904,极小(<5k),62.54,37.12,17.00,22.00,29.00,33.00,36.00,55.00,80.00,89.00,98.00,121.00,132.00,134.56,27.66,90.00,113.20,124.00,127.00,130.00,138.00,145.00,148.00,150.00,158.00,167.00,-72.02
liver_46,26,214,极小(<5k),87.02,33.82,14.00,43.30,64.00,69.25,76.00,93.00,105.10,110.00,116.00,125.70,130.35,133.68,35.19,59.00,104.00,124.00,128.00,131.60,141.00,151.00,153.00,155.00,162.00,167.00,-46.65
liver_46,27,142,极小(<5k),76.18,32.15,21.10,36.30,50.20,53.25,58.00,75.50,96.70,102.75,105.00,118.90,126.95,131.48,25.69,102.00,111.00,120.00,122.00,125.00,134.00,142.00,144.00,147.00,154.00,162.80,-55.31
liver_46,28,38,极小(<5k),89.47,30.62,52.10,54.70,64.00,66.25,74.20,85.00,101.50,107.25,110.60,120.30,148.75,131.36,43.21,38.40,110.00,122.00,124.00,126.40,134.00,143.00,146.00,150.00,172.00,190.60,-41.88
liver_46,29,1045,极小(<5k),79.92,31.07,35.20,42.40,51.80,56.00,61.00,77.00,96.00,101.00,107.00,122.60,136.00,132.00,25.46,81.00,97.00,116.00,121.00,125.00,136.00,145.00,148.00,151.00,158.00,165.00,-52.08
liver_46,30,202,极小(<5k),86.95,32.69,34.00,41.00,50.00,59.25,69.30,91.50,110.70,113.00,116.80,124.00,132.95,140.32,16.81,114.30,120.00,127.00,129.00,132.00,140.00,147.00,150.00,153.00,161.00,168.00,-53.37
liver_46,31,67,极小(<5k),104.27,23.16,68.30,73.00,84.00,86.00,89.60,105.00,118.60,122.50,127.60,136.00,137.70,137.81,34.40,60.35,100.00,126.80,131.25,135.00,144.00,153.00,156.00,159.00,167.00,176.00,-33.54
liver_46,32,4572,极小(<5k),69.85,39.50,18.00,25.00,34.00,38.00,42.00,62.00,91.00,100.00,108.00,128.00,141.00,140.82,42.35,57.00,99.00,123.00,128.00,132.00,144.00,155.00,159.00,163.00,181.00,210.00,-70.97
liver_46,33,1047,极小(<5k),85.07,37.26,32.00,39.00,50.00,55.00,60.00,81.00,107.00,112.00,118.00,137.00,149.00,138.85,27.91,107.00,118.00,127.00,130.00,132.00,141.00,150.00,153.00,156.00,164.00,171.00,-53.78
liver_46,34,567,极小(<5k),93.09,35.89,35.00,46.00,59.40,66.00,72.00,94.00,115.00,121.00,128.00,140.40,148.00,158.95,37.41,116.00,121.00,130.00,133.00,136.00,147.00,168.00,178.00,192.20,222.00,236.00,-65.86
liver_46,35,758,极小(<5k),72.84,41.89,10.00,24.00,38.40,44.00,48.00,70.00,98.00,107.00,115.60,131.00,138.00,132.59,36.34,60.90,105.00,123.00,127.00,130.00,140.00,149.00,151.00,154.00,161.00,167.00,-59.75
liver_46,36,941,极小(<5k),59.69,37.08,12.00,19.00,26.00,29.00,32.00,50.00,82.00,89.00,96.00,117.00,127.00,131.82,32.04,98.00,114.00,122.00,125.00,127.00,135.00,143.00,145.00,148.00,156.00,165.00,-72.13
liver_46,37,55,极小(<5k),106.71,20.97,77.80,81.80,89.80,92.50,96.40,107.00,114.80,117.00,121.20,134.20,139.30,146.19,21.27,117.70,123.00,130.00,133.00,135.00,143.00,152.00,154.00,158.20,174.00,187.00,-39.48
liver_46,38,514,极小(<5k),97.60,30.51,46.00,55.00,68.00,74.25,82.00,100.00,115.00,120.00,125.00,135.00,147.00,142.19,16.95,117.00,122.00,128.00,131.00,133.00,141.00,150.00,152.00,155.00,164.00,172.00,-44.59
liver_46,39,72,极小(<5k),113.85,26.36,72.65,77.10,90.80,97.00,99.00,115.50,126.80,131.50,138.40,151.00,156.80,149.82,28.92,117.00,126.00,132.00,135.00,137.00,146.00,156.00,159.00,163.00,182.00,216.00,-35.97
liver_46,40,80,极小(<5k),100.97,23.11,61.85,68.90,83.60,86.00,88.70,102.00,115.30,119.00,120.00,127.50,140.05,136.86,16.44,115.00,121.00,126.00,128.00,130.00,137.00,144.00,146.00,148.00,154.00,161.00,-35.88
liver_46,41,26,极小(<5k),98.19,19.69,70.50,72.50,80.00,83.00,85.50,94.50,113.00,115.25,117.00,126.50,128.00,153.82,29.83,117.00,124.00,133.00,135.00,138.00,147.00,159.00,162.00,169.00,196.00,222.00,-55.62
liver_46,42,67,极小(<5k),106.76,20.47,78.60,82.80,90.20,92.50,93.80,104.00,113.20,115.50,120.00,139.00,144.00,143.00,20.66,115.00,121.00,128.00,131.00,133.00,141.00,149.00,151.00,154.00,163.90,182.45,-36.24
liver_46,43,356,极小(<5k),98.51,37.25,37.00,42.50,62.00,72.75,80.00,100.00,122.50,128.00,134.00,145.00,153.00,148.26,22.22,118.00,127.00,134.00,137.00,139.00,148.00,156.00,159.00,162.00,173.00,184.00,-49.75
liver_46,44,891,极小(<5k),92.21,39.02,29.00,37.00,50.00,58.00,66.00,99.00,120.00,124.00,129.00,139.00,148.00,144.29,17.73,119.00,124.00,130.00,132.00,135.00,142.00,152.00,154.00,157.00,166.00,175.00,-52.09
liver_46,45,434,极小(<5k),93.77,34.48,37.00,46.00,61.00,68.25,74.00,94.00,117.00,122.00,126.40,138.70,146.00,150.97,18.22,124.30,131.00,138.00,140.00,143.00,151.00,159.00,161.00,164.00,172.00,178.00,-57.20
liver_46,46,97,极小(<5k),104.13,21.81,67.40,70.80,83.00,89.00,94.00,106.00,118.00,120.00,124.80,130.60,135.60,132.93,33.25,105.80,119.00,126.00,129.00,131.00,137.00,144.00,146.00,149.00,155.00,161.00,-28.80
liver_46,47,484,极小(<5k),98.62,35.05,37.30,51.00,65.00,73.75,79.00,100.00,120.00,124.00,130.00,144.00,150.85,146.34,27.38,97.00,121.30,134.00,138.00,141.00,150.00,158.00,161.00,163.00,173.00,180.00,-47.72
liver_46,48,1260,极小(<5k),76.10,34.51,29.00,36.00,46.00,51.00,55.00,74.00,95.00,100.00,107.00,123.10,135.00,146.05,31.11,113.00,126.00,136.00,139.00,141.00,149.00,157.00,160.00,162.00,171.00,178.00,-69.95
liver_46,49,108,极小(<5k),105.68,19.17,71.35,78.70,88.20,92.75,97.10,109.00,115.00,117.25,120.00,126.00,137.20,145.63,30.31,102.40,126.00,136.00,139.00,142.00,150.00,158.00,160.00,163.00,169.00,176.00,-39.95
liver_46,50,53,极小(<5k),120.57,22.89,89.80,93.20,98.40,101.00,105.80,116.00,131.80,138.00,141.60,154.00,160.60,144.43,17.50,116.00,124.10,131.20,134.00,137.00,146.00,154.00,156.00,158.80,164.00,170.00,-23.86
liver_48,1,692,极小(<5k),77.85,24.90,41.00,54.00,62.00,66.00,69.00,79.00,91.00,94.00,97.80,105.90,111.45,73.84,49.54,-43.00,-7.00,49.00,63.00,73.00,91.00,102.00,105.00,108.00,116.00,121.00,4.01
liver_48,2,269,极小(<5k),86.77,13.83,65.00,69.00,75.00,77.00,79.00,87.00,94.00,97.00,100.00,105.00,108.00,90.47,21.90,67.00,72.00,79.00,81.00,84.00,91.00,99.00,102.00,104.00,111.00,117.00,-3.70
liver_48,3,34339,小(5k-50k),75.98,22.76,38.00,46.00,57.00,61.00,64.00,76.00,87.00,91.00,95.00,105.00,114.00,100.25,21.22,66.00,77.00,87.00,90.00,93.00,102.00,111.00,113.00,116.00,123.00,130.00,-24.27
liver_48,4,178,极小(<5k),80.72,11.96,60.00,66.00,70.40,73.00,74.00,81.50,87.90,89.75,91.00,96.00,99.15,83.16,20.36,52.50,66.00,75.00,77.00,80.00,86.00,92.00,94.00,96.00,101.00,106.00,-2.43
liver_49,1,51,极小(<5k),101.96,25.75,64.00,69.00,77.00,80.50,86.00,103.00,115.00,118.00,128.00,134.00,143.00,117.30,26.47,85.00,95.00,105.00,108.00,111.00,120.00,129.00,131.00,134.00,141.90,146.00,-15.34
liver_49,2,103,极小(<5k),102.86,19.09,69.10,79.20,89.00,90.50,92.00,101.00,115.00,116.50,120.60,128.00,132.90,114.77,16.37,88.00,94.00,101.00,104.00,107.00,114.50,123.00,125.00,128.00,135.00,141.00,-11.91
liver_49,3,119,极小(<5k),121.49,31.86,82.00,89.60,94.00,98.00,104.00,113.00,130.00,134.00,141.00,172.80,190.00,125.74,23.53,94.00,101.00,107.00,110.00,113.00,123.00,133.00,137.00,141.00,154.50,174.75,-4.25
liver_49,4,79,极小(<5k),88.65,27.95,41.00,48.40,61.00,66.00,71.40,94.00,107.60,109.50,114.00,124.00,127.30,110.56,20.93,75.20,84.00,94.00,97.00,100.00,110.00,121.00,124.00,127.00,136.00,145.00,-21.91
liver_49,5,151,极小(<5k),87.06,33.20,33.50,49.00,59.00,67.00,73.00,92.00,110.00,113.50,118.00,122.00,124.00,100.90,70.95,38.00,75.00,93.00,97.00,100.00,112.00,123.00,126.00,129.00,138.00,145.00,-13.84
liver_49,6,145,极小(<5k),105.36,20.46,69.00,76.00,88.00,90.00,96.40,106.00,116.60,119.00,122.20,129.00,140.00,127.13,31.10,79.70,95.00,106.00,109.00,112.00,124.00,137.00,141.50,150.00,172.00,186.00,-21.77
liver_49,7,75,极小(<5k),113.57,18.15,82.40,90.00,95.80,101.00,104.00,118.00,124.00,126.00,128.00,134.80,138.30,123.00,13.35,101.00,106.00,112.00,114.00,116.00,123.00,130.00,131.25,134.00,140.00,144.00,-9.43
liver_49,8,84,极小(<5k),97.49,30.56,47.15,50.60,64.80,71.00,79.90,103.00,119.10,121.50,124.40,132.00,136.55,131.13,28.69,96.00,103.00,110.00,113.00,115.00,124.00,137.00,142.00,150.00,176.70,190.35,-33.64
liver_49,9,75,极小(<5k),91.00,24.67,54.10,58.40,66.80,70.50,74.00,91.00,109.00,110.00,116.20,123.60,129.30,111.88,17.57,83.00,90.80,99.00,102.00,104.00,113.00,121.00,124.00,126.00,133.00,138.00,-20.88
liver_49,10,2223,极小(<5k),74.22,28.84,28.10,38.00,51.00,55.00,59.00,74.00,88.00,93.00,97.00,109.00,120.00,108.87,20.48,76.00,84.00,93.00,96.00,99.00,109.00,118.00,121.00,124.00,134.00,142.00,-34.65
liver_49,11,73,极小(<5k),109.42,14.48,87.20,91.00,98.40,105.00,105.00,110.00,114.40,116.00,119.60,127.60,135.20,117.86,11.92,99.00,103.00,108.00,110.00,111.50,118.00,124.00,125.00,127.00,133.00,138.00,-8.44
liver_49,12,69,极小(<5k),93.59,21.41,59.40,62.00,75.00,78.00,81.00,92.00,107.00,108.00,109.40,122.20,128.60,114.38,22.47,83.00,89.00,97.00,100.00,103.00,112.00,122.00,125.00,129.00,142.00,153.00,-20.79
liver_49,13,58,极小(<5k),119.28,21.57,84.40,90.00,104.40,108.00,108.10,116.00,129.90,133.00,137.40,148.20,153.30,119.43,16.85,96.00,101.00,106.00,108.00,110.00,118.00,125.00,127.00,130.00,139.00,150.00,-0.15
liver_49,14,168,极小(<5k),110.04,18.78,78.00,88.10,94.00,98.00,101.00,110.50,119.00,121.00,123.60,137.00,140.00,120.01,14.70,99.00,104.00,109.00,111.00,113.00,119.00,126.00,127.00,130.00,136.00,143.00,-9.98
liver_49,15,122,极小(<5k),102.16,20.18,67.10,77.00,83.40,88.00,90.00,104.50,115.00,118.00,119.00,128.00,133.00,109.66,17.75,79.00,87.00,96.00,99.00,102.00,110.00,119.00,121.00,124.00,131.00,138.00,-7.50
liver_49,16,33,极小(<5k),97.73,25.89,45.00,68.60,78.20,82.00,83.20,103.00,114.00,115.00,119.20,129.80,132.40,111.35,18.41,80.00,89.00,97.00,100.00,103.00,111.00,120.00,122.50,126.00,134.00,143.00,-13.62
liver_49,17,110,极小(<5k),107.14,17.99,66.90,81.90,95.80,97.50,100.70,110.00,118.30,119.00,121.20,127.10,132.00,120.04,12.48,100.00,104.00,110.00,112.00,113.00,120.00,126.00,128.00,130.00,136.00,140.00,-12.90
liver_49,18,79,极小(<5k),103.81,27.94,68.90,72.80,83.00,84.50,87.00,94.00,111.60,116.50,127.80,145.60,157.30,121.89,24.85,88.00,95.00,102.00,105.00,108.00,118.00,129.30,133.00,138.00,160.00,174.00,-18.08
liver_49,19,112,极小(<5k),98.92,19.90,66.55,74.20,85.00,86.75,89.00,99.50,109.70,112.25,114.00,119.90,129.90,109.77,15.08,86.00,91.00,97.00,100.00,102.00,110.00,117.00,119.00,121.00,128.00,135.00,-10.85
liver_49,20,63,极小(<5k),80.98,29.57,23.60,35.00,59.20,64.00,72.60,86.00,97.60,102.50,107.60,115.40,118.90,85.82,45.94,0.55,16.00,35.20,54.75,74.30,104.00,116.00,119.00,121.00,129.00,134.00,-4.84
liver_49,21,3979,极小(<5k),74.22,21.58,43.00,48.00,55.00,58.00,61.00,72.00,84.00,88.00,92.00,104.00,114.00,107.85,24.43,75.00,84.00,93.00,97.00,99.00,108.00,117.00,119.00,122.00,129.00,135.00,-33.63
liver_49,22,44,极小(<5k),107.39,20.97,75.90,82.30,86.40,90.50,91.90,109.50,117.10,120.00,122.80,128.50,137.40,121.30,17.17,98.00,103.00,108.00,110.00,112.00,119.00,127.00,130.00,133.00,142.00,154.00,-13.92
liver_5,1,540,极小(<5k),50.56,20.34,17.00,23.00,34.80,37.00,41.70,50.00,61.00,65.00,69.00,76.10,86.00,77.66,20.81,44.00,52.00,61.00,64.00,66.00,78.00,88.00,91.00,95.00,105.00,112.00,-27.10
liver_50,1,3014,极小(<5k),96.21,28.51,52.00,61.00,72.00,77.00,81.00,95.00,111.00,116.00,120.00,132.00,143.00,126.35,33.84,78.00,93.00,106.00,110.00,114.00,127.00,139.00,143.00,148.00,165.00,182.00,-30.14
liver_51,1,1,极小(<5k),68.00,0.00,68.00,68.00,68.00,68.00,68.00,68.00,68.00,68.00,68.00,68.00,68.00,57.26,18.34,25.40,38.80,46.00,48.00,51.00,57.00,67.00,69.50,71.00,77.40,84.30,10.74
liver_51,2,37888,小(5k-50k),52.43,18.05,24.00,31.00,38.00,40.00,43.00,52.00,61.00,64.00,67.00,76.00,83.00,74.27,32.28,17.00,39.00,57.00,62.00,67.00,80.00,91.00,94.00,97.00,105.00,111.00,-21.84
liver_51,3,6986,小(5k-50k),58.53,18.07,29.00,35.00,43.00,46.00,49.00,58.00,68.00,71.00,74.00,82.00,88.00,73.93,21.21,38.00,50.00,60.00,63.00,66.00,76.00,85.00,88.00,90.00,97.00,102.00,-15.40
liver_51,4,895,极小(<5k),76.25,15.58,51.00,55.40,63.00,66.00,68.00,77.00,85.00,87.00,90.00,96.00,101.00,85.31,16.90,58.00,66.00,73.00,76.00,78.00,86.00,94.00,96.00,98.00,105.00,112.00,-9.06
liver_51,5,4777,极小(<5k),78.12,20.44,47.00,54.00,62.00,65.00,68.00,77.00,87.00,90.00,94.00,103.00,111.00,76.51,30.71,20.00,42.00,59.00,64.00,69.00,81.00,92.00,95.00,98.00,107.00,116.00,1.60
liver_51,6,2384,极小(<5k),59.12,17.74,32.00,38.00,44.00,47.00,49.00,57.00,67.00,70.00,74.00,83.00,91.00,81.81,18.78,56.00,62.00,70.00,73.00,75.00,83.00,90.00,92.00,95.00,101.00,107.00,-22.69
liver_51,7,64760,中等(50k-300k),60.53,18.15,32.00,38.00,45.00,48.00,51.00,60.00,69.00,72.00,75.00,84.10,92.00,87.25,19.31,54.00,63.00,73.00,77.00,79.00,89.00,97.00,99.00,102.00,109.00,116.00,-26.71
liver_51,8,279,极小(<5k),77.62,18.02,49.90,57.00,63.00,65.00,68.00,76.00,87.00,90.00,93.00,103.00,108.00,90.10,23.35,53.00,67.60,77.00,81.00,84.00,93.00,101.00,104.00,107.00,114.00,120.00,-12.48
liver_51,9,5902,小(5k-50k),71.76,22.39,39.00,47.00,56.00,59.00,62.00,72.00,82.00,85.00,88.00,97.00,105.00,83.40,36.45,8.30,55.00,73.00,77.00,80.00,90.00,99.00,101.00,104.00,112.00,118.00,-11.63
liver_51,10,861,极小(<5k),80.04,17.69,51.00,56.00,64.00,68.00,71.00,80.00,90.00,93.00,96.00,103.00,108.00,87.33,31.42,52.40,71.00,80.00,82.00,85.00,93.00,100.00,102.00,105.00,110.00,115.00,-7.29
liver_51,11,162,极小(<5k),73.06,47.80,-67.25,23.30,67.20,71.00,75.00,86.00,96.00,99.00,101.00,107.00,112.95,83.16,38.60,2.00,64.00,78.00,81.00,84.00,91.00,99.00,101.00,104.00,109.00,114.00,-10.11
liver_52,1,16188,小(5k-50k),107.76,23.99,69.00,78.00,88.00,92.00,95.00,108.00,120.90,124.00,128.00,139.00,147.00,132.20,21.43,97.00,106.00,115.00,119.00,122.00,133.00,143.00,146.00,149.00,158.00,165.00,-24.44
liver_52,2,2108,极小(<5k),106.99,22.73,70.35,79.00,89.00,92.00,94.00,105.00,118.00,122.00,126.00,138.00,148.00,133.54,39.52,84.00,104.00,122.00,127.00,130.00,139.00,148.00,150.00,153.00,159.00,165.00,-26.55
liver_53,1,451,极小(<5k),88.99,16.39,59.00,66.00,76.00,80.00,83.00,90.00,99.00,100.00,103.00,108.00,114.00,100.25,12.38,81.00,85.00,91.00,93.00,95.00,100.00,106.00,108.00,110.00,116.00,121.00,-11.26
liver_53,2,1810,极小(<5k),82.68,14.48,58.00,64.00,71.00,74.00,76.00,83.00,90.00,93.00,95.00,101.00,106.00,96.69,13.13,75.00,81.00,87.00,89.00,91.00,97.00,103.00,105.00,107.00,112.00,117.00,-14.01
liver_54,1,513,极小(<5k),72.81,16.68,49.60,54.00,60.00,62.00,64.00,71.00,79.00,82.00,84.00,92.00,103.00,83.15,18.02,59.00,64.00,70.00,72.00,74.00,81.00,89.00,91.00,94.00,105.00,119.00,-10.34
liver_55,1,2797,极小(<5k),31.81,33.65,-17.00,-8.00,5.00,9.00,13.00,28.00,45.00,52.00,59.00,78.00,96.00,113.29,28.46,64.00,75.00,92.00,97.00,101.00,116.00,129.00,132.00,136.00,146.00,155.00,-81.48
liver_56,1,239078,中等(50k-300k),40.75,25.87,2.00,10.00,20.00,24.00,27.00,39.00,52.00,56.00,60.00,74.00,87.00,97.09,38.45,28.00,47.00,67.00,75.00,81.00,103.00,120.00,124.00,129.00,140.00,149.00,-56.33
liver_56,2,29219,小(5k-50k),55.85,25.57,17.00,25.00,35.00,39.00,42.00,55.00,68.00,72.00,76.00,89.00,100.00,106.27,40.12,20.00,50.00,83.00,93.00,99.00,116.00,129.00,132.00,136.00,146.00,153.00,-50.42
liver_57,1,951,极小(<5k),76.38,26.73,33.50,42.00,55.00,58.50,62.00,76.00,89.00,93.00,97.00,112.00,120.00,94.28,25.09,52.00,62.00,74.00,78.00,82.00,94.00,107.00,111.00,115.00,126.40,136.00,-17.90
liver_57,2,5653,小(5k-50k),58.24,30.40,8.00,19.00,32.40,38.00,42.00,58.00,75.00,79.00,84.00,97.00,108.00,90.83,27.97,44.00,55.00,67.00,72.00,76.00,91.00,105.00,110.00,115.00,126.00,136.00,-32.58
liver_58,1,388,极小(<5k),36.06,29.33,-10.00,3.00,11.00,15.75,20.00,34.00,48.00,54.25,60.00,77.00,87.65,92.22,32.12,36.35,52.00,67.00,73.00,78.00,96.00,110.00,114.00,118.00,130.00,139.00,-56.16
liver_58,2,538,极小(<5k),65.98,25.80,16.00,32.00,46.00,51.25,55.10,70.00,80.00,83.00,86.00,94.30,102.00,99.65,26.47,60.05,73.00,85.00,89.00,92.00,103.00,112.00,116.00,119.00,126.00,132.95,-33.67
liver_58,3,207,极小(<5k),65.32,17.22,35.00,42.00,50.00,52.50,55.80,66.00,74.00,79.00,81.00,86.00,91.00,100.57,19.75,70.00,76.00,85.00,88.00,90.00,100.00,110.00,112.00,115.00,124.00,133.00,-35.24
liver_58,4,121,极小(<5k),74.47,14.13,50.00,57.00,61.00,65.00,67.00,75.00,83.00,84.00,87.00,91.00,96.00,108.46,18.48,81.00,87.00,94.00,96.00,98.00,107.00,116.00,119.00,122.00,133.00,142.00,-33.99
liver_58,5,189,极小(<5k),45.31,39.42,-26.40,11.80,21.60,25.00,32.00,44.00,65.60,77.00,83.00,93.00,96.00,96.21,19.77,56.00,65.00,81.00,86.00,90.00,101.00,108.00,110.00,112.00,118.00,122.00,-50.90
liver_59,1,697,极小(<5k),58.87,46.65,-39.40,-5.40,30.20,40.00,46.00,67.00,85.00,89.00,94.00,109.00,118.20,118.83,25.17,79.00,87.00,97.80,103.00,106.00,118.00,131.00,134.00,138.00,151.00,162.00,-59.96
liver_6,1,1225,极小(<5k),48.70,24.16,9.00,18.00,28.00,32.00,36.00,49.00,60.80,64.00,69.00,79.00,90.00,77.23,28.00,30.95,41.00,54.00,59.00,63.70,78.00,92.00,97.00,101.20,113.00,122.00,-28.53
liver_6,2,751,极小(<5k),39.76,22.14,1.50,12.00,22.00,25.00,29.00,41.00,52.00,56.00,59.00,68.00,74.00,64.08,27.76,17.00,27.00,41.00,47.00,50.00,65.00,79.00,83.00,87.00,100.00,110.45,-24.32
liver_6,3,1153,极小(<5k),41.00,24.52,2.00,10.00,19.00,23.00,27.00,40.00,55.00,58.00,62.00,72.00,82.00,71.34,29.49,20.00,32.00,45.40,51.00,56.00,74.00,88.00,92.00,96.00,108.00,118.00,-30.34
liver_6,4,2814,极小(<5k),47.17,30.60,-4.00,8.00,21.00,26.00,31.00,47.00,63.00,69.00,74.00,87.00,98.00,84.27,29.19,36.00,47.00,59.00,64.00,69.00,84.00,100.00,104.00,109.00,121.00,131.00,-37.10
liver_6,5,17140,小(5k-50k),40.81,27.37,-3.00,6.00,18.00,22.00,26.00,41.00,55.00,59.00,64.00,76.00,87.00,82.87,29.87,33.00,45.00,58.00,63.00,68.00,83.00,99.00,103.00,108.00,120.00,131.00,-42.06
liver_6,6,8241,小(5k-50k),46.19,29.31,-2.00,9.00,22.00,27.00,31.00,46.00,61.00,66.00,71.00,84.00,94.00,84.16,29.58,35.00,46.00,60.00,64.00,69.00,84.00,100.00,104.00,109.00,122.00,132.00,-37.97
liver_6,7,143,极小(<5k),56.00,24.86,14.40,23.40,34.40,38.00,42.60,58.00,70.40,73.00,76.60,87.40,92.00,74.10,24.30,29.45,41.90,55.00,59.00,63.00,76.00,87.00,91.00,94.00,104.00,113.00,-18.10
liver_60,1,11368,小(5k-50k),61.63,30.68,14.00,23.00,35.00,40.00,44.00,60.00,77.00,82.00,87.60,102.00,115.00,95.70,26.73,51.00,61.00,73.00,78.00,82.00,97.00,110.00,114.00,118.00,130.00,139.00,-34.06
liver_61,1,2509,极小(<5k),69.04,18.74,38.00,45.00,53.00,56.00,59.00,69.00,79.00,82.00,85.00,93.00,100.00,91.51,14.36,68.00,74.00,80.00,82.00,84.00,91.00,98.70,101.00,103.00,110.00,116.00,-22.47
liver_61,2,407,极小(<5k),78.40,13.69,57.00,61.00,66.00,68.00,70.00,79.00,86.00,88.50,91.00,96.40,100.00,89.12,12.31,70.00,74.00,78.00,80.00,82.00,88.00,96.00,98.00,100.00,105.00,110.00,-10.72
liver_62,1,3005,极小(<5k),80.91,27.41,35.00,43.00,56.00,60.00,65.00,83.00,98.00,101.00,105.00,115.00,122.00,117.62,21.98,85.00,94.00,103.00,106.00,109.00,119.00,128.00,131.00,134.00,142.00,150.00,-36.71
liver_62,2,191,极小(<5k),69.63,30.13,16.50,28.00,43.00,47.50,51.00,73.00,89.00,93.00,95.00,108.00,111.50,119.59,14.87,94.75,100.00,107.00,110.00,112.00,120.00,128.00,130.00,132.00,139.00,144.00,-49.96
liver_63,1,436,极小(<5k),56.73,28.74,3.00,15.50,32.00,38.75,44.50,61.00,74.00,77.00,80.00,91.00,98.00,85.55,45.22,-38.00,46.00,79.00,84.00,88.00,99.00,107.00,109.00,111.00,118.00,122.00,-28.82
liver_63,2,18,极小(<5k),78.72,12.65,64.85,65.70,67.00,67.50,69.30,76.50,82.50,83.00,87.80,96.40,103.05,105.46,12.07,85.00,89.00,95.80,98.00,99.00,107.00,112.00,114.00,116.00,120.00,124.00,-26.74
liver_63,3,18,极小(<5k),64.39,15.87,46.00,49.70,50.00,51.00,54.20,63.00,74.00,75.50,76.60,82.60,91.15,101.81,16.31,75.00,81.00,89.00,91.00,93.00,101.00,110.00,113.00,116.00,123.00,130.00,-37.42
liver_63,4,62,极小(<5k),83.73,11.29,62.10,66.40,74.20,78.25,80.30,86.00,90.00,90.75,93.00,96.90,98.00,105.47,14.27,82.00,87.00,94.00,96.00,98.00,105.00,113.00,115.00,117.20,124.00,129.00,-21.75
liver_63,5,154,极小(<5k),91.05,14.83,65.65,72.00,79.00,81.25,84.00,91.00,99.00,101.00,102.00,111.70,116.00,107.46,15.33,83.00,88.00,95.00,98.00,100.00,107.00,115.00,117.00,120.00,127.00,134.00,-16.40
liver_64,1,179093,中等(50k-300k),36.03,29.98,-8.00,2.00,13.00,17.00,21.00,34.00,49.00,53.00,58.00,73.00,86.00,107.60,26.10,63.00,74.00,87.00,91.00,95.00,109.00,121.00,125.00,129.00,140.00,149.00,-71.57
liver_65,1,1670,极小(<5k),94.37,23.60,57.00,64.00,75.00,79.00,82.00,95.00,107.00,110.00,114.00,122.00,133.00,113.70,20.07,81.00,90.00,99.00,102.00,105.00,114.00,122.00,125.00,128.00,138.00,148.00,-19.33
liver_66,1,227,极小(<5k),59.07,27.64,15.30,24.00,36.20,40.00,43.00,55.00,77.00,81.00,85.00,96.40,105.00,91.77,16.49,65.00,71.00,78.00,81.00,83.00,92.00,100.00,103.00,105.00,113.00,119.00,-32.70
liver_66,2,745,极小(<5k),49.61,21.82,14.00,23.00,33.00,36.00,40.00,50.00,60.00,64.00,68.20,79.00,86.00,79.28,17.19,50.00,58.00,65.00,68.00,71.00,80.00,88.90,91.00,94.00,101.00,107.00,-29.67
liver_66,3,32,极小(<5k),60.69,15.73,38.65,40.00,43.20,47.00,49.90,62.00,72.00,73.50,75.00,80.90,81.90,86.54,15.83,60.75,66.00,74.00,77.00,80.00,87.00,95.00,97.00,100.00,107.00,111.25,-25.85
liver_66,4,696,极小(<5k),66.67,17.64,37.00,44.00,51.00,54.00,57.00,67.00,77.00,79.25,82.00,89.00,94.00,84.19,14.83,61.00,66.00,72.00,74.00,76.00,84.00,91.00,93.00,96.00,103.00,110.00,-17.52
liver_66,5,633,极小(<5k),62.45,28.98,10.60,21.00,36.00,42.00,47.60,66.00,82.00,85.00,88.60,96.80,103.00,86.09,16.30,60.00,68.00,75.00,77.00,79.00,86.00,94.00,96.00,99.00,106.00,111.00,-23.64
liver_67,1,525,极小(<5k),80.72,13.40,58.00,63.40,69.00,71.00,74.00,81.00,88.00,90.00,92.00,97.60,101.80,94.08,14.62,69.00,74.50,82.00,84.25,87.00,95.00,102.00,104.00,107.00,112.50,117.00,-13.36
liver_68,1,4888,极小(<5k),64.21,25.25,26.00,34.00,43.00,46.00,50.00,62.00,77.00,81.00,86.00,98.00,108.00,98.93,23.44,63.00,72.00,81.00,84.00,87.00,98.00,108.00,112.00,115.00,126.00,138.00,-34.73
liver_69,1,3113,极小(<5k),61.75,33.16,12.00,21.00,33.00,38.00,43.00,59.00,78.00,83.00,90.00,106.00,119.00,116.53,29.81,67.00,79.00,92.00,97.00,101.00,116.00,132.00,136.00,141.00,154.00,165.00,-54.77
liver_7,1,1050,极小(<5k),31.99,25.30,-12.00,-2.00,10.80,15.00,19.00,34.00,47.00,50.00,54.00,62.10,69.00,61.72,32.81,6.00,19.00,34.00,40.00,44.20,63.00,81.00,85.00,91.00,103.00,113.00,-29.72
liver_7,2,1543,极小(<5k),44.09,24.48,3.00,12.00,23.40,28.00,32.00,44.00,57.00,60.00,64.00,76.00,84.90,87.45,26.73,42.00,53.00,65.00,70.00,75.00,88.00,101.00,105.00,110.00,121.00,131.00,-43.37
liver_7,3,1323,极小(<5k),38.26,20.74,5.00,12.00,21.00,24.00,27.00,37.00,49.00,52.00,56.00,65.00,74.00,75.45,30.76,19.00,33.00,51.00,57.00,62.00,79.00,93.00,97.00,101.00,112.00,120.00,-37.19
liver_7,4,21322,小(5k-50k),43.01,29.96,-5.00,5.00,18.00,23.00,27.00,42.00,58.00,62.00,67.00,81.00,94.00,88.35,31.87,34.00,47.00,62.00,67.00,72.00,89.00,105.00,110.00,115.00,129.00,139.00,-45.34
liver_7,5,6869,小(5k-50k),43.54,28.37,-3.00,7.00,20.00,25.00,29.00,44.00,58.00,62.00,67.00,80.00,90.00,86.46,31.08,34.00,47.00,61.00,66.00,71.00,87.00,103.00,107.00,112.00,125.00,137.00,-42.92
liver_7,6,315,极小(<5k),45.99,18.20,14.10,22.00,31.00,34.00,37.00,48.00,56.00,58.00,61.00,67.00,74.30,78.30,23.05,38.00,47.00,59.00,64.00,67.00,80.00,91.00,94.00,97.00,107.00,114.00,-32.31
liver_70,1,189,极小(<5k),52.47,36.12,-5.80,6.00,25.20,29.00,34.00,57.00,70.20,75.00,81.40,101.00,110.60,93.42,21.91,59.70,66.00,75.00,79.00,82.00,93.00,105.00,107.00,111.00,122.00,130.00,-40.96
liver_70,2,35614,小(5k-50k),44.35,38.31,-15.00,-2.00,12.00,17.00,23.00,42.00,62.00,69.00,76.00,96.00,112.00,103.56,36.26,47.00,60.00,75.00,81.00,85.00,103.00,120.00,125.00,131.00,148.00,162.00,-59.21
liver_70,3,84862,中等(50k-300k),54.60,37.77,1.00,11.00,24.00,29.00,34.00,51.00,70.00,76.00,83.00,103.00,118.00,105.34,30.04,57.00,68.00,82.00,86.00,91.00,105.00,120.00,124.00,129.00,142.00,154.00,-50.75
liver_71,1,135343,中等(50k-300k),68.86,28.57,23.00,35.00,48.00,53.00,57.00,70.00,83.00,87.00,91.00,101.00,110.00,74.93,45.77,-16.00,12.00,43.00,52.00,61.00,85.00,102.00,106.00,110.00,122.00,132.00,-6.07
liver_71,2,214,极小(<5k),71.98,19.78,39.00,45.30,55.00,57.25,60.90,70.50,84.00,85.75,89.00,98.00,106.35,107.51,17.81,77.00,85.00,93.00,96.00,99.00,108.00,117.00,120.00,122.00,130.00,135.00,-35.53
liver_71,3,3335,极小(<5k),80.19,23.98,42.00,50.00,60.00,64.00,67.00,80.00,92.00,96.00,100.00,111.00,120.00,100.46,19.00,68.00,76.00,85.00,88.00,91.00,101.00,111.00,113.00,116.00,124.00,131.00,-20.27
liver_71,4,3586,极小(<5k),73.67,26.11,33.00,42.00,52.00,56.00,59.00,73.00,86.00,91.00,95.00,107.00,118.00,100.67,21.78,65.00,74.00,83.00,86.00,90.00,101.00,112.00,115.00,118.00,128.00,136.00,-27.00
liver_71,5,136,极小(<5k),76.29,17.28,44.50,53.50,61.00,65.00,69.00,76.00,86.00,88.25,92.00,98.00,102.50,96.72,25.67,51.00,68.00,80.00,84.00,88.00,99.00,110.00,113.00,116.00,125.00,132.00,-20.44
liver_71,6,84,极小(<5k),78.94,28.23,28.05,38.30,54.20,60.50,66.70,81.00,94.00,95.50,102.00,117.10,124.10,98.28,16.80,71.00,77.00,84.00,87.00,89.00,98.00,107.00,110.00,113.00,120.00,124.00,-19.34
liver_71,7,43,极小(<5k),32.00,37.24,-34.90,-24.80,-6.00,8.50,17.80,37.00,57.80,64.50,69.20,76.40,81.00,100.59,20.57,63.70,74.00,85.00,89.00,91.00,102.00,110.00,113.00,117.00,126.60,133.00,-68.59
liver_72,1,320,极小(<5k),67.08,23.01,32.95,40.00,47.00,50.00,53.00,64.50,79.00,83.00,89.00,98.00,104.00,110.40,17.46,74.00,91.00,101.00,104.00,106.00,113.00,120.00,121.00,123.00,129.00,133.00,-43.32
liver_72,2,27,极小(<5k),84.63,15.93,60.90,65.40,71.20,72.50,75.40,85.00,94.80,98.00,98.80,101.60,110.30,93.71,20.12,53.15,70.00,83.00,87.00,89.00,97.00,104.00,106.00,108.00,113.00,119.00,-9.08
liver_72,3,3390,极小(<5k),76.71,16.89,48.00,54.00,62.00,65.00,68.00,77.00,86.00,88.75,91.00,98.00,104.00,91.87,21.79,54.00,65.00,77.00,81.00,84.00,95.00,104.00,106.00,109.00,116.00,121.00,-15.15
liver_72,4,18627,小(5k-50k),84.43,19.03,55.00,61.00,68.00,71.00,73.00,83.00,94.00,97.00,101.00,110.00,117.00,102.68,18.14,77.00,83.00,90.00,92.00,94.00,102.00,110.00,113.00,116.00,124.00,131.00,-18.25
liver_73,1,592,极小(<5k),80.62,15.80,54.00,60.10,68.00,70.00,72.00,80.00,89.00,92.00,95.00,101.90,107.00,89.66,25.16,45.65,68.00,80.00,82.00,85.00,94.00,102.00,104.00,106.00,112.00,118.00,-9.04
liver_74,1,36723,小(5k-50k),68.86,22.60,32.00,41.00,52.00,55.00,59.00,70.00,80.00,84.00,87.00,96.00,104.00,67.35,39.80,-10.00,11.00,38.00,47.00,54.00,75.00,91.00,95.00,100.00,111.00,119.00,1.52
liver_74,2,421,极小(<5k),48.38,26.48,7.00,16.00,26.00,29.00,32.00,46.00,62.00,67.00,73.00,85.00,95.00,93.67,21.02,57.00,68.00,78.00,82.00,85.00,95.00,105.00,108.00,111.00,118.00,125.00,-45.29
liver_75,1,2094,极小(<5k),70.21,19.11,38.00,47.00,55.00,58.00,61.00,70.00,80.00,83.00,86.00,94.00,101.00,93.72,24.53,58.00,73.00,82.00,85.00,88.00,97.00,105.00,108.00,110.00,117.00,122.00,-23.51
liver_75,2,254,极小(<5k),69.88,25.16,19.65,40.00,54.60,60.00,61.90,74.00,84.10,87.00,90.00,96.40,100.00,96.16,25.40,56.25,76.00,86.00,89.00,91.00,100.00,108.00,110.00,113.00,119.00,124.00,-26.28
liver_75,3,227,极小(<5k),78.36,18.03,51.00,55.00,64.00,66.00,69.80,79.00,86.20,90.00,93.80,101.80,109.40,97.39,14.35,74.00,79.00,85.00,88.00,90.00,97.00,104.00,106.00,109.00,115.00,121.00,-19.03
liver_75,4,128,极小(<5k),83.30,15.40,60.00,62.00,69.40,72.75,75.00,82.50,91.00,94.00,97.00,105.00,109.95,97.65,20.43,66.30,80.00,88.00,91.00,93.00,100.00,107.00,109.00,112.00,117.00,122.00,-14.34
liver_76,1,136510,中等(50k-300k),43.14,23.26,9.00,15.00,22.00,25.00,29.00,41.00,55.00,59.00,63.00,75.00,85.00,84.75,24.62,36.00,55.00,71.00,75.00,79.00,89.00,98.00,100.00,103.00,110.00,115.00,-41.61
liver_76,2,6991,小(5k-50k),63.75,20.49,30.00,38.00,46.00,50.00,52.00,63.00,75.00,78.00,82.00,91.00,98.00,87.84,23.43,53.00,64.00,74.60,78.00,81.00,90.00,99.00,102.00,105.00,112.00,118.00,-24.09
liver_76,3,12972,小(5k-50k),49.58,21.36,16.00,22.00,31.00,35.00,38.00,49.00,61.00,64.00,68.00,78.00,85.00,93.44,18.35,63.45,70.00,79.00,82.00,84.00,93.00,102.00,105.00,108.00,116.00,124.00,-43.86
liver_76,4,9685,小(5k-50k),56.84,23.85,24.00,30.00,37.00,41.00,43.00,54.00,66.00,70.00,74.00,87.00,99.00,94.66,17.89,67.00,73.00,81.00,83.00,86.00,94.00,102.00,105.00,108.00,117.00,126.00,-37.82
liver_76,5,73,极小(<5k),78.05,16.01,55.20,58.00,64.40,66.00,67.60,77.00,85.40,87.00,92.80,101.80,105.00,92.43,11.37,73.00,78.00,83.00,85.00,87.00,93.00,99.00,100.00,102.00,106.00,110.00,-14.38
liver_76,6,10364,小(5k-50k),58.48,18.64,28.15,35.00,42.00,45.00,48.00,58.00,68.00,71.00,74.00,83.00,90.00,89.56,23.02,61.00,70.00,79.00,82.00,84.00,92.00,99.00,102.00,104.00,110.00,116.00,-31.08
liver_76,7,95,极小(<5k),79.79,14.92,57.00,61.40,66.80,69.00,71.00,79.00,87.80,90.50,93.00,102.00,106.30,100.91,12.38,80.00,85.00,91.00,93.00,94.00,101.00,107.30,109.00,111.20,117.00,121.00,-21.12
liver_76,8,5273,小(5k-50k),62.71,18.96,33.00,38.00,46.00,49.00,52.00,62.00,73.00,76.00,79.00,88.00,95.00,100.14,13.86,76.00,83.00,89.00,92.00,94.00,101.00,107.00,109.00,111.00,117.00,121.00,-37.44
liver_76,9,7266,小(5k-50k),59.25,19.05,29.00,35.00,43.00,46.00,49.00,59.00,69.00,72.00,75.00,84.00,92.00,97.25,13.89,74.00,80.00,86.00,88.00,90.00,98.00,105.00,107.00,109.00,115.00,119.00,-37.99
liver_76,10,4279,极小(<5k),64.52,18.26,36.00,42.00,50.00,53.00,56.00,65.00,74.00,76.00,80.00,87.00,93.00,95.21,17.65,68.00,77.00,85.00,87.00,90.00,97.00,104.00,106.00,108.00,114.00,118.00,-30.69
liver_77,1,3850,极小(<5k),82.39,15.00,57.00,64.00,71.00,74.00,76.00,83.00,90.00,92.00,94.00,101.00,106.00,90.61,22.17,56.00,71.00,80.00,83.00,86.00,94.00,101.00,103.00,105.00,112.00,117.00,-8.22
liver_77,2,384,极小(<5k),64.57,14.41,43.00,46.00,52.60,55.00,57.00,64.00,71.00,73.25,77.00,84.00,89.85,90.41,15.58,68.00,75.00,81.00,83.00,85.00,92.00,98.00,100.00,102.00,107.00,112.00,-25.84
liver_78,1,69,极小(<5k),59.12,15.80,33.20,38.00,43.60,47.00,49.80,61.00,70.00,72.00,74.00,79.20,83.20,83.07,24.34,38.00,50.00,64.00,70.00,73.00,88.00,98.00,101.00,103.00,110.00,116.35,-23.95
liver_78,2,5365,小(5k-50k),59.34,20.07,28.00,34.00,42.00,45.00,48.00,59.00,70.00,73.00,77.00,86.00,93.00,84.44,24.93,35.00,50.00,67.00,72.00,76.00,89.00,99.00,102.00,105.00,111.00,117.00,-25.10
liver_78,3,72,极小(<5k),68.92,14.89,45.55,50.00,56.00,58.00,60.30,67.00,77.40,80.00,81.00,90.70,94.45,97.07,10.42,80.00,83.00,89.00,90.00,92.00,98.00,103.00,104.00,106.00,110.00,113.00,-28.16
liver_78,4,345,极小(<5k),66.88,20.78,32.20,40.40,50.00,53.00,56.00,65.00,79.00,82.00,84.00,93.60,101.00,97.20,16.58,65.00,75.00,87.00,89.00,92.00,100.00,106.00,108.00,110.00,115.00,120.00,-30.32
liver_78,5,71,极小(<5k),80.06,16.30,54.00,59.00,69.00,70.50,72.00,78.00,86.00,89.50,93.00,106.00,111.50,92.17,19.40,53.20,68.40,82.00,86.00,89.00,97.00,103.00,104.00,106.00,111.00,114.00,-12.11
liver_78,6,139,极小(<5k),62.73,18.12,37.90,40.60,46.00,48.50,51.00,60.00,71.60,76.00,83.00,90.00,93.10,75.53,35.81,-7.00,20.00,57.00,66.00,72.00,87.00,97.00,98.00,101.00,107.00,112.00,-12.79
liver_78,7,28,极小(<5k),84.96,14.10,61.75,65.00,70.00,72.25,74.20,89.00,95.00,98.00,98.60,102.00,102.65,100.38,10.95,82.00,87.00,92.00,94.00,96.00,101.00,106.00,107.25,109.00,114.00,118.00,-15.42
liver_78,8,437,极小(<5k),59.73,20.17,27.00,34.00,41.00,45.00,49.80,59.00,72.00,74.00,77.00,87.00,93.00,93.36,22.72,46.20,65.00,80.00,84.00,87.00,96.00,105.00,107.00,110.00,118.00,125.00,-33.63
liver_78,9,4328,极小(<5k),62.01,20.20,31.00,37.00,44.00,47.00,50.00,61.00,72.00,76.00,79.00,89.00,96.00,98.53,18.61,68.00,78.00,86.00,89.00,92.00,100.00,108.00,110.00,112.00,120.00,126.00,-36.52
liver_78,10,33,极小(<5k),77.67,19.96,52.00,52.40,54.40,57.00,61.60,81.00,92.40,95.00,96.60,103.00,105.60,97.38,12.09,78.00,83.00,88.00,90.00,92.00,98.00,104.00,105.00,107.00,112.00,117.00,-19.71
liver_78,11,241,极小(<5k),62.00,18.04,34.00,39.00,46.00,48.00,51.00,63.00,71.00,75.00,77.00,85.00,92.00,103.05,17.70,76.00,81.00,88.00,91.00,94.00,102.00,111.00,114.00,118.00,127.00,134.00,-41.06
liver_78,12,161,极小(<5k),54.17,16.11,32.00,35.00,39.00,41.00,43.00,52.00,64.00,69.00,70.00,74.00,80.00,90.40,18.50,50.00,67.00,81.00,85.00,88.00,94.00,100.00,101.00,103.00,108.00,112.00,-36.23
liver_78,13,26,极小(<5k),69.38,13.62,45.75,53.50,57.00,60.75,64.50,74.00,77.00,79.25,80.00,82.50,87.50,85.24,15.16,61.00,69.00,76.00,78.00,80.00,87.00,93.00,94.00,96.00,101.00,106.00,-15.85
liver_78,14,950,极小(<5k),64.49,25.85,23.00,29.00,38.00,42.00,47.00,66.00,82.00,86.00,90.00,99.00,103.00,105.39,10.49,88.00,93.00,97.00,99.00,101.00,106.00,111.00,112.00,114.00,118.00,122.00,-40.90
liver_79,1,856,极小(<5k),70.71,19.40,39.75,46.00,53.00,56.00,59.50,71.00,80.50,84.00,87.00,97.00,104.00,92.31,21.94,54.00,65.00,76.00,80.00,83.00,94.00,104.00,107.00,110.00,118.00,125.00,-21.60
liver_79,2,178,极小(<5k),65.77,33.58,13.85,26.00,37.00,41.00,47.10,62.00,82.90,89.00,99.60,111.60,124.00,107.74,16.15,88.30,90.80,94.40,97.50,99.80,106.00,117.00,119.50,120.00,128.00,129.60,-41.97
liver_79,3,175,极小(<5k),72.34,18.39,43.00,48.40,56.00,58.00,60.00,69.00,85.00,87.00,90.00,96.60,102.60,85.04,28.71,29.35,47.00,68.00,73.00,77.00,90.00,101.00,104.00,108.00,115.00,122.00,-12.70
liver_79,4,143,极小(<5k),61.75,31.39,17.30,24.20,34.00,37.00,40.00,58.00,79.00,82.50,88.20,106.80,117.90,89.60,33.35,15.30,49.00,72.00,79.00,83.00,96.00,106.10,110.00,113.00,123.70,130.00,-27.85
liver_79,5,748,极小(<5k),63.03,22.40,26.00,36.00,45.00,49.00,51.00,62.00,74.00,78.00,83.00,91.00,100.00,105.85,28.13,62.00,73.00,84.00,88.00,92.00,104.00,118.00,122.00,127.00,143.00,157.00,-42.81
liver_79,6,873,极小(<5k),56.77,23.45,21.00,29.00,37.00,41.00,44.00,55.00,67.00,70.00,75.00,87.00,100.00,93.69,19.89,61.00,68.00,78.00,81.00,84.00,94.00,103.00,107.00,110.00,118.00,125.00,-36.93
liver_79,7,169,极小(<5k),73.95,18.95,44.80,51.80,57.00,62.00,65.00,74.00,83.60,88.00,91.00,99.00,102.00,91.59,17.41,64.00,70.00,77.00,80.00,82.00,91.00,100.00,103.00,106.00,115.00,121.00,-17.64
liver_79,8,134,极小(<5k),58.16,18.99,29.65,35.00,41.60,45.00,48.00,57.00,68.00,70.00,74.00,86.70,94.00,75.46,26.17,21.40,36.00,57.00,63.00,67.00,80.00,91.00,94.00,97.00,104.00,110.00,-17.30
liver_79,9,3561,极小(<5k),49.47,21.17,19.00,25.00,32.00,35.00,37.00,48.00,59.00,62.00,66.00,78.00,88.00,79.32,31.58,16.00,42.00,64.00,70.00,74.00,86.00,95.00,98.00,101.00,109.00,115.00,-29.85
liver_79,10,2248,极小(<5k),51.51,19.92,20.00,27.00,35.00,38.00,41.00,51.00,61.00,65.00,67.00,78.00,88.00,85.68,25.08,43.00,60.00,72.00,76.00,79.00,89.00,98.00,101.00,104.00,111.00,117.00,-34.17
liver_8,1,1048,极小(<5k),48.76,27.42,2.35,14.70,27.00,31.00,35.00,48.00,63.00,66.00,70.60,83.00,95.00,79.53,29.77,31.00,41.00,55.00,60.00,64.00,79.00,95.00,100.00,105.20,118.00,128.00,-30.76
liver_8,2,1123,极小(<5k),43.21,25.38,2.10,13.00,22.00,26.00,29.00,43.00,57.00,60.00,64.00,75.00,85.00,74.94,29.28,23.00,37.00,52.00,58.00,62.00,78.00,91.00,95.00,98.00,109.30,120.00,-31.73
liver_8,3,1841,极小(<5k),46.58,26.21,3.00,13.00,24.00,29.00,33.00,47.00,59.00,63.00,68.00,80.00,91.00,86.65,27.74,41.00,51.00,63.00,68.00,72.00,87.00,102.00,106.00,110.00,122.00,132.00,-40.08
liver_8,4,11496,小(5k-50k),44.25,26.50,2.00,11.00,22.00,26.00,30.00,44.00,58.00,62.00,66.00,78.00,88.00,82.80,29.37,33.00,45.00,59.00,64.00,69.00,84.00,98.00,102.00,107.00,118.00,128.00,-38.55
liver_8,5,1,极小(<5k),55.00,0.00,55.00,55.00,55.00,55.00,55.00,55.00,55.00,55.00,55.00,55.00,55.00,75.51,23.76,35.20,45.20,55.00,58.50,62.60,76.00,89.00,93.50,97.00,106.60,116.90,-20.51
liver_8,6,4807,极小(<5k),44.66,26.57,1.00,10.00,22.00,26.00,31.00,44.00,59.00,62.00,67.00,79.00,89.00,81.98,28.33,35.00,45.30,58.00,63.00,67.00,82.00,97.00,101.00,105.00,118.00,128.00,-37.32
liver_8,7,511,极小(<5k),50.45,23.30,14.00,21.00,30.00,34.00,37.00,49.00,62.00,67.00,71.00,83.00,90.00,82.85,21.97,47.00,55.00,64.00,68.00,71.00,82.00,94.00,97.00,102.00,111.00,120.00,-32.39
liver_80,1,84756,中等(50k-300k),72.88,18.68,40.00,50.00,59.00,62.00,65.00,74.00,82.00,85.00,88.00,95.00,102.00,95.28,18.99,62.00,74.00,83.00,87.00,89.00,97.00,105.00,107.00,109.00,116.00,121.00,-22.40
liver_80,2,3513,极小(<5k),72.17,18.47,42.00,49.00,57.00,60.00,62.00,72.00,82.00,84.00,88.00,96.00,103.00,102.18,17.06,77.05,83.00,89.00,91.00,93.00,101.00,109.00,111.00,114.00,123.00,132.00,-30.01
liver_81,1,5130,小(5k-50k),45.99,32.41,-1.55,6.00,18.00,22.00,27.00,43.00,61.00,67.00,74.00,89.00,103.00,101.88,32.19,50.00,62.00,76.00,81.00,85.00,101.00,117.00,122.00,128.00,143.00,155.00,-55.89
liver_82,1,141610,中等(50k-300k),51.19,27.24,11.00,19.00,28.00,32.00,35.00,49.00,64.00,69.00,74.00,88.00,99.00,91.52,24.83,48.00,60.00,74.00,78.00,82.00,93.00,104.00,107.00,110.00,120.00,128.00,-40.33
liver_83,1,98,极小(<5k),50.20,34.98,-8.45,7.20,23.40,27.25,34.10,49.00,67.90,73.00,79.00,97.60,103.30,125.44,23.49,87.00,96.00,105.00,109.00,113.00,127.00,138.00,141.00,144.00,154.00,163.00,-75.23
liver_84,1,33300,小(5k-50k),83.11,39.59,17.00,32.00,50.00,57.00,63.00,83.00,104.00,110.00,117.00,133.00,147.00,94.78,40.08,29.00,44.00,61.00,68.00,74.00,95.00,116.00,122.00,128.00,146.00,161.00,-11.67
liver_84,2,2060,极小(<5k),53.33,40.05,-13.00,0.00,19.00,26.00,33.00,54.00,75.00,80.25,87.00,103.00,118.00,78.96,43.31,5.00,24.00,44.00,51.00,58.00,80.00,102.00,108.00,115.00,131.00,147.00,-25.63
liver_84,3,258749,中等(50k-300k),74.14,45.45,-1.00,16.00,36.00,44.00,51.00,74.00,98.00,104.00,112.00,132.00,149.00,88.06,45.46,12.00,30.00,51.00,58.00,65.00,89.00,112.00,119.00,126.00,145.00,161.00,-13.92
liver_84,4,5441,小(5k-50k),61.37,42.98,-10.00,6.00,26.00,33.00,40.00,62.00,84.00,90.00,96.00,116.00,130.00,87.89,44.90,13.00,30.00,51.00,58.00,65.00,88.00,111.00,118.00,125.00,145.00,161.00,-26.52
liver_84,5,24416,小(5k-50k),73.56,37.96,9.00,25.00,42.00,49.00,55.00,75.00,94.00,99.00,105.00,121.00,134.00,88.38,40.80,20.00,37.00,56.00,63.00,69.00,89.00,109.00,115.00,122.00,139.00,155.00,-14.82
liver_84,6,3287,极小(<5k),54.91,40.95,-12.00,2.00,19.00,26.00,33.00,55.00,77.00,83.00,90.00,107.00,122.00,82.08,44.88,3.75,27.00,48.00,56.00,62.00,84.00,105.00,111.00,118.00,137.00,152.00,-27.17
liver_84,7,2,极小(<5k),112.50,7.50,105.75,106.50,108.00,108.75,109.50,112.50,115.50,116.25,117.00,118.50,119.25,98.17,40.28,37.00,45.00,66.00,73.00,78.00,95.00,121.00,126.00,132.00,150.50,166.25,14.33
liver_84,8,71165,中等(50k-300k),65.41,43.31,-6.00,11.00,30.00,37.00,43.00,65.00,88.00,94.00,101.00,120.00,137.00,77.22,43.46,6.00,23.00,42.00,49.00,56.00,77.00,99.00,105.00,112.00,132.00,148.00,-11.80
liver_84,9,1855,极小(<5k),50.07,37.33,-16.30,6.00,24.00,31.00,36.00,53.00,70.00,75.00,80.00,93.00,103.00,85.78,28.68,38.00,50.00,62.00,67.00,72.00,86.00,101.00,105.00,110.00,122.00,132.00,-35.72
liver_84,10,1,极小(<5k),100.00,0.00,100.00,100.00,100.00,100.00,100.00,100.00,100.00,100.00,100.00,100.00,100.00,92.22,25.23,50.35,63.70,75.40,79.00,81.10,91.00,105.00,110.00,112.60,122.00,130.00,7.78
liver_84,11,8,极小(<5k),105.50,8.60,93.10,95.20,97.80,98.50,99.70,106.50,111.50,112.75,113.80,115.60,116.30,90.39,24.64,50.00,58.90,72.00,75.00,79.00,90.50,102.30,106.00,110.00,121.00,132.05,15.11
liver_84,12,86981,中等(50k-300k),56.04,39.62,-9.00,6.00,23.00,29.00,35.00,56.00,77.00,83.00,89.00,107.00,121.00,69.13,46.05,-13.00,12.00,36.00,44.00,51.00,73.00,94.00,99.00,106.00,123.00,137.00,-13.09
liver_84,13,54039,中等(50k-300k),63.51,40.60,-4.00,12.00,30.00,37.00,43.00,64.00,85.00,91.00,97.00,114.00,130.00,76.57,38.86,13.00,27.00,45.00,51.00,57.00,77.00,96.00,102.00,109.00,125.00,140.00,-13.06
liver_84,14,1,极小(<5k),-12.00,0.00,-12.00,-12.00,-12.00,-12.00,-12.00,-12.00,-12.00,-12.00,-12.00,-12.00,-12.00,74.84,29.54,29.00,39.00,48.00,54.50,59.00,74.00,88.00,93.00,100.00,114.00,125.00,-86.84
liver_85,1,6059,小(5k-50k),95.50,40.92,28.00,43.00,60.00,68.00,74.00,96.00,117.00,123.00,129.00,148.00,163.00,106.46,41.07,38.00,54.00,72.00,79.00,85.00,107.00,128.00,134.00,141.00,159.00,173.00,-10.96
liver_85,2,9485,小(5k-50k),94.34,46.46,18.00,34.00,55.00,63.00,70.00,94.00,119.00,126.00,134.00,154.00,170.00,114.00,45.91,38.00,55.00,76.00,84.00,91.00,114.00,138.00,145.00,152.00,172.00,189.00,-19.66
liver_86,1,5859,小(5k-50k),96.16,27.60,51.00,61.00,73.00,78.00,82.00,96.00,111.00,115.00,120.00,131.20,141.00,107.78,27.48,62.00,73.00,86.00,90.00,95.00,109.00,123.00,126.00,131.00,142.00,151.00,-11.62
liver_86,2,192,极小(<5k),66.52,33.35,10.00,18.00,39.00,49.00,53.00,70.50,86.00,90.25,94.00,105.80,114.35,108.81,30.05,59.35,71.70,84.00,89.00,94.00,108.50,124.00,130.00,135.00,147.00,158.00,-42.30
liver_88,1,251719,中等(50k-300k),71.21,42.22,18.00,28.00,40.00,45.00,50.00,68.00,88.00,94.00,100.00,117.00,131.00,104.17,51.63,31.00,53.00,76.00,83.00,89.00,108.00,124.00,129.00,134.00,149.00,163.00,-32.97
liver_88,2,201,极小(<5k),90.23,23.02,54.00,59.00,71.00,74.00,77.00,90.00,102.00,105.00,109.00,120.00,130.00,134.67,21.09,100.00,108.00,118.00,121.00,124.00,134.00,144.00,148.00,151.00,161.00,170.00,-44.44
liver_88,3,1,极小(<5k),98.00,0.00,98.00,98.00,98.00,98.00,98.00,98.00,98.00,98.00,98.00,98.00,98.00,133.14,20.46,99.25,107.00,114.00,117.00,122.00,132.50,147.00,149.75,152.00,159.50,167.00,-35.14
liver_88,4,467,极小(<5k),86.92,24.54,46.30,53.00,65.00,70.00,73.00,87.00,100.00,104.00,108.80,121.00,127.00,116.40,32.63,54.00,72.00,94.00,99.00,104.00,120.00,134.00,138.00,142.00,153.00,165.00,-29.49
liver_88,5,201,极小(<5k),99.57,19.85,68.00,76.00,83.00,86.00,90.00,99.00,107.00,113.00,117.00,125.00,132.00,135.82,24.88,93.00,103.00,115.00,119.00,123.00,137.00,149.00,153.00,157.00,168.00,175.00,-36.26
liver_88,6,1406,极小(<5k),63.41,25.90,22.25,30.00,41.00,45.00,49.00,63.00,76.00,80.00,84.00,99.00,109.00,113.89,56.02,53.00,68.00,88.00,95.00,100.00,117.00,132.00,136.00,140.00,152.00,161.00,-50.47
liver_88,7,146,极小(<5k),83.55,26.35,46.00,54.00,62.00,65.00,68.50,85.00,95.00,97.00,99.00,112.50,126.50,126.49,24.19,87.00,95.00,108.00,111.50,115.00,127.00,138.40,142.00,146.00,156.00,166.00,-42.94
liver_9,1,977,极小(<5k),45.49,23.23,9.80,16.00,25.00,30.00,33.00,45.00,57.00,61.00,64.00,74.40,85.00,75.99,24.53,37.00,45.00,55.00,59.00,63.00,76.00,89.00,92.00,96.00,108.00,117.00,-30.50
liver_9,2,858,极小(<5k),45.65,23.99,6.00,15.00,25.40,30.00,33.10,45.50,58.00,62.00,66.00,77.00,85.00,74.89,32.29,14.00,30.00,49.00,56.00,61.00,79.00,94.00,98.00,103.00,113.00,121.00,-29.24
liver_9,3,876,极小(<5k),41.59,22.80,7.00,13.00,21.00,25.00,29.00,41.00,53.00,57.00,61.00,72.00,80.00,69.91,33.32,10.00,24.00,43.60,50.00,56.00,73.00,90.00,94.00,98.00,109.70,118.00,-28.32
liver_9,4,13331,小(5k-50k),49.54,26.66,6.00,16.00,27.00,31.00,36.00,49.00,63.00,67.00,72.00,84.00,94.00,87.59,29.68,37.00,50.00,64.00,69.00,73.00,89.00,104.00,108.00,112.00,124.00,134.00,-38.05
liver_9,5,5670,小(5k-50k),48.64,27.87,3.00,14.00,26.00,30.00,34.00,48.00,63.00,67.00,71.00,84.00,95.00,87.32,28.78,40.00,50.00,64.00,68.00,73.00,87.00,102.30,107.00,112.00,124.00,135.00,-38.67
liver_9,6,467,极小(<5k),49.42,18.25,18.00,25.60,34.20,38.00,40.00,49.00,58.00,61.00,64.00,74.00,80.00,80.79,20.49,46.00,55.00,64.00,67.00,70.00,81.00,92.00,95.00,98.00,107.00,114.00,-31.37
liver_90,1,50204,中等(50k-300k),46.06,24.19,7.00,16.00,26.00,30.00,33.00,46.00,58.00,62.00,66.00,77.00,87.00,73.28,31.02,19.00,33.00,50.00,56.00,61.00,76.00,90.00,94.00,98.00,109.00,118.00,-27.22
liver_90,2,2350,极小(<5k),37.52,22.98,1.00,9.00,18.00,22.00,25.00,37.00,49.00,52.75,56.00,66.00,75.00,77.37,23.81,38.00,47.00,58.00,62.00,65.00,77.00,90.00,93.00,97.00,108.00,117.00,-39.85
liver_90,3,1,极小(<5k),13.00,0.00,13.00,13.00,13.00,13.00,13.00,13.00,13.00,13.00,13.00,13.00,13.00,62.46,20.36,29.55,36.00,47.00,51.50,53.30,61.00,72.00,76.00,80.80,91.70,97.45,-49.46
liver_90,4,114488,中等(50k-300k),54.20,29.63,8.00,17.00,28.00,32.00,36.00,53.00,71.00,76.00,81.00,94.00,104.00,90.05,31.59,36.00,53.00,69.00,74.00,78.00,92.00,105.00,108.00,113.00,125.00,137.00,-35.85
liver_90,5,82652,中等(50k-300k),64.50,28.80,18.00,27.00,39.00,44.00,48.00,64.00,80.00,84.00,89.00,102.00,112.00,92.81,31.30,33.00,53.00,72.00,77.00,82.00,96.00,109.00,113.00,117.00,128.00,137.00,-28.32
liver_90,6,262,极小(<5k),65.62,18.91,34.05,41.00,49.00,53.00,56.00,65.00,75.70,78.75,80.80,87.90,95.00,99.43,20.77,66.00,74.00,82.00,85.00,88.00,99.00,110.00,113.00,117.00,126.00,134.00,-33.81
liver_90,7,296,极小(<5k),85.07,22.57,51.00,58.00,66.00,69.00,73.00,84.00,96.00,100.00,104.00,115.50,124.25,106.93,21.18,72.00,79.00,88.00,92.00,96.00,107.00,118.00,122.00,126.00,135.00,141.00,-21.87
liver_90,8,640,极小(<5k),76.44,22.25,43.00,48.00,57.00,61.00,64.00,74.00,87.00,91.00,93.20,105.10,114.00,94.20,24.78,54.00,65.00,76.00,80.00,84.00,96.00,107.00,111.00,114.00,123.00,130.05,-17.76
liver_92,1,1132,极小(<5k),45.16,48.96,-29.45,-16.90,1.20,8.75,14.00,42.00,69.00,79.00,90.00,112.00,130.45,116.43,38.57,46.00,64.00,87.00,94.00,101.00,121.00,138.00,143.00,148.00,162.00,174.00,-71.27
liver_92,2,102,极小(<5k),46.30,22.93,5.30,15.00,23.60,30.25,35.30,48.00,58.70,62.00,63.00,76.00,79.00,114.02,30.95,64.00,75.00,87.00,92.00,97.00,114.50,131.00,136.00,140.40,154.00,164.35,-67.71
liver_92,3,125,极小(<5k),92.02,22.45,58.40,64.00,73.80,79.00,81.00,93.00,104.80,108.00,110.20,121.60,125.80,136.46,25.49,92.00,103.00,115.00,119.00,124.00,138.00,150.00,153.00,158.00,169.00,178.00,-44.44
liver_92,4,58,极小(<5k),73.09,28.25,27.70,33.70,48.00,52.00,56.20,75.00,88.70,91.50,97.60,108.90,117.65,123.77,30.65,68.45,82.00,100.00,105.00,109.00,125.00,141.00,145.00,151.00,163.00,171.00,-50.68
liver_92,5,234,极小(<5k),36.79,37.63,-20.70,-8.00,5.00,8.00,13.00,32.00,58.20,65.00,72.00,88.70,99.35,121.38,33.17,61.00,75.00,95.00,102.00,109.00,126.00,140.00,144.00,149.00,160.00,167.00,-84.60
liver_92,6,590,极小(<5k),41.41,33.92,-6.10,2.00,13.00,18.25,22.00,38.00,56.30,62.00,70.20,87.10,101.55,137.96,40.34,76.00,90.00,106.00,112.00,117.00,134.00,154.00,160.00,167.00,192.00,212.00,-96.56
liver_92,7,125,极小(<5k),79.14,32.96,22.40,32.00,54.00,58.00,63.40,81.00,94.80,99.00,104.40,118.60,136.20,139.07,28.63,91.00,102.00,116.00,120.00,125.00,140.00,154.00,158.00,163.00,175.00,186.00,-59.93
liver_92,8,214,极小(<5k),59.18,37.47,-3.75,14.30,30.00,34.25,39.00,57.00,77.10,82.00,89.00,104.70,124.70,138.97,33.53,80.20,95.00,113.00,119.00,124.00,140.00,155.00,161.00,167.00,183.00,193.00,-79.78
liver_92,9,52,极小(<5k),71.27,30.20,26.00,35.10,44.80,50.00,53.00,68.00,83.50,88.25,95.80,115.50,122.95,127.92,22.33,93.00,100.00,110.00,113.00,116.70,128.00,139.00,142.00,146.00,156.00,164.00,-56.65
liver_93,1,36270,小(5k-50k),41.01,25.89,0.00,8.00,19.00,23.00,27.00,40.00,54.00,58.00,62.00,74.00,85.00,73.89,34.22,17.00,30.00,45.00,51.00,56.00,75.00,93.00,98.00,104.00,118.00,128.00,-32.88
liver_93,2,1111,极小(<5k),66.43,23.79,27.00,37.00,46.00,51.00,54.00,66.00,78.00,82.00,86.00,97.00,107.00,93.13,30.13,38.00,54.00,69.00,75.75,81.00,97.00,111.00,114.00,118.00,128.00,136.00,-26.70
liver_93,3,30926,小(5k-50k),45.52,23.04,9.00,17.00,26.00,30.00,33.00,45.00,57.00,60.00,64.00,75.00,84.00,88.01,31.70,37.00,49.00,63.00,68.00,72.00,87.00,103.00,108.00,113.00,127.00,139.00,-42.50
liver_93,4,11925,小(5k-50k),40.49,25.32,-1.00,9.00,20.00,24.00,28.00,40.00,53.00,56.00,60.00,73.00,83.00,81.48,33.33,22.00,37.00,54.00,61.00,67.00,84.00,100.00,105.00,110.00,121.00,131.00,-40.99
liver_93,5,77007,中等(50k-300k),45.83,24.99,7.00,15.00,25.00,29.00,32.00,45.00,58.00,62.00,66.00,79.00,89.00,86.58,28.32,40.00,51.00,64.00,68.00,73.00,87.00,101.00,105.00,110.00,122.00,132.00,-40.75
liver_93,6,1613,极小(<5k),56.95,25.41,14.00,24.00,34.40,39.00,43.00,57.00,71.00,75.00,79.00,90.00,99.00,88.61,26.90,43.00,54.00,67.00,72.00,75.00,90.00,103.00,107.00,111.00,123.00,131.00,-31.67
liver_93,7,6259,小(5k-50k),45.98,23.05,10.00,17.00,27.00,30.00,34.00,45.00,57.00,61.00,65.00,76.00,84.10,85.07,32.24,30.00,42.00,57.00,64.00,69.00,87.00,103.00,108.00,113.00,125.00,136.00,-39.09
liver_93,8,5480,小(5k-50k),46.82,23.49,10.00,18.00,27.00,31.00,34.00,46.00,58.00,62.00,66.00,78.00,87.00,87.07,25.88,44.00,54.00,66.00,70.00,74.00,88.00,101.00,105.00,109.00,120.00,128.00,-40.25
liver_93,9,6426,小(5k-50k),55.05,26.18,13.00,22.00,33.00,37.00,41.00,54.00,68.00,72.00,76.00,88.50,100.00,83.22,27.38,39.00,49.00,61.00,65.00,70.00,83.00,97.00,101.00,106.00,119.00,128.50,-28.17
liver_93,10,780,极小(<5k),71.58,20.51,39.00,45.00,54.00,57.00,60.00,71.00,83.00,86.00,90.00,99.00,105.05,83.34,26.79,39.00,49.00,61.00,65.00,69.00,83.00,97.00,101.00,105.00,118.00,128.00,-11.77
liver_93,11,4336,极小(<5k),56.59,23.69,19.00,27.00,37.00,40.00,43.00,55.00,68.00,72.00,76.00,87.00,98.00,92.21,30.27,46.00,56.00,68.00,72.00,76.00,90.00,106.00,111.00,116.00,132.00,147.00,-35.62
liver_93,12,18440,小(5k-50k),13.38,21.59,-21.00,-13.00,-4.00,-1.00,3.00,13.00,24.00,27.00,30.00,40.00,49.00,75.38,40.39,3.00,19.00,39.00,48.00,56.00,81.00,101.00,106.00,111.00,123.00,132.00,-62.00
liver_93,13,245,极小(<5k),54.50,18.36,26.20,29.00,36.00,38.00,44.00,55.00,65.00,68.00,71.00,78.60,83.80,96.94,29.79,47.00,58.00,72.00,78.00,83.00,98.00,113.00,117.00,122.00,135.00,144.00,-42.44
liver_93,14,2619,极小(<5k),43.48,22.61,5.00,14.00,25.00,29.00,32.00,44.00,55.00,58.00,62.00,72.00,80.00,84.91,26.40,38.00,51.00,64.00,69.00,73.00,87.00,100.00,103.00,107.00,116.00,124.00,-41.42
liver_93,15,99331,中等(50k-300k),44.75,24.11,6.00,15.00,25.00,29.00,32.00,44.00,56.00,60.00,64.00,76.00,86.00,87.03,28.84,40.00,50.00,63.00,68.00,72.00,87.00,102.00,106.00,111.00,123.00,134.00,-42.28
liver_93,16,346,极小(<5k),64.71,24.24,27.00,34.00,43.00,48.00,52.00,64.00,76.00,80.75,85.00,95.00,106.00,87.87,23.84,48.00,58.00,68.00,72.00,75.00,88.00,101.00,105.00,109.00,119.00,126.80,-23.15
liver_93,17,2456,极小(<5k),40.27,23.45,2.00,10.50,21.00,25.00,28.00,40.00,51.00,55.00,59.00,70.00,79.00,76.78,26.91,31.00,42.00,54.00,59.00,63.00,77.00,92.00,96.00,100.00,110.00,118.00,-36.51
liver_93,18,20711,小(5k-50k),41.91,23.00,5.00,13.00,22.00,26.00,30.00,41.00,53.00,57.00,61.00,72.00,81.00,85.40,28.85,38.00,50.00,63.00,67.00,72.00,87.00,101.00,105.00,109.00,120.00,129.00,-43.49
liver_93,19,616,极小(<5k),54.36,20.48,18.00,25.50,37.00,40.00,44.00,56.00,65.50,68.00,73.00,79.50,85.25,87.74,23.16,50.00,58.00,68.00,72.00,76.00,88.00,100.00,104.00,107.00,118.00,125.00,-33.38
liver_93,20,283,极小(<5k),50.23,21.03,18.10,25.20,33.00,36.00,39.00,48.00,58.00,63.50,67.60,77.00,85.90,86.78,23.24,50.00,58.00,68.00,71.00,75.00,86.00,98.00,101.50,105.00,116.00,126.00,-36.55
liver_93,21,1785,极小(<5k),48.34,22.95,9.00,20.00,32.00,35.00,38.00,48.00,59.00,62.00,66.00,77.00,87.00,101.78,30.45,53.00,64.00,77.00,82.00,86.00,101.00,115.00,120.00,125.00,141.00,154.90,-53.44
liver_93,22,4517,极小(<5k),44.76,22.72,9.80,17.00,26.00,30.00,33.00,44.00,55.00,58.00,62.00,73.00,84.00,92.17,26.15,47.00,58.00,71.00,76.00,79.00,93.00,106.00,110.00,113.00,124.00,134.00,-47.41
liver_93,23,892,极小(<5k),63.20,23.14,27.00,34.00,44.00,48.00,51.00,63.00,75.00,78.00,82.00,93.00,102.45,86.37,26.94,42.00,51.00,63.00,68.00,72.00,87.00,100.00,104.00,109.00,121.00,132.00,-23.17
liver_93,24,176,极小(<5k),60.59,20.72,33.00,37.50,45.00,48.50,51.00,59.50,71.00,76.25,79.00,87.00,93.00,95.19,25.66,54.00,62.00,74.00,78.00,83.00,96.00,109.00,113.00,117.00,127.00,136.00,-34.60
liver_93,25,285,极小(<5k),44.17,23.29,10.20,15.00,23.80,28.00,30.00,43.00,56.00,59.00,63.20,78.00,83.00,90.57,25.21,44.00,56.00,71.00,76.00,81.00,94.00,105.00,108.00,111.00,121.00,127.00,-46.40
liver_93,26,695,极小(<5k),56.41,19.64,25.00,32.00,41.00,44.00,46.00,56.00,67.00,69.00,73.00,82.00,88.00,77.56,24.87,39.00,46.00,56.00,60.00,63.00,77.00,91.00,95.00,99.00,110.00,119.00,-21.15
liver_93,27,2153,极小(<5k),41.89,23.12,5.60,13.00,23.00,27.00,30.00,41.00,53.00,57.00,60.00,72.00,81.00,74.39,25.31,34.00,43.00,53.00,57.00,60.00,74.00,87.00,92.00,96.00,108.00,117.00,-32.50
liver_93,28,1380,极小(<5k),46.72,22.30,10.00,19.00,28.00,32.00,35.00,47.00,58.00,61.00,66.00,76.00,84.00,83.99,33.33,26.00,42.00,60.00,66.00,71.00,88.00,103.00,106.00,111.00,122.00,130.00,-37.27
liver_93,29,3678,极小(<5k),52.87,23.60,15.00,23.00,33.00,37.00,40.00,52.00,65.00,69.00,73.00,83.00,93.00,91.67,26.39,47.00,57.20,70.00,75.00,79.00,93.00,106.00,109.00,113.00,125.00,134.00,-38.80
liver_93,30,5347,小(5k-50k),58.59,24.46,18.00,27.00,38.00,42.00,46.00,59.00,72.00,75.00,80.00,90.00,98.00,86.82,25.43,44.00,55.00,67.00,71.00,75.00,87.00,100.00,103.00,107.00,119.00,128.00,-28.23
liver_94,1,7056,小(5k-50k),84.04,29.67,36.00,47.00,59.00,63.00,68.00,84.00,99.00,104.00,109.00,123.00,134.00,88.13,32.11,35.00,47.00,62.00,67.00,72.00,88.00,105.00,109.00,115.00,129.00,141.00,-4.08
liver_94,2,609,极小(<5k),83.68,35.74,27.00,38.80,52.00,58.00,64.00,83.00,102.60,111.00,117.00,132.20,143.60,105.27,40.32,39.00,54.00,72.00,79.00,84.00,105.00,126.00,132.00,138.00,156.00,173.00,-21.59
liver_94,3,11000,小(5k-50k),89.27,35.91,30.00,43.00,59.00,65.00,71.00,90.00,108.00,113.00,119.00,135.00,148.00,97.79,36.33,38.00,51.00,67.00,74.00,79.00,98.00,117.00,122.00,128.00,144.00,158.00,-8.51
liver_94,4,696,极小(<5k),86.65,32.76,33.75,47.00,59.00,65.00,70.00,87.00,104.00,109.00,113.00,128.00,140.25,98.26,34.05,43.00,56.00,70.00,75.00,80.00,97.00,116.00,121.00,127.00,142.00,154.00,-11.61
liver_94,5,583,极小(<5k),81.32,31.00,32.00,41.00,54.00,59.00,64.00,82.00,98.00,102.00,107.00,121.80,132.00,103.19,36.68,43.65,57.00,72.00,79.00,84.00,103.00,121.00,127.00,132.00,150.00,165.00,-21.87
liver_94,6,3582,极小(<5k),86.76,26.37,43.00,54.00,66.00,69.25,74.00,87.00,100.70,104.00,109.00,120.00,129.00,96.08,26.20,53.00,62.00,74.00,78.00,82.00,96.00,110.00,114.00,118.00,129.00,139.00,-9.32
liver_94,7,1184,极小(<5k),83.53,29.71,35.15,47.00,58.00,64.00,68.00,83.00,99.00,103.00,108.40,120.00,131.85,97.51,30.65,48.00,58.00,72.00,77.00,82.00,97.00,114.00,118.00,123.00,137.00,148.00,-13.98
liver_94,8,2659,极小(<5k),80.18,27.77,33.00,45.00,57.00,61.00,66.00,80.00,94.00,98.00,103.00,115.00,126.00,85.84,33.68,28.00,43.00,59.00,65.00,70.00,87.00,104.00,108.00,114.00,128.00,139.00,-5.66
liver_94,9,25689,小(5k-50k),77.97,30.84,27.00,39.00,52.00,57.00,62.00,78.00,94.00,99.00,104.00,117.00,129.00,95.03,32.57,41.00,54.00,68.00,73.00,78.00,95.00,112.00,117.00,122.00,136.00,149.00,-17.06
liver_94,10,353,极小(<5k),77.35,28.18,27.60,41.20,55.00,60.00,64.00,77.00,93.00,97.00,102.00,114.00,121.00,98.54,29.19,50.00,61.00,73.80,79.00,83.00,99.00,114.00,118.00,123.00,135.00,147.00,-21.20
liver_94,11,6591,小(5k-50k),77.30,29.10,29.00,40.00,53.00,57.00,62.00,78.00,93.00,97.00,102.00,114.00,125.00,94.37,29.93,45.85,56.00,70.00,74.00,79.00,95.00,110.00,114.00,119.00,132.00,142.15,-17.07
liver_94,12,633,极小(<5k),74.16,29.73,22.00,35.00,50.00,57.00,61.00,75.00,90.00,93.00,98.00,109.80,117.00,96.72,30.10,47.00,57.00,71.00,76.00,81.00,98.00,113.00,117.00,123.00,135.00,145.00,-22.56
liver_94,13,1364,极小(<5k),57.08,30.15,5.00,18.00,31.00,37.00,43.00,57.00,73.00,78.00,83.40,95.00,105.00,93.98,30.42,44.00,56.00,68.00,73.00,78.00,94.00,110.00,114.00,119.00,133.00,144.00,-36.89
liver_94,14,526,极小(<5k),70.18,26.10,28.00,38.00,46.00,51.00,56.50,70.00,86.00,90.00,94.00,104.00,113.00,90.28,28.52,42.00,53.00,66.00,71.00,76.00,91.00,105.00,110.00,114.00,126.00,136.00,-20.10
liver_95,1,2572,极小(<5k),18.99,22.31,-18.00,-8.00,1.00,5.00,8.00,19.00,30.00,33.00,37.00,47.00,56.00,47.89,26.89,5.00,14.00,26.00,30.00,34.00,47.00,61.00,65.00,69.00,81.00,92.00,-28.90
liver_95,2,1,极小(<5k),-13.00,0.00,-13.00,-13.00,-13.00,-13.00,-13.00,-13.00,-13.00,-13.00,-13.00,-13.00,-13.00,43.59,25.00,5.00,10.00,23.60,26.00,27.90,42.50,57.00,64.00,67.00,76.70,84.00,-56.59
liver_95,3,1,极小(<5k),35.00,0.00,35.00,35.00,35.00,35.00,35.00,35.00,35.00,35.00,35.00,35.00,35.00,41.45,23.41,6.20,10.00,22.00,26.00,28.00,41.00,54.80,56.00,65.20,75.60,80.00,-6.45
liver_95,4,1,极小(<5k),-5.00,0.00,-5.00,-5.00,-5.00,-5.00,-5.00,-5.00,-5.00,-5.00,-5.00,-5.00,-5.00,37.59,21.52,4.50,8.00,20.00,23.25,26.00,35.50,48.00,52.00,55.00,68.00,74.50,-42.59
liver_95,5,4,极小(<5k),24.50,11.80,10.10,12.20,16.40,18.50,20.60,24.50,28.40,30.50,32.60,36.80,38.90,55.75,22.67,18.35,24.40,38.40,43.00,46.00,57.50,69.00,71.00,74.60,83.30,91.25,-31.25
liver_95,6,2,极小(<5k),12.00,1.00,11.10,11.20,11.40,11.50,11.60,12.00,12.40,12.50,12.60,12.80,12.90,54.32,22.53,20.00,24.00,37.60,41.00,45.00,56.00,66.00,68.00,71.40,80.60,90.60,-42.32
liver_96,1,603,极小(<5k),74.96,27.78,30.00,39.00,51.40,56.00,61.00,77.00,90.00,94.00,98.00,108.80,120.00,114.92,27.82,70.00,79.00,90.80,95.00,100.00,115.00,129.00,133.00,138.00,150.00,161.00,-39.96
liver_96,2,915,极小(<5k),71.95,33.54,18.00,29.00,43.00,49.00,55.00,73.00,92.00,96.00,101.00,114.00,123.00,104.61,47.28,8.00,53.00,77.00,84.00,91.00,111.00,130.00,135.00,141.00,154.00,168.00,-32.66
liver_96,3,14117,小(5k-50k),78.21,38.77,15.00,30.00,47.00,53.00,58.00,77.00,98.00,103.00,110.00,128.00,143.00,100.04,38.01,38.00,51.00,69.00,75.00,80.00,100.00,119.00,125.00,131.00,148.00,163.00,-21.83
liver_96,4,219,极小(<5k),56.02,43.37,-17.00,1.80,19.60,29.00,34.40,58.00,76.60,84.00,92.00,114.20,126.20,120.86,37.73,57.00,73.00,90.00,97.00,102.00,123.00,141.00,146.00,152.00,168.00,180.00,-64.84
liver_96,5,1,极小(<5k),88.00,0.00,88.00,88.00,88.00,88.00,88.00,88.00,88.00,88.00,88.00,88.00,88.00,107.69,30.13,57.00,66.00,87.40,90.50,93.00,105.00,126.00,131.00,136.60,148.80,155.00,-19.69
liver_96,6,4628,极小(<5k),64.30,37.40,2.00,16.00,34.00,41.00,46.00,65.00,84.00,90.00,96.00,111.00,124.65,106.47,37.77,46.00,60.00,76.00,82.00,87.00,106.00,125.00,131.00,137.00,154.00,168.00,-42.17
liver_96,7,1386,极小(<5k),88.60,27.89,43.00,53.00,65.00,70.00,75.00,88.00,102.50,106.00,111.00,124.00,136.00,123.67,28.48,78.00,88.00,100.00,104.00,108.00,123.00,138.00,141.00,146.00,160.00,172.00,-35.07
liver_96,8,1,极小(<5k),91.00,0.00,91.00,91.00,91.00,91.00,91.00,91.00,91.00,91.00,91.00,91.00,91.00,89.63,28.68,42.00,47.80,62.60,69.00,75.60,91.00,103.60,107.00,110.40,126.00,138.40,1.37
liver_96,9,665,极小(<5k),85.69,36.96,18.00,38.00,54.00,62.00,68.00,89.00,106.00,110.00,115.00,129.60,144.00,125.75,38.33,64.00,77.00,94.00,99.00,106.00,126.00,145.00,151.00,157.60,174.00,190.00,-40.06
liver_96,10,146,极小(<5k),65.99,23.68,30.25,35.50,43.00,49.00,52.00,64.00,76.50,82.75,87.00,100.00,106.75,105.75,21.98,70.00,78.00,87.00,90.00,94.00,106.00,118.00,121.00,124.00,133.00,141.00,-39.76
liver_96,11,534,极小(<5k),79.34,34.89,12.65,34.00,51.60,58.00,65.00,83.50,98.10,103.00,107.00,119.00,131.00,123.03,31.66,73.00,84.00,96.00,101.00,106.00,123.00,139.00,144.00,150.00,163.00,176.00,-43.69
liver_96,12,445,极小(<5k),76.07,38.42,8.20,27.40,45.00,54.00,58.00,78.00,96.00,101.00,107.00,125.00,138.80,114.48,41.00,46.00,60.00,80.00,87.00,94.00,115.00,136.00,143.00,148.00,166.00,179.00,-38.41
liver_96,13,515,极小(<5k),70.40,47.82,-17.60,2.00,26.00,39.50,48.00,80.00,100.00,106.00,113.00,126.60,137.00,106.61,36.35,46.00,60.00,78.00,84.00,90.00,107.00,125.00,130.00,136.00,152.00,166.25,-36.21
liver_96,14,2474,极小(<5k),87.74,30.43,35.65,47.00,62.00,68.00,73.90,90.00,105.00,108.00,113.00,124.00,136.00,114.28,29.93,65.00,77.00,90.00,95.00,99.00,115.00,130.00,135.00,139.00,151.00,162.00,-26.54
liver_96,15,856,极小(<5k),83.39,34.77,22.75,40.00,57.00,62.00,67.00,83.50,101.00,108.00,114.00,128.00,139.00,113.89,39.52,48.00,64.00,82.00,88.00,94.00,114.00,134.00,140.00,146.00,164.00,179.00,-30.50
liver_96,16,98,极小(<5k),51.61,32.31,-0.80,7.40,24.40,35.00,40.00,53.00,69.80,72.00,77.60,90.00,109.00,110.36,26.47,66.00,75.00,88.00,93.00,97.00,112.00,124.00,128.00,132.00,143.00,152.00,-58.75
liver_96,17,2165,极小(<5k),67.32,33.35,9.00,24.00,40.00,47.00,51.00,69.00,85.00,90.00,96.00,109.00,118.80,105.65,35.62,47.00,63.00,78.00,85.00,90.00,108.00,124.00,129.00,134.00,148.00,159.05,-38.33
liver_96,18,352,极小(<5k),85.26,29.62,32.00,47.00,62.00,65.00,70.00,88.00,102.70,108.00,111.00,121.00,131.00,121.21,27.63,75.90,88.00,99.00,104.00,107.00,122.00,135.00,139.00,144.00,155.00,165.00,-35.95
liver_96,19,3385,极小(<5k),74.65,32.42,20.00,33.00,49.00,55.00,60.00,75.00,91.00,95.00,100.00,114.00,126.00,110.49,30.52,60.00,72.00,86.00,91.00,95.00,110.00,126.00,131.00,136.00,150.00,161.00,-35.84
liver_96,20,1001,极小(<5k),65.74,29.58,15.00,27.00,41.00,47.00,52.00,68.00,81.00,85.00,90.00,102.00,112.00,97.34,35.25,40.00,52.00,68.00,74.00,79.00,98.00,116.00,121.00,127.00,140.00,154.00,-31.60
liver_96,21,2736,极小(<5k),84.07,32.11,30.00,43.00,57.00,63.00,68.00,84.50,101.00,105.00,110.00,124.50,136.00,111.24,30.28,62.65,74.00,88.00,92.00,96.00,112.00,127.00,131.00,136.00,148.00,161.00,-27.17
liver_96,22,1523,极小(<5k),68.95,27.30,24.00,33.00,46.00,49.50,54.00,69.00,83.00,88.00,93.00,104.00,115.00,105.80,29.54,57.00,68.00,82.00,86.00,90.00,106.00,121.00,126.00,131.00,143.00,153.00,-36.85
liver_96,23,1253,极小(<5k),80.51,26.31,38.60,46.00,59.00,63.00,67.00,80.00,93.00,96.00,101.00,113.00,126.00,113.15,27.51,69.00,79.00,91.00,96.00,99.00,113.00,127.00,131.00,135.00,147.00,160.00,-32.64
liver_96,24,1,极小(<5k),84.00,0.00,84.00,84.00,84.00,84.00,84.00,84.00,84.00,84.00,84.00,84.00,84.00,108.17,30.47,65.00,69.00,83.00,89.00,91.00,103.00,124.00,131.00,134.00,150.00,164.00,-24.17
liver_96,25,94,极小(<5k),42.68,24.60,2.95,11.30,22.60,25.75,30.00,45.00,58.20,62.00,62.80,70.00,75.40,104.88,28.85,57.00,69.10,82.00,86.00,90.00,104.00,119.00,124.00,128.00,142.00,153.00,-62.20
liver_96,26,1,极小(<5k),146.00,0.00,146.00,146.00,146.00,146.00,146.00,146.00,146.00,146.00,146.00,146.00,146.00,112.05,20.19,72.95,85.80,94.80,97.50,105.00,111.00,124.30,126.00,128.40,136.00,141.05,33.95
liver_96,27,1,极小(<5k),123.00,0.00,123.00,123.00,123.00,123.00,123.00,123.00,123.00,123.00,123.00,123.00,123.00,113.00,19.85,84.00,88.20,96.00,102.50,106.00,112.00,123.00,125.00,126.60,137.60,146.50,10.00
liver_96,28,417,极小(<5k),80.82,34.22,25.80,37.00,50.00,59.00,63.00,82.00,100.00,104.00,109.00,125.00,137.20,106.96,30.92,56.40,68.00,82.00,87.00,91.40,107.00,122.00,127.00,133.00,146.00,157.00,-26.13
liver_96,29,1,极小(<5k),89.00,0.00,89.00,89.00,89.00,89.00,89.00,89.00,89.00,89.00,89.00,89.00,89.00,105.01,33.55,54.00,65.00,77.00,82.00,88.00,103.00,121.00,128.00,135.00,152.00,159.00,-16.01
liver_97,1,371,极小(<5k),53.78,30.51,6.50,15.00,25.00,31.00,35.00,55.00,72.00,76.00,81.00,92.00,104.00,97.05,41.29,26.75,43.50,60.00,68.00,75.00,98.00,121.50,127.00,132.00,149.00,163.00,-43.28
liver_97,2,115525,中等(50k-300k),70.81,39.85,7.00,21.00,37.00,44.00,49.00,70.00,91.00,97.00,104.00,122.00,138.00,112.51,39.37,45.00,62.00,81.00,88.00,94.00,114.00,134.00,139.00,145.00,161.00,174.00,-41.70
liver_97,3,72289,中等(50k-300k),68.98,40.18,4.00,18.00,35.00,42.00,48.00,69.00,89.00,96.00,102.00,121.00,136.00,111.63,39.26,46.00,62.00,80.00,87.00,92.00,112.00,132.00,138.00,144.00,161.00,175.00,-42.65
liver_97,4,42166,小(5k-50k),63.81,37.25,4.00,17.00,33.00,39.00,44.00,63.00,83.00,88.00,95.00,112.00,126.00,112.38,35.75,52.00,67.00,83.00,89.00,95.00,113.00,131.00,136.00,142.00,157.00,170.00,-48.57
liver_97,5,4,极小(<5k),97.25,21.17,67.60,74.20,87.40,94.00,100.60,107.00,109.50,110.25,111.00,112.50,113.25,115.10,25.72,74.60,80.40,93.00,95.00,101.60,112.00,130.00,133.00,137.00,147.00,159.40,-17.85
liver_97,6,2255,极小(<5k),63.59,38.03,4.00,17.00,32.00,37.00,42.00,62.00,83.00,89.00,95.00,112.00,128.30,122.11,36.48,63.00,77.00,92.00,98.00,103.00,122.00,140.00,146.00,152.00,167.00,183.00,-58.53
liver_97,7,17481,小(5k-50k),71.13,35.78,13.00,25.00,41.00,47.00,52.00,71.00,90.00,95.00,101.00,117.00,130.00,107.49,37.48,42.00,60.00,79.00,86.00,91.00,110.00,128.00,132.00,138.00,151.00,164.00,-36.36
liver_97,8,684,极小(<5k),64.19,34.59,10.15,20.00,34.00,39.00,45.90,63.00,81.00,85.00,93.00,109.00,122.00,114.05,34.28,57.00,72.00,87.00,92.00,97.00,114.00,132.00,136.00,142.00,157.00,169.00,-49.86
liver_97,9,179463,中等(50k-300k),64.67,36.65,6.00,18.00,34.00,40.00,45.00,64.00,83.00,89.00,95.00,112.00,126.00,108.48,35.19,50.00,64.00,80.00,86.00,92.00,109.00,126.00,131.00,137.00,152.00,165.00,-43.81
liver_97,10,218173,中等(50k-300k),66.26,36.85,7.00,20.00,35.00,41.00,47.00,66.00,85.00,91.00,97.00,114.00,128.00,102.87,36.04,41.00,57.00,74.00,80.00,86.00,104.00,122.00,127.00,132.00,147.00,159.00,-36.61
liver_97,11,2153,极小(<5k),94.06,39.26,30.00,44.00,60.00,66.00,72.00,93.00,115.40,122.00,129.00,146.00,159.00,104.48,41.53,36.00,52.00,70.00,77.00,83.00,106.00,126.00,131.00,138.00,156.00,172.00,-10.42
liver_97,12,73769,中等(50k-300k),73.69,35.48,17.00,28.00,43.00,49.00,54.00,73.00,93.00,98.00,104.00,119.00,133.00,108.34,32.55,54.00,68.00,83.00,88.00,93.00,109.00,125.00,130.00,135.00,148.00,160.00,-34.65
liver_97,13,977,极小(<5k),59.78,32.83,2.00,18.00,34.00,39.00,45.00,61.00,77.00,82.00,86.80,97.00,111.00,93.11,35.95,32.00,46.00,63.00,69.00,75.00,93.50,112.00,117.00,124.00,138.00,152.00,-33.33
liver_98,1,61088,中等(50k-300k),73.61,28.85,26.00,36.00,50.00,54.00,59.00,74.00,89.00,93.00,98.00,110.00,120.00,119.11,33.78,65.05,78.00,92.00,98.00,102.00,119.00,135.00,140.00,146.00,161.00,175.00,-45.50
liver_98,2,21739,小(5k-50k),70.20,32.76,15.00,28.00,43.00,49.00,54.00,71.00,87.00,92.00,97.00,111.20,123.00,110.34,36.36,50.00,64.00,80.00,87.00,92.00,111.00,129.00,135.00,140.00,156.00,169.00,-40.14
liver_98,3,814,极小(<5k),82.52,27.26,37.00,48.00,59.00,64.00,68.00,82.00,97.00,100.00,104.00,116.00,128.35,127.68,27.45,82.00,93.00,105.00,109.00,113.00,127.00,142.00,146.00,151.00,163.00,172.00,-45.16
liver_98,4,461031,大(>=300k),76.01,34.20,20.00,33.00,48.00,53.00,58.00,76.00,93.00,98.00,104.00,120.00,132.00,113.35,38.95,49.00,66.00,83.00,90.00,96.00,115.00,133.00,138.00,144.00,160.00,174.00,-37.33
liver_98,5,457,极小(<5k),30.67,33.46,-21.00,-14.00,1.20,7.00,10.00,29.00,52.00,56.00,60.00,74.00,85.00,121.58,28.17,75.00,86.00,98.00,103.00,108.00,122.00,136.00,140.00,144.00,157.00,167.00,-90.91
liver_98,6,14353,小(5k-50k),51.96,34.02,-4.00,8.00,23.00,29.00,34.00,52.00,70.00,75.00,80.60,96.00,108.00,114.56,34.06,60.00,71.00,86.00,91.00,96.00,114.00,132.00,137.00,143.00,158.00,171.00,-62.60
liver_98,7,2227,极小(<5k),77.42,25.79,33.00,44.00,56.00,61.00,64.00,79.00,92.00,95.00,99.00,110.00,119.00,123.64,30.04,76.00,89.00,101.00,106.00,110.00,124.50,139.00,143.00,148.00,160.00,169.00,-46.21
liver_98,8,22239,小(5k-50k),56.72,36.77,-5.00,9.00,26.00,32.00,38.00,58.00,77.00,82.00,88.00,103.00,115.00,118.87,36.10,61.00,74.00,89.00,95.00,100.00,118.00,137.00,142.00,148.00,165.00,179.00,-62.15
liver_98,9,1024,极小(<5k),80.12,28.63,32.00,44.00,58.60,63.00,66.00,81.00,94.00,98.00,103.00,116.70,128.00,130.02,40.58,69.20,81.00,97.00,103.00,108.00,127.00,147.00,153.00,160.00,181.00,204.00,-49.89
liver_98,10,347,极小(<5k),86.71,24.44,43.00,55.00,68.00,71.50,76.00,87.00,100.00,103.00,106.00,118.00,127.00,131.99,25.82,90.00,100.00,110.00,114.00,118.00,131.00,145.00,149.00,155.00,165.00,173.00,-45.28
liver_98,11,395,极小(<5k),80.51,22.40,44.00,51.00,62.00,66.00,70.00,80.00,92.00,95.00,99.00,109.60,115.00,125.30,25.14,85.00,93.00,104.00,109.00,112.00,124.00,138.00,142.00,146.00,158.00,167.00,-44.79
liver_98,12,20201,小(5k-50k),74.31,25.86,32.00,41.00,53.00,57.00,61.00,75.00,88.00,92.00,96.00,108.00,117.00,122.85,29.66,76.00,86.00,99.00,103.00,108.00,123.00,138.00,142.00,146.00,159.00,171.00,-48.54
liver_98,13,409,极小(<5k),88.65,22.87,50.00,56.80,70.00,74.00,77.00,89.00,101.00,105.00,108.40,118.00,128.00,127.68,23.68,90.00,98.00,108.00,112.00,115.00,127.00,139.00,143.00,146.00,158.00,167.80,-39.03
liver_98,14,486,极小(<5k),91.33,21.84,54.50,64.00,73.00,76.00,80.00,93.00,102.00,105.00,108.00,117.00,127.75,132.46,25.67,93.00,101.00,111.00,115.00,118.00,132.00,145.00,149.00,154.00,165.00,176.00,-41.13
liver_98,15,460,极小(<5k),85.04,25.38,40.95,52.90,65.00,69.00,72.70,85.00,99.00,103.00,106.20,114.10,124.05,131.71,28.08,84.00,96.00,108.00,113.00,117.00,132.00,147.00,151.00,156.00,168.00,178.00,-46.66
liver_98,16,435,极小(<5k),81.34,25.62,39.70,50.00,60.00,64.00,69.00,81.00,95.80,100.00,104.00,114.00,121.30,134.62,30.96,87.00,97.00,108.00,113.00,118.00,133.00,150.00,154.00,160.00,175.00,187.00,-53.27
liver_98,17,934,极小(<5k),74.40,24.74,32.00,43.00,54.00,59.00,62.00,75.00,88.10,92.00,95.00,105.00,112.35,128.31,26.64,85.00,95.00,106.00,111.00,114.00,128.00,141.00,145.00,150.00,162.00,172.60,-53.90
liver_99,1,751,极小(<5k),65.79,45.83,1.00,11.00,27.00,33.00,38.00,58.00,85.00,96.00,105.00,133.00,151.00,145.10,34.74,87.00,103.00,120.80,127.00,132.00,148.00,163.00,167.00,172.00,185.00,195.30,-79.31
liver_99,2,3282,极小(<5k),61.94,44.12,-4.00,11.00,26.00,32.00,38.00,58.00,82.00,89.00,99.00,123.00,140.00,137.97,54.58,19.00,93.00,119.00,126.00,130.00,148.00,164.00,168.00,173.00,186.00,196.00,-76.04
liver_99,3,683,极小(<5k),55.65,47.39,-19.00,-4.00,12.40,22.50,31.00,51.00,80.00,89.00,99.00,121.80,139.00,145.69,33.50,87.25,104.00,121.00,127.00,132.00,148.00,163.00,168.00,173.00,186.00,196.00,-90.05
liver_99,4,26,极小(<5k),82.31,52.64,13.50,19.50,32.00,45.50,49.50,80.50,113.00,116.75,135.00,153.00,166.75,136.62,40.10,70.75,89.00,108.00,115.00,120.00,140.00,159.00,163.00,169.00,185.00,194.25,-54.31
liver_99,5,340,极小(<5k),71.82,44.08,-2.00,17.90,35.80,42.00,46.00,69.50,99.00,103.00,109.20,129.10,141.05,144.96,32.17,93.00,105.00,118.00,124.00,129.00,145.00,161.00,166.00,171.00,186.00,199.95,-73.13
liver_99,6,3802,极小(<5k),31.23,48.46,-42.00,-27.00,-8.00,-1.00,5.00,26.00,52.00,60.00,70.00,98.00,117.00,141.03,49.67,63.05,82.00,101.00,109.00,115.00,138.00,162.00,170.00,179.00,205.90,233.00,-109.80
liver_99,7,114,极小(<5k),70.05,48.56,-7.70,2.00,28.80,34.25,41.90,73.00,101.60,108.75,111.40,130.00,152.00,147.85,33.89,92.00,109.00,126.00,131.00,136.00,151.00,166.00,170.00,174.00,186.00,195.00,-77.80
liver_99,8,160,极小(<5k),75.98,51.32,-4.00,9.50,28.00,37.00,41.00,75.50,104.60,113.00,118.00,145.20,162.10,156.26,60.12,66.00,88.00,110.00,118.00,126.00,152.00,181.00,191.25,202.00,241.00,265.00,-80.28
liver_99,9,325,极小(<5k),52.44,47.54,-16.00,-4.00,5.80,17.00,24.20,48.00,74.80,85.00,92.20,118.00,132.80,132.76,46.85,37.75,76.00,110.00,119.00,125.00,141.00,156.00,160.00,166.00,179.00,190.00,-80.32
liver_99,10,314,极小(<5k),102.63,54.85,16.00,32.30,55.60,64.25,72.00,100.00,133.10,142.00,149.40,171.70,194.35,153.62,37.26,96.00,109.00,123.00,128.00,135.00,151.00,169.00,175.00,183.00,201.00,219.00,-50.98
liver_99,11,1663,极小(<5k),47.45,49.27,-25.90,-14.00,6.00,13.00,20.00,42.00,70.00,80.00,90.60,115.00,135.00,124.07,53.71,15.25,68.00,97.00,105.00,111.00,131.00,150.00,156.00,163.00,178.00,193.75,-76.62
liver_99,12,502,极小(<5k),67.45,48.12,-8.00,6.00,21.40,34.00,42.00,68.00,93.70,101.75,106.00,129.90,145.00,155.57,42.16,96.25,108.00,121.00,126.00,131.00,150.50,172.00,178.00,185.00,212.00,235.75,-88.12
liver_99,13,291,极小(<5k),100.18,40.53,35.00,50.00,62.00,70.00,74.00,98.00,121.00,127.00,137.00,156.00,166.50,149.93,27.87,106.00,115.00,127.00,131.00,135.00,149.00,164.00,168.00,173.00,185.00,196.00,-49.75
